ISO-10303-21;
HEADER;
FILE_DESCRIPTION(('ViewDefinition[ReferenceView_V1.2]'),'2;1');
FILE_NAME('0a055aac-602e-4c76-b841-69757cc4a33c.ifc','2026-09-01T21:17:28+00:00',('Leeable Partee'),('Architects Without Ballpens'),'IfcOpenShell 0.8.5','IfcOpenShell - IfcOpenShell - 0.8.5','none');
FILE_SCHEMA(('IFC4X3_ADD2'));
ENDSEC;
DATA;
#1=IFCPERSON('LPARTEE','Partee','Leeable',$,$,$,$,$);
#2=IFCORGANIZATION('AWB','Architects Without Ballpens',$,$,$);
#3=IFCPERSONANDORGANIZATION(#1,#2,$);
#4=IFCACTORROLE(.USERDEFINED.,'CONTRIBUTOR',$);
#5=IFCORGANIZATION('IfcOpenShell','IfcOpenShell','IfcOpenShell is an open source software library that helps users and software developers to work with IFC data.',(#4),$);
#6=IFCACTOR('2wouVb$v5CWANs$4fxdUFp',$,$,$,$,#5);
#7=IFCPROPERTYSET('1CAAdV3JL2K9e3rQvAnCNm',$,'PEnum_AddressType',$,(#9,#10,#11));
#8=IFCRELDEFINESBYPROPERTIES('0uQxwgxon8y8Xtslj6A$Ig',$,$,$,(#6),#7);
#9=IFCPROPERTYSINGLEVALUE('Purpose',$,IFCLABEL('OTHER'),$);
#10=IFCPROPERTYSINGLEVALUE('UserDefinedPurpose',$,IFCLABEL('WEBPAGE'),$);
#11=IFCPROPERTYSINGLEVALUE('WWWHomePageURL',$,IFCLABEL('https://ifcopenshell.org'),$);
#12=IFCAPPLICATION(#5,'0.8.5','IfcOpenShell','IfcOpenShell');
#13=IFCOWNERHISTORY(#3,#12,.READWRITE.,.ADDED.,1788297448,#3,#12,1788297448);
#14=IFCPROJECT('3mR9iKq9D0JxRk5laQ7qFd',#13,'Alchemy Auto BIM Layout',$,$,$,$,(#19),#39);
#15=IFCCARTESIANPOINT((0.,0.,0.));
#16=IFCDIRECTION((0.,0.,1.));
#17=IFCDIRECTION((1.,0.,0.));
#18=IFCAXIS2PLACEMENT3D(#15,#16,#17);
#19=IFCGEOMETRICREPRESENTATIONCONTEXT($,'Model',3,0.0001,#18,$);
#20=IFCGEOMETRICREPRESENTATIONSUBCONTEXT('Body','Model',*,*,*,*,#19,$,.MODEL_VIEW.,$);
#21=IFCSIUNIT(*,.LENGTHUNIT.,$,.METRE.);
#22=IFCSIUNIT(*,.MASSUNIT.,.KILO.,.GRAM.);
#23=IFCSIUNIT(*,.TIMEUNIT.,$,.SECOND.);
#24=IFCSIUNIT(*,.PLANEANGLEUNIT.,$,.RADIAN.);
#25=IFCSIUNIT(*,.AREAUNIT.,$,.SQUARE_METRE.);
#26=IFCSIUNIT(*,.VOLUMEUNIT.,$,.CUBIC_METRE.);
#27=IFCSIUNIT(*,.FORCEUNIT.,$,.NEWTON.);
#28=IFCSIUNIT(*,.PRESSUREUNIT.,$,.PASCAL.);
#29=IFCSIUNIT(*,.POWERUNIT.,$,.WATT.);
#30=IFCSIUNIT(*,.THERMODYNAMICTEMPERATUREUNIT.,$,.KELVIN.);
#31=IFCDERIVEDUNITELEMENT(#22,1);
#32=IFCDERIVEDUNITELEMENT(#21,-3);
#33=IFCDERIVEDUNIT((#31,#32),.MASSDENSITYUNIT.,$,$);
#34=IFCDERIVEDUNITELEMENT(#27,1);
#35=IFCDERIVEDUNITELEMENT(#21,-2);
#36=IFCDERIVEDUNIT((#34,#35),.MODULUSOFELASTICITYUNIT.,$,$);
#37=IFCDERIVEDUNITELEMENT(#30,-1);
#38=IFCDERIVEDUNIT((#37),.THERMALEXPANSIONCOEFFICIENTUNIT.,$,$);
#39=IFCUNITASSIGNMENT((#38,#25,#21,#30,#33,#28,#23,#26,#29,#24,#27,#22,#36));
#40=IFCOWNERHISTORY(#3,#12,.READWRITE.,.ADDED.,1788297448,#3,#12,1788297448);
#41=IFCSITE('3wpIAPEev65AJXibgzVrx4',#40,'Site',$,$,#42,$,$,$,$,$,$,$,$);
#42=IFCLOCALPLACEMENT($,#46);
#43=IFCCARTESIANPOINT((0.,0.,0.));
#44=IFCDIRECTION((0.,0.,1.));
#45=IFCDIRECTION((1.,0.,0.));
#46=IFCAXIS2PLACEMENT3D(#43,#44,#45);
#47=IFCOWNERHISTORY(#3,#12,.READWRITE.,.ADDED.,1788297448,#3,#12,1788297448);
#48=IFCRELAGGREGATES('0EQuhdMbnFnxZZP3GFhHlR',#47,$,$,#14,(#41));
#49=IFCOWNERHISTORY(#3,#12,.READWRITE.,.ADDED.,1788297448,#3,#12,1788297448);
#50=IFCBUILDING('3Zwpbzebv2zOlAHzsO0mPi',#49,'Building',$,'REACTOR_CONTAINMENT',#51,$,$,$,$,$,$);
#51=IFCLOCALPLACEMENT(#42,#55);
#52=IFCCARTESIANPOINT((50.,50.,0.));
#53=IFCDIRECTION((0.,0.,1.));
#54=IFCDIRECTION((1.,0.,0.));
#55=IFCAXIS2PLACEMENT3D(#52,#53,#54);
#56=IFCOWNERHISTORY(#3,#12,.READWRITE.,.ADDED.,1788297448,#3,#12,1788297448);
#57=IFCRELAGGREGATES('3cQLifVfTDgPmDgJzdlN3Y',#56,$,$,#41,(#50));
#58=IFCOWNERHISTORY(#3,#12,.READWRITE.,.ADDED.,1788297448,#3,#12,1788297448);
#59=IFCBUILDINGSTOREY('10CBOTGFn3l9aVKtumH$7b',#58,'Ground Floor',$,$,#60,$,$,$,$);
#60=IFCLOCALPLACEMENT(#51,#64);
#61=IFCCARTESIANPOINT((0.,0.,0.));
#62=IFCDIRECTION((0.,0.,1.));
#63=IFCDIRECTION((1.,0.,0.));
#64=IFCAXIS2PLACEMENT3D(#61,#62,#63);
#65=IFCOWNERHISTORY(#3,#12,.READWRITE.,.ADDED.,1788297448,#3,#12,1788297448);
#66=IFCRELAGGREGATES('1de1kHN0D6Qw0uqLYCk5fK',#65,$,$,#50,(#59));
#67=IFCOWNERHISTORY(#3,#12,.READWRITE.,.MODIFIED.,1788297448,#3,#12,1788297448);
#68=IFCPUMPTYPE('2exU95oGj0LOgUy7McR5yR',#67,'ReactorCoolantPump Type',$,$,(#104),(#102),$,$,.NOTDEFINED.);
#69=IFCOWNERHISTORY(#3,#12,.READWRITE.,.MODIFIED.,1788297455,#3,#12,1788297448);
#70=IFCRELDECLARES('0c2ud1c6z9oRC7FUiHcNjz',#69,$,$,#14,(#1641,#601,#336,#483,#603,#68,#517,#1647,#546,#148));
#95=IFCCARTESIANPOINTLIST3D(((0.30753788352012634,0.30753788352012634,0.5),(0.176956906914711,0.46665126085281372,0.5),(0.46665126085281372,0.176956906914711,0.5),(0.64818239212036133,0.079926490783691406,0.5),(0.30753788352012634,0.30753788352012634,2.9000000953674316),(0.176956906914711,0.46665126085281372,2.9000000953674316),(0.46665126085281372,0.176956906914711,2.9000000953674316),(0.64818239212036133,0.079926490783691406,2.9000000953674316),(0.51966989040374756,0.51966989040374756,2.9000000953674316),(0.63332229852676392,0.42639780044555664,2.9000000953674316),(0.079926490783691406,0.64818239212036133,0.5),(0.020175455138087273,0.84515517950057983,0.5),(0.079926490783691406,0.64818239212036133,2.9000000953674316),(0.020175455138087273,0.84515517950057983,2.9000000953674316),(0.31441104412078857,0.90368223190307617,2.9000000953674316),(0.42639780044555664,0.63332229852676392,2.9000000953674316),(0.35709035396575928,0.76298743486404419,2.9000000953674316),(0.84515517950057983,0.020175455138087273,0.5),(1.0499999523162842,0.,0.5),(1.2548447847366333,0.020175455138087273,0.5),(0.84515517950057983,0.020175455138087273,2.9000000953674316),(0.76298743486404419,0.35709035396575928,2.9000000953674316),(0.90368223190307617,0.31441104412078857,2.9000000953674316),(1.0499999523162842,0.,2.9000000953674316),(1.2548447847366333,0.020175455138087273,2.9000000953674316),(1.0499999523162842,0.30000001192092896,2.9000000953674316),(1.1963177919387817,0.31441104412078857,2.9000000953674316),(0.79593312740325928,0.94476205110549927,0.),(0.78028404712677002,0.99635016918182373,0.),(0.79593312740325928,0.94476205110549927,0.5),(0.78028404712677002,0.99635016918182373,0.5),(0.82134586572647095,0.89721816778182983,0.),(0.85554563999176025,0.85554563999176025,0.),(0.89721816778182983,0.82134586572647095,0.),(0.94476205110549927,0.79593312740325928,0.),(0.82134586572647095,0.89721816778182983,0.5),(0.85554563999176025,0.85554563999176025,0.5),(0.89721816778182983,0.82134586572647095,0.5),(0.94476205110549927,0.79593312740325928,0.5),(0.99635016918182373,0.78028404712677002,0.),(1.0499999523162842,0.77499997615814209,0.),(1.1036498546600342,0.78028404712677002,0.),(0.99635016918182373,0.78028404712677002,0.5),(1.0499999523162842,0.77499997615814209,0.5),(1.1036498546600342,0.78028404712677002,0.5),(1.1552379131317139,0.79593312740325928,0.),(1.2027817964553833,0.82134586572647095,0.),(1.2444543838500977,0.85554563999176025,0.),(1.2786540985107422,0.89721816778182983,0.),(1.1552379131317139,0.79593312740325928,0.5),(1.2027817964553833,0.82134586572647095,0.5),(1.2444543838500977,0.85554563999176025,0.5),(1.2786540985107422,0.89721816778182983,0.5),(0.51966989040374756,0.51966989040374756,6.9000000953674316),(0.63332229852676392,0.42639780044555664,6.9000000953674316),(0.31441104412078857,0.90368223190307617,6.9000000953674316),(0.42639780044555664,0.63332229852676392,6.9000000953674316),(0.35709035396575928,0.76298743486404419,6.9000000953674316),(0.76298743486404419,0.35709035396575928,6.9000000953674316),(0.90368223190307617,0.31441104412078857,6.9000000953674316),(1.0499999523162842,0.30000001192092896,6.9000000953674316),(1.1963177919387817,0.31441104412078857,6.9000000953674316),(0.,1.0499999523162842,0.5),(0.020175455138087273,1.2548447847366333,0.5),(0.079926490783691406,1.4518176317214966,0.5),(0.,1.0499999523162842,2.9000000953674316),(0.020175455138087273,1.2548447847366333,2.9000000953674316),(0.30000001192092896,1.0499999523162842,2.9000000953674316),(0.31441104412078857,1.1963177919387817,2.9000000953674316),(0.079926490783691406,1.4518176317214966,2.9000000953674316),(0.35709035396575928,1.3370125293731689,2.9000000953674316),(0.42639780044555664,1.4666776657104492,2.9000000953674316),(0.176956906914711,1.6333487033843994,0.5),(0.30753788352012634,1.7924621105194092,0.5),(0.46665126085281372,1.9230431318283081,0.5),(0.64818239212036133,2.020073413848877,0.5),(0.176956906914711,1.6333487033843994,2.9000000953674316),(0.30753788352012634,1.7924621105194092,2.9000000953674316),(0.51966989040374756,1.5803301334381104,2.9000000953674316),(0.63332229852676392,1.6736022233963013,2.9000000953674316),(0.46665126085281372,1.9230431318283081,2.9000000953674316),(0.64818239212036133,2.020073413848877,2.9000000953674316),(0.77499997615814209,1.0499999523162842,0.),(0.78028404712677002,1.1036498546600342,0.),(0.79593312740325928,1.1552379131317139,0.),(0.77499997615814209,1.0499999523162842,0.5),(0.78028404712677002,1.1036498546600342,0.5),(0.79593312740325928,1.1552379131317139,0.5),(0.82134586572647095,1.2027817964553833,0.),(0.85554563999176025,1.2444543838500977,0.),(0.89721816778182983,1.2786540985107422,0.),(0.94476205110549927,1.3040668964385986,0.),(0.82134586572647095,1.2027817964553833,0.5),(0.85554563999176025,1.2444543838500977,0.5),(0.89721816778182983,1.2786540985107422,0.5),(0.94476205110549927,1.3040668964385986,0.5),(1.0499999523162842,1.0499999523162842,0.),(1.1552379131317139,1.3040668964385986,0.),(1.2027817964553833,1.2786540985107422,0.),(1.2444543838500977,1.2444543838500977,0.),(1.2786540985107422,1.2027817964553833,0.),(1.1552379131317139,1.3040668964385986,0.5),(1.2027817964553833,1.2786540985107422,0.5),(1.2444543838500977,1.2444543838500977,0.5),(1.2786540985107422,1.2027817964553833,0.5),(0.99635016918182373,1.3197159767150879,0.),(1.0499999523162842,1.3250000476837158,0.),(1.1036498546600342,1.3197159767150879,0.),(0.99635016918182373,1.3197159767150879,0.5),(1.0499999523162842,1.3250000476837158,0.5),(1.1036498546600342,1.3197159767150879,0.5),(0.84515517950057983,2.0798244476318359,0.5),(1.0499999523162842,2.0999999046325684,0.5),(1.2548447847366333,2.0798244476318359,0.5),(0.76298743486404419,1.7429096698760986,2.9000000953674316),(0.90368223190307617,1.7855889797210693,2.9000000953674316),(0.84515517950057983,2.0798244476318359,2.9000000953674316),(1.0499999523162842,1.7999999523162842,2.9000000953674316),(1.1963177919387817,1.7855889797210693,2.9000000953674316),(1.0499999523162842,2.0999999046325684,2.9000000953674316),(1.2548447847366333,2.0798244476318359,2.9000000953674316),(0.30000001192092896,1.0499999523162842,6.9000000953674316),(0.31441104412078857,1.1963177919387817,6.9000000953674316),(0.35709035396575928,1.3370125293731689,6.9000000953674316),(0.42639780044555664,1.4666776657104492,6.9000000953674316),(0.51966989040374756,1.5803301334381104,6.9000000953674316),(0.63332229852676392,1.6736022233963013,6.9000000953674316),(1.0499999523162842,1.0499999523162842,6.9000000953674316),(0.76298743486404419,1.7429096698760986,6.9000000953674316),(0.90368223190307617,1.7855889797210693,6.9000000953674316),(1.0499999523162842,1.7999999523162842,6.9000000953674316),(1.1963177919387817,1.7855889797210693,6.9000000953674316),(1.4518176317214966,0.079926490783691406,0.5),(1.6333487033843994,0.176956906914711,0.5),(1.7924621105194092,0.30753788352012634,0.5),(1.9230431318283081,0.46665126085281372,0.5),(1.4518176317214966,0.079926490783691406,2.9000000953674316),(1.3370125293731689,0.35709035396575928,2.9000000953674316),(1.4666776657104492,0.42639780044555664,2.9000000953674316),(1.5803301334381104,0.51966989040374756,2.9000000953674316),(1.6333487033843994,0.176956906914711,2.9000000953674316),(1.7924621105194092,0.30753788352012634,2.9000000953674316),(1.9230431318283081,0.46665126085281372,2.9000000953674316),(1.3040668964385986,0.94476205110549927,0.),(1.3197159767150879,0.99635016918182373,0.),(1.3040668964385986,0.94476205110549927,0.5),(1.3197159767150879,0.99635016918182373,0.5),(1.6736022233963013,0.63332229852676392,2.9000000953674316),(1.7429096698760986,0.76298743486404419,2.9000000953674316),(1.7855889797210693,0.90368223190307617,2.9000000953674316),(2.020073413848877,0.64818239212036133,0.5),(2.0601460933685303,0.78028404712677002,0.94635015726089478),(2.0585432052612305,0.77499997615814209,1.),(2.0601460933685303,0.78028404712677002,1.0536497831344604),(2.0798244476318359,0.84515517950057983,0.5),(2.0726020336151123,0.82134586572647095,0.84721821546554565),(2.0798244476318359,0.84515517950057983,0.81820642948150635),(2.0808477401733398,0.85554563999176025,0.8055456280708313),(2.0849521160125732,0.89721816778182983,0.77134585380554199),(2.089634895324707,0.94476205110549927,0.74593311548233032),(2.0947158336639404,0.99635016918182373,0.73028403520584106),(2.0648930072784424,0.79593312740325928,0.89476203918457031),(2.0648930072784424,0.79593312740325928,1.1052379608154297),(2.0726020336151123,0.82134586572647095,1.1527818441390991),(2.0798244476318359,0.84515517950057983,1.1817935705184937),(2.0808477401733398,0.85554563999176025,1.1944543123245239),(2.0849521160125732,0.89721816778182983,1.228654146194458),(2.089634895324707,0.94476205110549927,1.2540668249130249),(2.0947158336639404,0.99635016918182373,1.2697159051895142),(2.5999999046325684,0.78028404712677002,0.94635015726089478),(2.5999999046325684,0.77499997615814209,1.),(2.5999999046325684,0.78028404712677002,1.0536497831344604),(2.5999999046325684,0.82134586572647095,0.84721821546554565),(2.5999999046325684,0.85554563999176025,0.8055456280708313),(2.5999999046325684,0.89721816778182983,0.77134585380554199),(2.5999999046325684,0.94476205110549927,0.74593311548233032),(2.5999999046325684,0.99635016918182373,0.73028403520584106),(2.5999999046325684,0.79593312740325928,0.89476203918457031),(2.5999999046325684,0.79593312740325928,1.1052379608154297),(2.5999999046325684,0.82134586572647095,1.1527818441390991),(2.5999999046325684,0.85554563999176025,1.1944543123245239),(2.5999999046325684,0.89721816778182983,1.228654146194458),(2.5999999046325684,0.94476205110549927,1.2540668249130249),(2.5999999046325684,0.99635016918182373,1.2697159051895142),(2.020073413848877,0.64818239212036133,2.9000000953674316),(2.0798244476318359,0.84515517950057983,2.9000000953674316),(1.3370125293731689,0.35709035396575928,6.9000000953674316),(1.4666776657104492,0.42639780044555664,6.9000000953674316),(1.5803301334381104,0.51966989040374756,6.9000000953674316),(1.6736022233963013,0.63332229852676392,6.9000000953674316),(1.7429096698760986,0.76298743486404419,6.9000000953674316),(1.7855889797210693,0.90368223190307617,6.9000000953674316),(1.3250000476837158,1.0499999523162842,0.),(1.3197159767150879,1.1036498546600342,0.),(1.3040668964385986,1.1552379131317139,0.),(1.3250000476837158,1.0499999523162842,0.5),(1.3197159767150879,1.1036498546600342,0.5),(1.3040668964385986,1.1552379131317139,0.5),(1.7855889797210693,1.1963177919387817,2.9000000953674316),(1.7999999523162842,1.0499999523162842,2.9000000953674316),(1.7429096698760986,1.3370125293731689,2.9000000953674316),(1.6736022233963013,1.4666776657104492,2.9000000953674316),(1.4518176317214966,2.020073413848877,0.5),(1.9230431318283081,1.6333487033843994,0.5),(1.7924621105194092,1.7924621105194092,0.5),(1.6333487033843994,1.9230431318283081,0.5),(1.3370125293731689,1.7429096698760986,2.9000000953674316),(1.4666776657104492,1.6736022233963013,2.9000000953674316),(1.5803301334381104,1.5803301334381104,2.9000000953674316),(1.4518176317214966,2.020073413848877,2.9000000953674316),(1.9230431318283081,1.6333487033843994,2.9000000953674316),(1.7924621105194092,1.7924621105194092,2.9000000953674316),(1.6333487033843994,1.9230431318283081,2.9000000953674316),(2.0999999046325684,1.0499999523162842,0.5),(2.0999999046325684,1.0499999523162842,0.72500002384185791),(2.0947158336639404,1.1036498546600342,0.73028403520584106),(2.089634895324707,1.1552379131317139,0.74593311548233032),(2.0849521160125732,1.2027817964553833,0.77134585380554199),(2.0808477401733398,1.2444543838500977,0.8055456280708313),(2.0798244476318359,1.2548447847366333,0.5),(2.0798244476318359,1.2548447847366333,0.81820642948150635),(2.0726020336151123,1.2786540985107422,0.84721821546554565),(2.0999999046325684,1.0499999523162842,1.2749999761581421),(2.0947158336639404,1.1036498546600342,1.2697159051895142),(2.089634895324707,1.1552379131317139,1.2540668249130249),(2.0849521160125732,1.2027817964553833,1.228654146194458),(2.0808477401733398,1.2444543838500977,1.1944543123245239),(2.0648930072784424,1.3040668964385986,0.89476203918457031),(2.0648930072784424,1.3040668964385986,1.1052379608154297),(2.0798244476318359,1.2548447847366333,1.1817935705184937),(2.0726020336151123,1.2786540985107422,1.1527818441390991),(2.020073413848877,1.4518176317214966,0.5),(2.0601460933685303,1.3197159767150879,0.94635015726089478),(2.0585432052612305,1.3250000476837158,1.),(2.0601460933685303,1.3197159767150879,1.0536497831344604),(2.5999999046325684,1.0499999523162842,0.72500002384185791),(2.5999999046325684,1.1036498546600342,0.73028403520584106),(2.5999999046325684,1.1552379131317139,0.74593311548233032),(2.5999999046325684,1.2027817964553833,0.77134585380554199),(2.5999999046325684,1.2444543838500977,0.8055456280708313),(2.5999999046325684,1.2786540985107422,0.84721821546554565),(2.5999999046325684,1.0499999523162842,1.),(2.5999999046325684,1.0499999523162842,1.2749999761581421),(2.5999999046325684,1.1036498546600342,1.2697159051895142),(2.5999999046325684,1.1552379131317139,1.2540668249130249),(2.5999999046325684,1.2027817964553833,1.228654146194458),(2.5999999046325684,1.2444543838500977,1.1944543123245239),(2.5999999046325684,1.3040668964385986,0.89476203918457031),(2.5999999046325684,1.2786540985107422,1.1527818441390991),(2.5999999046325684,1.3040668964385986,1.1052379608154297),(2.5999999046325684,1.3197159767150879,0.94635015726089478),(2.5999999046325684,1.3250000476837158,1.),(2.5999999046325684,1.3197159767150879,1.0536497831344604),(2.0999999046325684,1.0499999523162842,2.9000000953674316),(2.0798244476318359,1.2548447847366333,2.9000000953674316),(2.020073413848877,1.4518176317214966,2.9000000953674316),(1.7855889797210693,1.1963177919387817,6.9000000953674316),(1.7999999523162842,1.0499999523162842,6.9000000953674316),(1.7429096698760986,1.3370125293731689,6.9000000953674316),(1.6736022233963013,1.4666776657104492,6.9000000953674316),(1.3370125293731689,1.7429096698760986,6.9000000953674316),(1.4666776657104492,1.6736022233963013,6.9000000953674316),(1.5803301334381104,1.5803301334381104,6.9000000953674316)),$);
#96=IFCTRIANGULATEDFACESET(#95,$,.T.,((2,1,6),(3,4,7),(3,1,38),(3,5,1),(1,5,6),(3,7,5),(7,4,8),(7,8,10),(7,9,5),(6,5,9),(7,10,9),(2,13,11),(11,14,12),(11,12,30),(12,63,86),(12,66,63),(2,36,1),(2,11,36),(11,30,36),(12,86,31),(12,31,30),(2,6,13),(11,13,14),(6,17,13),(6,16,17),(13,17,15),(12,14,66),(13,15,14),(14,68,66),(14,15,68),(6,9,16),(4,18,8),(18,19,21),(3,39,4),(4,39,18),(19,20,24),(18,44,19),(19,44,20),(20,45,133),(18,21,8),(8,21,23),(8,23,22),(21,24,23),(8,22,10),(21,19,24),(20,25,24),(24,25,26),(23,24,26),(25,27,26),(3,38,39),(1,36,37),(1,37,38),(18,39,43),(18,43,44),(32,30,28),(29,28,31),(31,28,30),(29,86,83),(29,31,86),(34,37,33),(34,38,37),(32,33,36),(33,37,36),(32,36,30),(34,35,38),(40,39,35),(38,35,39),(34,33,97),(34,97,35),(32,28,97),(29,97,28),(29,83,97),(32,97,33),(20,44,45),(40,41,43),(40,43,39),(43,41,44),(41,42,44),(42,46,45),(42,45,44),(133,45,50),(40,35,97),(40,97,41),(41,97,42),(42,97,46),(46,97,47),(46,47,50),(47,48,51),(45,46,50),(50,47,51),(47,97,48),(48,52,51),(48,49,52),(49,144,53),(49,53,52),(48,97,49),(49,97,144),(53,144,146),(144,97,145),(145,97,193),(9,10,54),(10,55,54),(15,122,68),(9,57,16),(17,16,58),(17,56,15),(15,56,122),(16,57,58),(9,54,57),(17,58,56),(58,57,128),(58,128,56),(56,128,122),(22,23,59),(10,22,55),(23,26,60),(26,27,61),(27,138,62),(22,59,55),(23,60,59),(60,26,61),(27,62,61),(138,187,62),(54,128,57),(54,55,128),(55,59,128),(59,60,128),(60,61,128),(61,62,128),(62,187,128),(187,188,128),(63,64,86),(64,65,87),(63,67,64),(64,70,65),(65,77,73),(64,87,86),(65,88,87),(65,73,88),(73,74,93),(73,93,88),(63,66,67),(66,69,67),(67,69,70),(66,68,69),(64,67,70),(65,70,77),(70,69,71),(70,71,72),(70,72,77),(72,79,77),(73,78,74),(74,75,94),(74,81,75),(75,82,76),(73,77,78),(74,78,81),(77,79,78),(78,79,81),(79,80,81),(81,80,115),(75,81,82),(81,115,82),(83,87,84),(83,86,87),(84,88,85),(84,87,88),(85,88,93),(83,84,97),(84,85,97),(85,89,97),(89,90,97),(85,93,89),(89,94,90),(89,93,94),(90,95,91),(90,94,95),(90,91,97),(91,92,97),(91,96,92),(91,95,96),(92,96,109),(74,94,93),(75,95,94),(95,76,96),(96,112,109),(109,112,110),(92,106,97),(106,107,97),(97,107,108),(97,98,99),(97,108,98),(97,101,195),(97,100,101),(97,194,193),(97,195,194),(195,101,198),(97,99,100),(98,108,102),(98,103,99),(98,102,103),(99,103,104),(100,105,101),(100,104,105),(198,101,105),(100,99,104),(92,109,106),(106,110,107),(106,109,110),(107,111,108),(107,110,111),(102,108,111),(110,114,111),(102,111,203),(75,76,95),(96,76,112),(76,117,112),(112,113,110),(110,113,114),(111,114,203),(112,120,113),(113,121,114),(76,82,117),(112,117,120),(115,116,82),(82,116,117),(116,118,117),(113,120,121),(118,119,120),(117,118,120),(119,121,120),(68,123,69),(69,124,71),(71,125,72),(72,126,79),(68,122,123),(69,123,124),(122,128,123),(123,128,124),(124,128,125),(71,124,125),(72,125,126),(79,127,80),(79,126,127),(125,128,126),(126,128,127),(127,128,129),(129,128,130),(130,128,131),(128,132,131),(128,261,132),(128,262,261),(80,129,115),(115,130,116),(116,131,118),(118,132,119),(119,261,207),(80,127,129),(115,129,130),(116,130,131),(118,131,132),(119,132,261),(20,133,25),(133,134,137),(133,50,134),(52,135,134),(134,135,141),(135,136,142),(133,137,25),(137,134,141),(25,137,27),(27,137,138),(137,141,138),(138,141,139),(139,142,140),(135,142,141),(136,143,142),(139,141,142),(140,142,143),(50,51,134),(51,52,134),(52,53,136),(53,146,136),(144,145,146),(146,145,147),(145,193,147),(147,193,196),(146,147,155),(147,196,155),(52,136,135),(146,151,136),(146,155,151),(155,196,214),(140,143,148),(143,185,148),(148,185,149),(149,185,150),(150,254,200),(151,155,162),(151,152,153),(151,153,154),(151,162,152),(136,151,143),(151,154,185),(185,154,163),(185,163,164),(155,156,162),(155,157,156),(155,158,157),(155,159,158),(155,160,159),(155,214,161),(155,161,160),(214,215,161),(143,151,185),(185,164,165),(185,165,186),(186,165,166),(186,166,167),(186,167,168),(186,168,169),(186,169,223),(186,223,254),(150,185,186),(150,186,254),(138,139,187),(139,140,188),(139,188,187),(140,189,188),(140,148,189),(148,149,190),(149,150,191),(150,200,192),(188,189,128),(189,190,128),(190,191,128),(191,192,128),(192,258,128),(148,190,189),(149,191,190),(150,192,191),(192,200,258),(193,194,196),(194,197,196),(195,197,194),(195,198,197),(196,197,220),(198,105,232),(198,232,197),(102,206,103),(104,103,206),(104,204,105),(196,220,214),(197,232,220),(105,204,232),(104,205,204),(200,255,199),(202,201,211),(202,211,209),(199,256,201),(201,256,211),(102,203,206),(104,206,205),(114,210,203),(203,213,206),(205,206,212),(205,211,204),(207,208,210),(208,209,213),(114,121,210),(203,210,213),(119,207,210),(119,210,121),(208,213,210),(205,212,211),(209,211,212),(209,212,213),(206,213,212),(214,220,215),(220,216,215),(220,217,216),(220,218,217),(220,219,218),(220,221,219),(255,229,235),(255,235,234),(255,231,229),(220,232,221),(232,222,221),(232,228,222),(232,233,228),(232,234,233),(232,255,234),(232,204,256),(254,223,224),(254,224,225),(254,225,226),(254,226,255),(255,226,227),(255,227,230),(255,230,231),(200,254,255),(199,255,256),(232,256,255),(256,204,211),(199,201,257),(200,199,258),(202,259,201),(202,209,260),(128,258,257),(128,257,259),(128,259,260),(209,263,260),(128,263,262),(128,260,263),(201,259,257),(199,257,258),(202,260,259),(207,262,208),(208,263,209),(207,261,262),(208,262,263),(170,153,152),(170,152,162),(171,154,153),(172,163,154),(173,156,157),(173,157,158),(175,158,159),(175,159,160),(176,160,161),(177,161,215),(178,162,156),(179,164,163),(180,165,164),(181,166,165),(181,167,166),(182,168,167),(183,169,168),(184,223,169),(170,171,153),(171,172,154),(173,158,174),(175,174,158),(175,160,176),(176,161,177),(177,215,236),(175,242,174),(175,176,242),(176,177,242),(177,236,242),(178,170,162),(173,178,156),(172,179,163),(179,180,164),(180,181,165),(181,182,167),(182,183,168),(183,184,169),(184,243,223),(178,242,170),(170,242,171),(171,242,172),(172,242,179),(173,242,178),(173,174,242),(179,242,180),(180,242,181),(181,242,182),(182,242,183),(242,184,183),(242,243,184),(237,215,216),(238,216,217),(239,217,218),(240,218,219),(240,219,221),(241,221,222),(244,224,223),(245,225,224),(246,226,225),(246,227,226),(248,222,228),(249,230,227),(249,231,230),(250,229,231),(251,228,233),(252,233,234),(253,235,229),(253,234,235),(236,215,237),(237,216,238),(238,217,239),(239,218,240),(240,221,241),(236,237,242),(242,237,238),(242,238,239),(242,239,240),(243,244,223),(244,245,224),(245,246,225),(247,227,246),(241,222,248),(248,228,251),(247,249,227),(250,231,249),(253,229,250),(242,244,243),(242,245,244),(242,246,245),(242,247,246),(242,240,241),(242,241,248),(242,248,251),(242,253,250),(242,251,252),(242,252,253),(242,249,247),(242,250,249),(251,233,252),(252,234,253)),$);
#97=IFCSHAPEREPRESENTATION(#20,'Body','Tessellation',(#96));
#98=IFCCARTESIANPOINT((0.,0.,0.));
#99=IFCDIRECTION((1.,0.,0.));
#100=IFCDIRECTION((0.,0.,1.));
#101=IFCAXIS2PLACEMENT3D(#98,#100,#99);
#102=IFCREPRESENTATIONMAP(#101,#97);
#103=IFCOWNERHISTORY(#3,#12,.READWRITE.,.ADDED.,1788297448,#3,#12,1788297448);
#104=IFCPROPERTYSET('3S9rEO3J5DEx1e8Oaeqa1Z',#103,'Pset_ElementSize',$,(#105,#106,#107));
#105=IFCPROPERTYSINGLEVALUE('NominalLength',$,IFCPOSITIVELENGTHMEASURE(2.6000000000000001),$);
#106=IFCPROPERTYSINGLEVALUE('NominalWidth',$,IFCPOSITIVELENGTHMEASURE(2.1000000000000001),$);
#107=IFCPROPERTYSINGLEVALUE('NominalHeight',$,IFCPOSITIVELENGTHMEASURE(6.9000000000000004),$);
#108=IFCOWNERHISTORY(#3,#12,.READWRITE.,.MODIFIED.,1788297448,#3,#12,1788297448);
#109=IFCPUMP('0vZBzLO8D9bxA1SaigF4Hb',#108,'Pump',$,$,#110,#124,'el-444dcae9-ae93-4f8f-82fd-e0add8557242',$);
#110=IFCLOCALPLACEMENT(#60,#114);
#111=IFCCARTESIANPOINT((16.,8.,2.));
#112=IFCDIRECTION((0.,0.,1.));
#113=IFCDIRECTION((-1.,0.,0.));
#114=IFCAXIS2PLACEMENT3D(#111,#112,#113);
#115=IFCOWNERHISTORY(#3,#12,.READWRITE.,.ADDED.,1788297448,#3,#12,1788297448);
#116=IFCRELDEFINESBYTYPE('2bfg4GHdP7EfCWAivm8UUM',#115,$,$,(#109),#68);
#117=IFCCARTESIANPOINT((0.,0.,0.));
#118=IFCDIRECTION((1.,0.,0.));
#119=IFCDIRECTION((0.,1.,0.));
#120=IFCDIRECTION((0.,0.,1.));
#121=IFCCARTESIANTRANSFORMATIONOPERATOR3D(#118,#119,#117,1.,#120);
#122=IFCMAPPEDITEM(#102,#121);
#123=IFCSHAPEREPRESENTATION(#20,'Body','MappedRepresentation',(#122));
#124=IFCPRODUCTDEFINITIONSHAPE($,$,(#123));
#125=IFCOWNERHISTORY(#3,#12,.READWRITE.,.MODIFIED.,1788297456,#3,#12,1788297448);
#126=IFCRELCONTAINEDINSPATIALSTRUCTURE('1jWG$KrJPEKBpEwI_9_Y4M',#125,$,$,(#1779,#1758,#1714,#1649,#1693,#2010,#423,#1968,#1672,#1947,#1926,#1989,#1905,#2136,#1884,#2115,#109,#2094,#2073,#2052,#1735,#2031,#289,#1863,#1842,#1821,#1800),#59);
#127=IFCOWNERHISTORY(#3,#12,.READWRITE.,.ADDED.,1788297448,#3,#12,1788297448);
#128=IFCDISTRIBUTIONSYSTEM('3ekXpIL0D68fhlAQV4gafk',#127,'new',$,$,'new',.NOTDEFINED.);
#129=IFCOWNERHISTORY(#3,#12,.READWRITE.,.MODIFIED.,1788297455,#3,#12,1788297448);
#130=IFCRELASSIGNSTOGROUP('0rvTOFJGv8j8nkuLkCHcdM',#129,$,$,(#1011,#911,#1528,#1202,#423,#1452,#720,#872,#796,#645,#1050,#974,#1126,#1278,#1567,#109,#1239,#1491,#605,#1415,#1087,#1163,#759,#683,#835,#1376,#1339,#289),$,#128);
#131=IFCOWNERHISTORY(#3,#12,.READWRITE.,.ADDED.,1788297448,#3,#12,1788297448);
#132=IFCDISTRIBUTIONPORT('2MwnQyk0f3_vZTWiXc386a',#131,'Suction Inlet',$,$,#135,$,.NOTDEFINED.,.NOTDEFINED.,$);
#133=IFCOWNERHISTORY(#3,#12,.READWRITE.,.MODIFIED.,1788297448,#3,#12,1788297448);
#134=IFCRELNESTS('3LhQFT_3L9JQs__Egrg4Sb',#133,$,$,#109,(#132,#141));
#135=IFCLOCALPLACEMENT(#110,#139);
#136=IFCCARTESIANPOINT((1.05,1.05,0.));
#137=IFCDIRECTION((0.,0.,1.));
#138=IFCDIRECTION((1.,0.,0.));
#139=IFCAXIS2PLACEMENT3D(#136,#137,#138);
#140=IFCOWNERHISTORY(#3,#12,.READWRITE.,.ADDED.,1788297448,#3,#12,1788297448);
#141=IFCDISTRIBUTIONPORT('0LS7_ALyb9J8IAmD4jhu4P',#140,'Discharge Outlet',$,$,#142,$,.NOTDEFINED.,.NOTDEFINED.,$);
#142=IFCLOCALPLACEMENT(#110,#146);
#143=IFCCARTESIANPOINT((2.6000000000000001,1.05,1.));
#144=IFCDIRECTION((1.,0.,0.));
#145=IFCDIRECTION((0.,1.,0.));
#146=IFCAXIS2PLACEMENT3D(#143,#144,#145);
#147=IFCOWNERHISTORY(#3,#12,.READWRITE.,.MODIFIED.,1788297448,#3,#12,1788297448);
#148=IFCHEATEXCHANGERTYPE('3ysvpdiDP2oBBm3lMWrrvf',#147,'SteamGenerator Type',$,$,(#284),(#282),$,$,.SHELLANDTUBE.);
#275=IFCCARTESIANPOINTLIST3D(((0.070000000298023224,2.3271093368530273,0.83781659603118896),(0.070000000298023224,2.3199999332427979,0.9100000262260437),(0.070000000298023224,2.3271093368530273,0.98218339681625366),(0.070000000298023224,2.3481645584106445,0.76840710639953613),(0.070000000298023224,2.3481645584106445,1.0515928268432617),(0.070000000298023224,2.428370475769043,0.64837050437927246),(0.070000000298023224,2.4844388961791992,0.60235625505447388),(0.070000000298023224,2.3823561668395996,0.70443898439407349),(0.070000000298023224,2.3823561668395996,1.1155610084533691),(0.070000000298023224,2.428370475769043,1.1716295480728149),(0.070000000298023224,2.4844388961791992,1.2176437377929688),(0.5924072265625,2.4478106498718262,1.6703187227249146),(0.59562957286834717,2.4297788143157959,1.8200000524520874),(0.59562957286834717,2.4297788143157959,1.9585589170455933),(0.59553974866867065,2.4306910037994385,1.9599944353103638),(0.59462887048721313,2.4399387836456299,1.9745463132858276),(0.5924072265625,2.4478106498718262,1.9696812629699707),(0.59408581256866455,2.4454524517059326,1.9776817560195923),(0.59385174512863159,2.4478294849395752,1.9790332317352295),(0.59202307462692261,2.4663960933685303,1.9774619340896606),(0.86087626218795776,1.7449495792388916,1.5352892875671387),(0.8418155312538147,1.7331693172454834,1.8200000524520874),(0.8462369441986084,1.735901951789856,1.8860429525375366),(0.87672531604766846,1.6788622140884399,1.8200000524520874),(0.8626059889793396,1.7052775621414185,1.8200000524520874),(0.8626059889793396,1.7052775621414185,1.8439469337463379),(0.81115776300430298,1.8015304803848267,1.8306879997253418),(0.76968604326248169,1.8791185617446899,1.8200000524520874),(0.76968604326248169,1.8791185617446899,1.9152638912200928),(0.83384126424789429,1.7590925693511963,1.8753488063812256),(0.83384126424789429,1.7590925693511963,1.8907746076583862),(0.97002804279327393,1.5611639022827148,1.6723217964172363),(0.97002804279327393,1.5611639022827148,1.9676781892776489),(0.96141225099563599,1.5756708383560181,1.9784947633743286),(1.0452020168304443,1.4735727310180664,1.8891515731811523),(1.0092527866363525,1.5855782032012939,1.388502836227417),(0.98476928472518921,1.5472102165222168,1.9812350273132324),(0.97762471437454224,1.5559159517288208,1.9824855327606201),(0.9722055196762085,1.5625191926956177,1.9834338426589966),(1.1107091903686523,1.3954672813415527,1.8200000524520874),(1.10843825340271,1.3986564874649048,1.8267651796340942),(1.1030656099319458,1.4030656814575195,1.8200000524520874),(1.1069978475570679,1.3998385667800903,1.8200000524520874),(1.1069978475570679,1.3998385667800903,1.823896050453186),(1.1114324331283569,1.3961992263793945,1.8327291011810303),(1.1273195743560791,1.4122754335403442,1.5276678800582886),(1.1653047800064087,1.351987361907959,1.8821061849594116),(1.0685499906539917,1.4451230764389038,1.8200000524520874),(1.0685499906539917,1.4451230764389038,1.8642561435699463),(1.1809998750686646,1.4665954113006592,1.8200000524520874),(1.173776388168335,1.4737763404846191,1.8200000524520874),(1.1774921417236328,1.4707269668579102,1.8200000524520874),(1.1411597728729248,1.5135197639465332,1.8200000524520874),(0.91758906841278076,1.7799999713897705,1.2575891017913818),(1.0105575323104858,1.8374576568603516,0.99373728036880493),(0.99849075078964233,1.8300000429153442,1.2884907722473145),(1.1030656099319458,1.5952682495117188,1.143418550491333),(1.173776388168335,1.6554183959960938,1.1805933713912964),(1.0863510370254517,1.884300708770752,1.0391362905502319),(0.9374542236328125,1.6048637628555298,1.8200000524520874),(0.9374542236328125,1.6048637628555298,1.9301589727401733),(0.94490742683410645,1.5957820415496826,1.9451959133148193),(0.95987224578857422,1.7344192266464233,1.8200000524520874),(1.0172649621963501,1.6644860506057739,1.8200000524520874),(0.94489401578903198,1.7968753576278687,1.550932765007019),(0.9268805980682373,1.7857425212860107,1.8200000524520874),(0.94652855396270752,1.7593834400177002,1.8200000524520874),(1.0851180553436279,1.6462607383728027,1.412211537361145),(1.0480484962463379,1.6231878995895386,1.6804360151290894),(1.0480484962463379,1.6231878995895386,1.8200000524520874),(0.7224355936050415,2.209369421005249,1.2717088460922241),(0.85408109426498413,1.9918229579925537,1.1374298334121704),(0.81994336843490601,2.2169966697692871,1.030322790145874),(0.72837185859680176,1.9627151489257812,1.6701711416244507),(0.72837185859680176,1.9627151489257812,1.8200000524520874),(0.70853924751281738,1.993516206741333,1.8200000524520874),(0.65907716751098633,2.2115848064422607,1.5243231058120728),(0.65799659490585327,2.1601331233978271,1.8352689743041992),(0.65495365858078003,2.1701643466949463,1.8867930173873901),(0.65495365858078003,2.1701643466949463,1.9093105792999268),(0.63577252626419067,2.2051434516906738,1.8200000524520874),(0.64367985725402832,2.2073290348052979,1.9203238487243652),(0.6774107813835144,2.0961329936981201,1.8200000524520874),(0.6774107813835144,2.0961329936981201,1.8873721361160278),(0.76836812496185303,1.9871389865875244,1.3856079578399658),(0.81967014074325562,2.0026757717132568,1.6784034967422485),(0.81967014074325562,2.0026757717132568,1.8200000524520874),(0.80092722177505493,2.0317845344543457,1.8200000524520874),(0.85871440172195435,1.9236721992492676,1.8200000524520874),(0.85746878385543823,2.0257577896118164,1.4094756841659546),(0.77150923013687134,2.1287624835968018,1.8200000524520874),(0.70882028341293335,2.4330596923828125,1.1754778623580933),(0.70776563882827759,2.4503872394561768,1.1680235862731934),(0.70776563882827759,2.4503872394561768,1.1680235862731934),(0.70146048069000244,2.449634313583374,1.1890802383422852),(0.70120483636856079,2.4502100944519043,1.1895527839660645),(0.70120489597320557,2.4502100944519043,1.1895526647567749),(0.73384284973144531,2.3983559608459473,1.1350568532943726),(0.74627107381820679,2.3823561668395996,1.1155610084533691),(0.73103958368301392,2.4019649028778076,1.1394542455673218),(0.71151924133300781,2.428370475769043,1.1716295480728149),(0.71014201641082764,2.4307632446289062,1.173593282699585),(0.68958717584609985,2.4844388961791992,1.2176437377929688),(0.8140600323677063,2.2357776165008545,1.3018347024917603),(0.82091796398162842,2.3271093368530273,0.98218339681625366),(0.8179856538772583,2.3284332752227783,0.98654788732528687),(0.78333991765975952,2.3481645584106445,1.0515928268432617),(0.79968458414077759,2.3388559818267822,1.020906925201416),(0.86569541692733765,2.3199999332427979,0.9100000262260437),(0.81582862138748169,2.4512152671813965,0.9383162260055542),(0.81582862138748169,2.4512152671813965,0.9383162260055542),(0.80019611120223999,2.463552713394165,1.2038464546203613),(0.623485267162323,2.2739017009735107,1.8200000524520874),(0.623485267162323,2.2739017009735107,1.8624112606048584),(0.60497081279754639,2.3349356651306152,1.8200000524520874),(0.7321586012840271,2.2317838668823242,1.8200000524520874),(0.72054636478424072,2.296764612197876,1.8200000524520874),(0.70304930210113525,2.3544447422027588,1.8200000524520874),(0.63116544485092163,2.4483177661895752,1.4193869829177856),(0.69422131776809692,2.4440767765045166,1.8200000524520874),(0.69117605686187744,2.4611177444458008,1.6785429716110229),(0.72780472040176392,2.4615969657897949,1.4413987398147583),(0.69117605686187744,2.4611177444458008,1.8200000524520874),(0.75418281555175781,2.2378711700439453,1.5405690670013428),(0.96411788463592529,2.0600016117095947,0.88065862655639648),(0.93847227096557617,2.030184268951416,1.1749336719512939),(1.0424630641937256,2.0946168899536133,0.93227082490921021),(1.1374924182891846,1.9159077405929565,0.75023084878921509),(1.1117960214614868,2.1512715816497803,0.64171034097671509),(1.1820271015167236,2.1808722019195557,0.70645153522491455),(0.90621018409729004,2.2429859638214111,1.073711633682251),(0.90689665079116821,2.3271093368530273,0.83781659603118896),(0.91914165019989014,2.3342628479003906,0.81423491239547729),(0.94737839698791504,2.3022983074188232,0.78032195568084717),(0.94116890430450439,2.3448560237884521,0.77931374311447144),(0.94804853200912476,2.3481645584106445,0.76840710639953613),(0.9505927562713623,2.3504564762115479,0.76411896944046021),(1.0266432762145996,2.3236007690429688,0.83744716644287109),(1.0301402807235718,2.428370475769043,0.64837050437927246),(0.90232151746749878,2.4643354415893555,0.98676037788391113),(0.99336665868759155,2.3823561668395996,0.70443898439407349),(1.1122754812240601,2.3976678848266602,0.5573195219039917),(1.0459721088409424,2.4621386528015137,0.62065762281417847),(1.0515069961547852,2.4705741405487061,0.61373478174209595),(1.0606043338775635,2.4844388961791992,0.60235625505447388),(1.0709017515182495,2.5109248161315918,0.58819925785064697),(1.1824800968170166,2.4137301445007324,0.6266975998878479),(1.4506586790084839,1.264117956161499,1.1900014877319336),(1.2695314884185791,1.2634056806564331,1.6724230051040649),(1.2695314884185791,1.2634056806564331,1.9675770998001099),(1.2744245529174805,1.2624349594116211,1.9821202754974365),(1.2845220565795898,1.2541482448577881,1.9733474254608154),(1.284557580947876,1.2541190385818481,1.9733165502548218),(1.3087527751922607,1.2342625856399536,1.8200000524520874),(1.3087527751922607,1.2342625856399536,1.9322053194046021),(1.3788621425628662,1.1767252683639526,1.8200000524520874),(1.4049633741378784,1.1627738475799561,1.8200000524520874),(1.4049633741378784,1.1627738475799561,1.8454376459121704),(1.3503220081329346,1.2473783493041992,1.4322984218597412),(1.4331693649291992,1.1418155431747437,1.8200000524520874),(1.4643406867980957,1.1310360431671143,1.9190493822097778),(1.4344191551208496,1.2598723173141479,1.8200000524520874),(1.485742449760437,1.2268805503845215,1.8200000524520874),(1.4590853452682495,1.2466880083084106,1.8200000524520874),(1.7074297666549683,1.1540811061859131,1.1218229532241821),(1.7449336051940918,1.2384722232818604,1.160184383392334),(1.5056591033935547,1.1089508533477783,1.833655834197998),(1.5147476196289062,1.1040929555892944,1.9116581678390503),(1.5362029075622559,1.0926249027252197,1.8705224990844727),(1.5362029075622559,1.0926249027252197,1.8794906139373779),(1.607666015625,1.0544270277023315,1.8980332612991333),(1.5083161592483521,1.1158286333084106,1.5812152624130249),(1.5567604303359985,1.2023215293884277,1.5943353176116943),(1.6003228425979614,1.119943380355835,1.3469966650009155),(1.6558932065963745,1.0246210098266602,1.8200000524520874),(1.6790393590927124,1.0162771940231323,1.8200000524520874),(1.6681259870529175,1.0221104621887207,1.8556888103485107),(1.6935161352157593,1.0085391998291016,1.8200000524520874),(1.6495658159255981,1.0320311784744263,1.8200000524520874),(1.7380236387252808,1.0077656507492065,1.5803872346878052),(1.7376085519790649,0.99516391754150391,1.8200000524520874),(1.7738465070724487,1.1001961231231689,1.5935527086257935),(1.7181035280227661,1.1082397699356079,1.8200000524520874),(1.731784462928772,1.1009272336959839,1.8200000524520874),(1.7734535932540894,1.0882869958877563,1.8200000524520874),(1.6962287425994873,1.1161253452301025,1.8200000524520874),(1.6437116861343384,1.2062102556228638,1.3729859590530396),(1.8926548957824707,0.93927216529846191,1.8200000524520874),(1.9330072402954102,0.93589037656784058,1.9208191633224487),(1.989387035369873,0.93116545677185059,1.5783176422119141),(1.9881985187530518,0.91914832592010498,1.8200000524520874),(2.0349357128143311,0.90497076511383057,1.8200000524520874),(2.0735824108123779,0.90116441249847412,1.8200000524520874),(1.8417088985443115,1.0224355459213257,1.3393694162368774),(1.8275890350341797,1.2175890207290649,0.9100000262260437),(1.9556080102920532,1.0683680772781372,1.1171389818191528),(1.979475736618042,1.1574687957763672,1.1557576656341553),(1.8291953802108765,0.96738135814666748,1.9183351993560791),(1.9199815988540649,1.0354660749435425,1.8200000524520874),(1.8718347549438477,1.1140600442886353,1.3657776117324829),(2.0113987922668457,1.0278047323226929,1.5915969610214233),(2.01027512550354,1.0164480209350586,1.8200000524520874),(2.0544445514678955,1.003049373626709,1.8200000524520874),(2.0909676551818848,0.99945217370986938,1.8200000524520874),(2.1011903285980225,0.8984452486038208,1.8809891939163208),(2.1389269828796387,0.88740122318267822,1.8200000524520874),(2.240318775177002,0.89240723848342896,1.5778106451034546),(2.1884810924530029,0.88984787464141846,1.9383673667907715),(2.0943231582641602,0.95907711982727051,1.3415846824645996),(2.2401711940765381,1.0283718109130859,1.0927151441574097),(2.1052892208099365,1.1608762741088867,0.87494957447052002),(2.1209328174591064,1.2448940277099609,0.92687541246414185),(2.2484035491943359,1.1196701526641846,1.1326758861541748),(2.1527221202850342,0.98644512891769409,1.8200000524520874),(2.1105690002441406,1.054182767868042,1.3678712844848633),(2.2485430240631104,0.9911760687828064,1.5911177396774292),(1.2117103338241577,1.4117960929870605,1.2812716960906982),(1.276451587677002,1.4820270538330078,1.3108720779418945),(1.3202308416366577,1.4374924898147583,1.045907735824585),(1.3790093660354614,1.5063115358352661,1.0884402990341187),(1.4556566476821899,1.5132284164428711,0.79305732250213623),(1.1952953338623047,1.3273746967315674,1.8200000524520874),(1.1952953338623047,1.3273746967315674,1.8221909999847412),(1.2059485912322998,1.3186317682266235,1.9298069477081299),(1.2560664415359497,1.277501106262207,1.9812829494476318),(1.3310956954956055,1.3417899608612061,1.6805316209793091),(1.3310956954956055,1.3417899608612061,1.8200000524520874),(1.1966975927352905,1.4824801683425903,1.5437301397323608),(1.4074470996856689,1.3266433477401733,1.4536006450653076),(1.3681634664535522,1.3142468929290771,1.8200000524520874),(1.2132284641265869,1.6630573272705078,0.88565671443939209),(1.2778861522674561,1.7194827795028687,0.93699425458908081),(1.3630573749542236,1.7556567192077637,0.64322841167449951),(1.4194827079772949,1.8069941997528076,0.7078862190246582),(1.5637372732162476,1.31055748462677,0.96745765209197998),(1.5022708177566528,1.3424631357192993,1.2246167659759521),(1.6091363430023193,1.3863511085510254,1.0143007040023804),(1.5069942474365234,1.5778862237930298,0.84948277473449707),(1.7134186029434204,1.4030656814575195,0.72526824474334717),(1.7505934238433838,1.4737763404846191,0.78541833162307739),(1.6159077882766724,1.6202307939529419,0.56749242544174194),(1.5374577045440674,1.8637373447418213,0.44055753946304321),(1.6584403514862061,1.6790093183517456,0.63631153106689453),(1.760001540184021,1.7506586313247681,0.39411792159080505),(1.2952682971954346,2.0134186744689941,0.53306567668914795),(1.2063115835189819,1.9584403038024902,0.8090093731880188),(1.35541832447052,2.050593376159668,0.60377633571624756),(1.4800000190734863,2.1275889873504639,0.34758907556533813),(1.2855782508850098,2.2585029602050781,0.4392528235912323),(1.3462607860565186,2.2822115421295166,0.5151180624961853),(1.4449495077133179,2.4052891731262207,0.29087623953819275),(1.5843006372451782,1.9091362953186035,0.51635110378265381),(1.5299999713897705,2.1584906578063965,0.42849075794219971),(1.6918230056762695,2.007429838180542,0.2840811014175415),(1.7301844358444214,2.044933557510376,0.36847227811813354),(1.4968754053115845,2.4209327697753906,0.37489402294158936),(1.6871389150619507,2.255608081817627,0.1983681321144104),(1.7257577180862427,2.2794756889343262,0.28746879100799561),(1.8584908246994019,1.2984907627105713,0.95999997854232788),(1.8512716293334961,1.5117104053497314,0.54179608821868896),(1.8808721303939819,1.5764515399932861,0.61202704906463623),(1.9585028886795044,1.3092528581619263,0.71557825803756714),(1.9822114706039429,1.3851180076599121,0.77626073360443115),(1.7946168184280396,1.802270770072937,0.47246307134628296),(1.9169967174530029,1.9003227949142456,0.24994336068630219),(2.0022983551025391,1.6503219604492188,0.37737840414047241),(2.0236005783081055,1.7074471712112427,0.45664331316947937),(2.097667932510376,1.4273195266723633,0.54227548837661743),(2.1137301921844482,1.4966975450515747,0.61248010396957397),(2.2423217296600342,1.2700279951095581,0.69116395711898804),(2.2504360675811768,1.3480484485626221,0.75318789482116699),(2.2424230575561523,1.5695315599441528,0.39340567588806152),(2.1512153148651123,1.8083162307739258,0.24582861363887787),(2.1643352508544922,1.8567603826522827,0.33232155442237854),(2.2505316734313965,1.6310957670211792,0.47178995609283447),(1.9093693494796753,2.1417088508605957,0.15243560075759888),(1.9357776641845703,2.1718347072601318,0.24406002461910248),(1.9429858922958374,1.9437116384506226,0.3362102210521698),(1.911584734916687,2.3943231105804443,0.089077137410640717),(1.9378712177276611,2.4105689525604248,0.1841827929019928),(2.1503872871398926,2.0380237102508545,0.13776563107967377),(2.1635527610778809,2.0738465785980225,0.23019608855247498),(2.1483175754547119,2.2893869876861572,0.061165474355220795),(2.1615970134735107,2.3113987445831299,0.15780472755432129),(0.70001477003097534,1.0000147819519043,13.199999809265137),(0.77072548866271973,1.0707254409790039,13.199999809265137),(1.0621871948242188,0.70278763771057129,13.199999809265137),(1.1177442073822021,0.78593456745147705,13.199999809265137),(0.48253694176673889,1.265012264251709,18.465339660644531),(0.51676267385482788,1.2233080863952637,18.400602340698242),(0.51399755477905273,1.226677417755127,18.401866912841797),(0.48253694176673889,1.265012264251709,18.610000610351562),(0.54466933012008667,1.1893037557601929,18.39826774597168),(0.56292742490768433,1.1670562028884888,18.45404052734375),(0.57207465171813965,1.1559102535247803,18.436532974243164),(0.5738365650177002,1.1537634134292603,18.511238098144531),(0.52531152963638306,1.2076274156570435,18.416070938110352),(0.5281708836555481,1.2094072103500366,18.395381927490234),(0.54250752925872803,1.1919379234313965,18.397890090942383),(0.52531152963638306,1.2076274156570435,18.803928375244141),(0.57682102918624878,1.2396879196166992,19.1766357421875),(0.77232503890991211,0.94067126512527466,18.537078857421875),(0.78705430030822754,0.92858332395553589,18.515171051025391),(0.85346949100494385,0.87407779693603516,18.521463394165039),(0.85346949100494385,0.87407779693603516,18.602476119995117),(0.65468811988830566,1.0552455186843872,18.551881790161133),(0.65468811988830566,1.0552455186843872,18.610000610351562),(0.70001477003097534,1.0000147819519043,18.610000610351562),(0.70517838001251221,0.99577707052230835,18.604885101318359),(0.70517838001251221,0.99577707052230835,18.610000610351562),(0.71100199222564697,0.9909977912902832,18.593284606933594),(0.71005219221115112,0.99003666639328003,18.610000610351562),(0.60333198308944702,1.2696514129638672,18.610000610351562),(0.60333198308944702,1.2696514129638672,18.795814514160156),(0.72729653120040894,1.1236437559127808,18.610000610351562),(0.77072548866271973,1.0707254409790039,18.610000610351562),(0.78034287691116333,1.0611648559570312,18.610000610351562),(0.77567297220230103,1.0666651725769043,18.610000610351562),(0.9528161883354187,0.79254603385925293,18.433250427246094),(0.97012197971343994,0.77834361791610718,18.462656021118164),(0.97012197971343994,0.77834361791610718,18.610000610351562),(0.91861557960510254,0.81661510467529297,18.416204452514648),(0.92504119873046875,0.81534039974212646,18.397106170654297),(0.90093314647674561,0.83512532711029053,18.39820671081543),(0.93547898530960083,0.80677437782287598,18.406173706054688),(0.93834805488586426,0.80441975593566895,18.408666610717773),(0.91861557960510254,0.81661510467529297,18.803796768188477),(1.0295302867889404,0.85832983255386353,18.610000610351562),(0.98017978668212891,0.89499944448471069,18.610000610351562),(0.98017978668212891,0.89499944448471069,18.795686721801758),(1.0621871948242188,0.70278763771057129,18.610000610351562),(1.0964620113372803,0.68446731567382812,18.576595306396484),(1.0964620113372803,0.68446731567382812,18.610000610351562),(1.1177442073822021,0.78593456745147705,18.610000610351562),(1.1323304176330566,0.6652953028678894,18.532127380371094),(1.1335026025772095,0.65694457292556763,18.610000610351562),(1.1415015459060669,0.66039323806762695,18.564908981323242),(1.1415015459060669,0.66039323806762695,18.592660903930664),(1.1744370460510254,0.64278882741928101,18.479927062988281),(1.150585412979126,0.76838058233261108,18.610000610351562),(1.1860758066177368,0.74200963973999023,18.610000610351562),(0.73186463117599487,1.0121090412139893,18.993886947631836),(0.70001477003097534,1.2524126768112183,19.498477935791016),(0.80124270915985107,1.0823136568069458,18.977825164794922),(0.84268558025360107,1.0114794969558716,19.317451477050781),(1.0247085094451904,0.79556834697723389,19.119125366210938),(1.0818337202072144,0.87483328580856323,19.097822189331055),(1.1564693450927734,0.8175504207611084,19.437305450439453),(0.90742677450180054,1.0817104578018188,19.287851333618164),(0.98519325256347656,1.045223593711853,19.626527786254883),(1.0439717769622803,1.1140427589416504,19.583995819091797),(1.1630326509475708,1.144679069519043,19.958566665649414),(0.18192791938781738,1.7753865718841553,13.199999809265137),(0.27431586384773254,1.813654899597168,13.199999809265137),(0.40278762578964233,1.3621871471405029,13.199999809265137),(0.48593458533287048,1.4177441596984863,13.199999809265137),(0.045923180878162384,2.2237341403961182,13.199999809265137),(0.14400170743465424,2.2432432174682617,13.199999809265137),(0.87672519683837891,1.6788620948791504,11.800000190734863),(1.1030656099319458,1.40306556224823,11.800000190734863),(1.173776388168335,1.4737763404846191,11.800000190734863),(0.95987224578857422,1.7344192266464233,11.800000190734863),(0.70853912830352783,1.9935160875320435,11.800000190734863),(0.80092722177505493,2.0317845344543457,11.800000190734863),(0.80092710256576538,2.0317845344543457,11.800000190734863),(0.60497069358825684,2.3349356651306152,11.800000190734863),(0.70304930210113525,2.3544447422027588,11.800000190734863),(0.20797184109687805,1.7349390983581543,18.610000610351562),(0.20797184109687805,1.7349390983581543,18.806753158569336),(0.26871767640113831,1.6130143404006958,18.48737907409668),(0.26222580671310425,1.6251598596572876,18.484901428222656),(0.26871767640113831,1.6130143404006958,18.604400634765625),(0.26222580671310425,1.6251598596572876,18.610000610351562),(0.18192791938781738,1.7753865718841553,18.610000610351562),(0.27431586384773254,1.813654899597168,18.610000610351562),(0.40278762578964233,1.3621871471405029,18.610000610351562),(0.38424608111381531,1.3968759775161743,18.578554153442383),(0.38424608111381531,1.3968759775161743,18.610000610351562),(0.37675410509109497,1.4108923673629761,18.559288024902344),(0.36275064945220947,1.4370909929275513,18.523275375366211),(0.35694456100463867,1.4335026741027832,18.610000610351562),(0.44200965762138367,1.486075758934021,18.610000610351562),(0.48593458533287048,1.4177441596984863,18.610000610351562),(0.56234747171401978,1.3246347904205322,18.610000610351562),(0.46816885471343994,1.4509814977645874,18.610000610351562),(0.35125434398651123,1.6697131395339966,18.610000610351562),(0.29927009344100952,1.7748998403549194,18.610000610351562),(0.29927009344100952,1.7748998403549194,18.798521041870117),(0.2604944109916687,1.7670121192932129,19.180437088012695),(0.38197484612464905,1.448972225189209,18.983879089355469),(0.46599262952804565,1.500898003578186,18.968235015869141),(0.45644938945770264,1.4950000047683716,19.348550796508789),(0.53735107183456421,1.5449999570846558,19.317649841308594),(0.57853436470031738,1.5704526901245117,19.695037841796875),(0.34959506988525391,1.8056309223175049,19.156570434570312),(0.37305158376693726,1.7731631994247437,19.506341934204102),(0.45744273066520691,1.811524510383606,19.468837738037109),(0.51755046844482422,1.862694263458252,19.843530654907227),(0.59589558839797974,1.8973095417022705,19.79191780090332),(0.14105033874511719,1.9101419448852539,18.521528244018555),(0.14105033874511719,1.9101419448852539,18.610000610351562),(0.086371578276157379,2.0532927513122559,18.610000610351562),(0.096755377948284149,2.0561628341674805,18.478256225585938),(0.07023610919713974,2.143585205078125,18.554306030273438),(0.07023610919713974,2.143585205078125,18.610000610351562),(0.23514866828918457,1.9427719116210938,18.610000610351562),(0.18275770545005798,2.0799331665039062,18.610000610351562),(0.16729728877544403,2.1664478778839111,18.610000610351562),(0.045923180878162384,2.2237341403961182,18.610000610351562),(0.033656366169452667,2.3482811450958252,18.428047180175781),(0.03234231099486351,2.3616230487823486,18.407051086425781),(0.031945079565048218,2.3656561374664307,18.404758453369141),(0.031321749091148376,2.3719849586486816,18.401159286499023),(0.029424866661429405,2.3719601631164551,18.413440704345703),(0.030780354514718056,2.3774819374084473,18.40162467956543),(0.033656366169452667,2.3482811450958252,18.610000610351562),(0.029424866661429405,2.3719601631164551,18.806558609008789),(0.14400170743465424,2.2432432174682617,18.610000610351562),(0.1322481632232666,2.3625788688659668,18.610000610351562),(0.028920400887727737,2.3963663578033447,18.403223037719727),(0.12819370627403259,2.3852672576904297,18.610000610351562),(0.12819370627403259,2.3852672576904297,18.798336029052734),(0.11697492748498917,2.0617513656616211,18.998279571533203),(0.2001764178276062,2.0588421821594238,19.330009460449219),(0.21208058297634125,2.0880379676818848,18.982032775878906),(0.29180082678794861,2.0852506160736084,19.299882888793945),(0.080321691930294037,2.3726260662078857,19.136079788208008),(0.18091200292110443,2.3753435611724854,19.466167449951172),(0.17696094512939453,2.3859052658081055,19.114067077636719),(0.27334246039390564,2.3885092735290527,19.430343627929688),(0.32822233438491821,2.0688583850860596,19.646993637084961),(0.41448917984962463,2.0948474407196045,19.603605270385742),(0.49556833505630493,2.180875301361084,19.975292205810547),(0.57483327388763428,2.2021775245666504,19.918167114257812),(0.32281887531280518,2.3764309883117676,19.767814636230469),(0.40931183099746704,2.3895511627197266,19.719371795654297),(0.51661515235900879,2.4962036609649658,20.081384658813477),(0.59499943256378174,2.50431227684021,20.019821166992188),(0.65268623828887939,1.300370454788208,19.152927398681641),(0.77072548866271973,1.3125628232955933,19.4613037109375),(0.84467905759811401,1.3414324522018433,19.836967468261719),(0.6543278694152832,1.6172956228256226,19.649639129638672),(0.74522358179092407,1.6734722852706909,20.014806747436523),(0.81404268741607666,1.7160048484802246,19.956027984619141),(0.90933686494827271,1.3978579044342041,19.785629272460938),(1.0414323806762695,1.4630327224731445,20.15532112121582),(1.0978578329086304,1.5143702030181885,20.090663909912109),(0.95241272449493408,1.8015222549438477,20.299985885620117),(1.0125628709793091,1.8386969566345215,20.229274749755859),(0.78171044588088989,2.0121495723724365,20.092573165893555),(0.71147948503494263,1.9825490713119507,20.157314300537109),(0.71210896968841553,2.3061132431030273,20.268135070800781),(0.78231364488601685,2.3221755027770996,20.198757171630859),(0.93968790769577026,2.123363733291626,20.423179626464844),(1.0003703832626343,2.1470723152160645,20.347312927246094),(0.9076274037361145,2.4960708618164062,20.474687576293945),(0.96965134143829346,2.5041851997375488,20.39666748046875),(1.1489721536636353,2.3161215782165527,20.618024826049805),(1.4753866195678711,0.48192793130874634,13.199999809265137),(1.5136549472808838,0.57431584596633911,13.199999809265137),(1.3788621425628662,1.1767251491546631,11.800000190734863),(1.4344191551208496,1.2598723173141479,11.800000190734863),(1.4344191551208496,1.2598721981048584,11.800000190734863),(1.6935161352157593,1.008539080619812,11.800000190734863),(1.731784462928772,1.1009272336959839,11.800000190734863),(1.731784462928772,1.1009271144866943,11.800000190734863),(1.923734188079834,0.34592318534851074,13.199999809265137),(1.943243145942688,0.444001704454422,13.199999809265137),(2.193842887878418,-1.6653345369377348E-16,15.960982322692871),(2.190000057220459,-1.6653345369377348E-16,16.),(2.193842887878418,-1.6653345369377348E-16,16.039018630981445),(2.2052240371704102,-1.6653345369377348E-16,15.923462867736816),(2.2237060070037842,-1.6653345369377348E-16,15.888885498046875),(2.2052240371704102,-1.6653345369377348E-16,16.076536178588867),(2.2237060070037842,-1.6653345369377348E-16,16.111114501953125),(2.2126188278198242,0.31747055053710938,15.909627914428711),(2.2237060070037842,0.31637853384017944,15.888885498046875),(2.2320678234100342,0.31555497646331787,15.973684310913086),(2.2237060070037842,0.31637853384017944,16.111114501953125),(2.234703540802002,0.31529539823532104,16.106016159057617),(2.2353246212005615,0.31523421406745911,16.113214492797852),(2.2485785484313965,-1.6653345369377348E-16,15.858578681945801),(2.2788858413696289,-1.6653345369377348E-16,15.833705902099609),(2.3134632110595703,-1.6653345369377348E-16,15.815223693847656),(2.3509819507598877,-1.6653345369377348E-16,15.803842544555664),(2.2485785484313965,0.31392881274223328,15.858578681945801),(2.270512580871582,0.31176850199699402,15.840578079223633),(2.2477343082427979,0.31401196122169495,16.024848937988281),(2.2433614730834961,0.31444266438484192,16.111673355102539),(2.2788858413696289,0.31094381213188171,15.833705902099609),(2.3134632110595703,0.307538241147995,15.815223693847656),(2.3106422424316406,0.30781605839729309,15.993356704711914),(2.3030328750610352,0.30856552720069885,16.124397277832031),(2.3372054100036621,0.30519983172416687,15.808021545410156),(2.3509819507598877,0.30384296178817749,15.803842544555664),(2.3372054100036621,0.30519983172416687,16.056280136108398),(2.193842887878418,0.31931978464126587,15.960982322692871),(2.190000057220459,0.3196982741355896,16.),(2.193842887878418,0.31931978464126587,16.039018630981445),(2.2052240371704102,0.31819885969161987,15.923462867736816),(2.2052240371704102,0.31819885969161987,16.076536178588867),(2.2103183269500732,0.31769710779190063,16.086067199707031),(2.0349357128143311,0.90497064590454102,11.800000190734863),(2.0544445514678955,1.003049373626709,11.800000190734863),(1.3626480102539062,0.54218792915344238,18.507526397705078),(1.4046390056610107,0.51974332332611084,18.536935806274414),(1.4259806871414185,0.50304621458053589,18.610000610351562),(1.4563766717910767,0.49208894371986389,18.610000610351562),(1.4420449733734131,0.49974942207336426,18.563133239746094),(1.4753866195678711,0.48192793130874634,18.610000610351562),(1.4663162231445312,0.59455054998397827,18.610000610351562),(1.533286452293396,0.46436420083045959,18.610000610351562),(1.4954402446746826,0.58405178785324097,18.610000610351562),(1.5136549472808838,0.57431584596633911,18.610000610351562),(1.5691328048706055,0.55748683214187622,18.610000610351562),(1.6535582542419434,0.42788013815879822,18.480867385864258),(1.6544977426528931,0.42759516835212708,18.610000610351562),(1.7368929386138916,0.39096733927726746,18.610000610351562),(1.7898831367492676,0.3865264356136322,18.477605819702148),(1.7316521406173706,0.40419062972068787,18.478998184204102),(1.7642196416854858,0.48716115951538086,18.610000610351562),(1.2321845293045044,0.62281888723373413,18.923568725585938),(1.3530063629150391,0.62822234630584717,19.231142044067383),(1.5338331460952759,0.48091199994087219,18.924655914306641),(1.5696560144424438,0.57334244251251221,18.911491394042969),(1.6699912548065186,0.50017642974853516,19.241157531738281),(1.7001171112060547,0.59180086851119995,19.214750289916992),(1.2806286811828613,0.709311842918396,18.91044807434082),(1.2080814838409424,0.89589560031890869,19.402690887451172),(1.3049627542495728,0.87853431701660156,19.729547500610352),(1.396395206451416,0.7144891619682312,19.20515251159668),(1.4936578273773193,0.67305159568786621,19.526836395263672),(1.2143702507019043,1.2093368768692017,19.902141571044922),(1.350361704826355,0.95432788133621216,19.682704925537109),(1.5311616659164429,0.75744271278381348,19.488475799560547),(1.65144944190979,0.75644940137863159,19.805000305175781),(1.6823511123657227,0.83735108375549316,19.754999160766602),(1.5015221834182739,1.0000147819519043,20.047586441040039),(1.5386970043182373,1.0707254409790039,19.987436294555664),(1.682548999786377,1.1426855325698853,20.288520812988281),(1.7121495008468628,1.2074267864227295,20.218290328979492),(1.8623595237731934,0.36454099416732788,18.610000610351562),(1.923734188079834,0.34592318534851074,18.610000610351562),(1.8844362497329712,0.46184056997299194,18.610000610351562),(1.9744843244552612,0.34092473983764648,18.610000610351562),(2.0107383728027344,0.33735400438308716,18.529909133911133),(1.943243145942688,0.444001704454422,18.610000610351562),(1.9918699264526367,0.4392123818397522,18.610000610351562),(2.0602941513061523,0.32285106182098389,18.610000610351562),(2.0740892887115479,0.42189496755599976,18.610000610351562),(2.2485785484313965,-1.6653345369377348E-16,16.141422271728516),(2.2788858413696289,-1.6653345369377348E-16,16.166294097900391),(2.3134632110595703,-1.6653345369377348E-16,16.184776306152344),(2.3509819507598877,-1.6653345369377348E-16,16.196157455444336),(2.2485785484313965,0.31392881274223328,16.141422271728516),(2.2590970993041992,0.31289282441139221,16.130409240722656),(2.2556436061859131,0.31323298811912537,16.137973785400391),(2.2727410793304443,0.31154900789260864,16.160148620605469),(2.270512580871582,0.31176850199699402,16.159421920776367),(2.2788858413696289,0.31094381213188171,16.166294097900391),(2.3030328750610352,0.30856552720069885,16.148208618164062),(2.3134632110595703,0.307538241147995,16.184776306152344),(2.3177812099456787,0.30711296200752258,16.155702590942383),(2.3372054100036621,0.30519983172416687,16.191978454589844),(2.3509819507598877,0.30384296178817749,16.196157455444336),(2.1253683567047119,0.32606396079063416,18.454561233520508),(1.8639203310012817,0.3803216814994812,18.927373886108398),(1.8859319686889648,0.47696095705032349,18.914094924926758),(1.8195620775222778,0.56049442291259766,19.532987594604492),(2.0017209053039551,0.41697493195533752,19.238248825073242),(2.0179669857025146,0.51208055019378662,19.21196174621582),(2.1934404373168945,0.32942485809326172,18.92803955078125),(2.2016646862030029,0.42819368839263916,18.914731979370117),(2.193246603012085,0.50797182321548462,19.565061569213867),(2.2014789581298828,0.59927010536193848,19.525100708007812),(1.8434298038482666,0.64959508180618286,19.494369506835938),(1.8233636617660522,0.87682098150253296,20.060312271118164),(2.0161216259002686,0.68197482824325562,19.851028442382812),(2.0317649841308594,0.76599264144897461,19.799102783203125),(1.8470723628997803,0.95268625020980835,19.999629974365234),(2.0061132907867432,1.0318646430969238,20.287891387939453),(2.0221755504608154,1.1012426614761353,20.217685699462891),(2.1960709095001221,0.82531154155731201,20.092372894287109),(2.2041852474212646,0.90333199501037598,20.03034782409668),(2.1962037086486816,1.2186155319213867,20.48338508605957),(1.3734723329544067,1.2851932048797607,20.254776000976562),(1.4160047769546509,1.3439717292785645,20.185956954956055),(1.270452618598938,1.6049627065658569,20.421464920043945),(1.3172956705093384,1.6503617763519287,20.345672607421875),(1.4731631278991699,1.7936577796936035,20.626949310302734),(1.5626943111419678,1.4564692974090576,20.482450485229492),(1.5973095893859863,1.5080814361572266,20.404104232788086),(1.5115245580673218,1.8311617374420166,20.542556762695312),(1.7688583135604858,1.6530063152313232,20.671777725219727),(1.2450000047683716,1.9823510646820068,20.462648391723633),(1.1950000524520874,1.9514493942260742,20.543550491333008),(1.4670121669769287,2.1195621490478516,20.739505767822266),(1.2008980512619019,2.3317651748657227,20.534008026123047),(1.4349391460418701,2.4932465553283691,20.792028427124023),(1.4748998880386353,2.501478910446167,20.700729370117188),(1.5056308507919312,2.1434297561645508,20.650405883789062),(1.7588422298431396,1.9699913263320923,20.799823760986328),(1.7852505445480347,2.0001170635223389,20.708198547363281),(1.788037896156311,2.3179669380187988,20.787919998168945),(1.7617512941360474,2.3017208576202393,20.883024215698242),(1.8808753490447998,1.3247085809707642,20.504430770874023),(1.9021776914596558,1.3818336725234985,20.425167083740234),(2.0764310359954834,1.5321844816207886,20.677181243896484),(2.0895512104034424,1.5806286334991455,20.590688705444336),(1.7948474884033203,1.6963951587677002,20.58551025390625),(2.0753436088562012,1.8338332176208496,20.819087982177734),(2.0885090827941895,1.8696560859680176,20.726657867431641),(2.2043123245239258,1.2801797389984131,20.405000686645508),(2.0859053134918213,2.185931921005249,20.823038101196289),(2.0726258754730225,2.1639204025268555,20.919677734375),(2.0719599723815918,2.4934403896331787,20.970575332641602),(2.0852670669555664,2.5016646385192871,20.871807098388672),(2.1355335712432861,2.5327310562133789,20.976457595825195),(2.140559196472168,2.5233290195465088,20.976055145263672),(2.140559196472168,2.5233290195465088,21.5),(2.2233288288116455,2.4405591487884521,20.974430084228516),(2.2233288288116455,2.4405591487884521,21.5),(2.1778678894042969,2.4778680801391602,20.974758148193359),(2.19706130027771,2.4621162414550781,20.974618911743164),(2.1778678894042969,2.4778680801391602,21.5),(2.2751948833465576,2.4128360748291016,20.975086212158203),(2.2546141147613525,2.4238367080688477,20.974824905395508),(2.2909181118011475,2.4080665111541748,20.975536346435547),(2.2751948833465576,2.4128360748291016,21.5),(2.3314728736877441,2.3957643508911133,20.97669792175293),(2.3314728736877441,2.3957643508911133,21.5),(0.070000000298023224,2.5484070777893066,0.56816458702087402),(0.070000000298023224,2.617816686630249,0.54710942506790161),(0.070000000298023224,2.690000057220459,0.54000002145767212),(0.070000000298023224,2.5484070777893066,1.2518354654312134),(0.070000000298023224,2.617816686630249,1.272890567779541),(0.070000000298023224,2.690000057220459,0.9100000262260437),(0.070000000298023224,2.690000057220459,1.2799999713897705),(0.070000000298023224,2.7621834278106689,0.54710942506790161),(0.070000000298023224,2.8315927982330322,0.56816458702087402),(0.070000000298023224,2.7621834278106689,1.272890567779541),(0.070000000298023224,2.8315927982330322,1.2518354654312134),(0.070000000298023224,2.8955609798431396,0.60235625505447388),(0.070000000298023224,2.9516294002532959,0.64837050437927246),(0.070000000298023224,2.8955609798431396,1.2176437377929688),(0.070000000298023224,2.9976437091827393,0.70443898439407349),(0.070000000298023224,2.9516294002532959,1.1716295480728149),(0.070000000298023224,2.9976437091827393,1.1155610084533691),(0.070000000298023224,3.0318353176116943,0.76840710639953613),(0.070000000298023224,3.0528905391693115,0.83781659603118896),(0.070000000298023224,3.0528905391693115,0.98218339681625366),(0.070000000298023224,3.059999942779541,0.9100000262260437),(0.070000000298023224,3.0318353176116943,1.0515928268432617),(0.58740121126174927,2.690000057220459,1.5689269304275513),(0.56999999284744263,2.690000057220459,1.8200000524520874),(0.56999999284744263,2.690000057220459,1.8200000524520874),(0.56999999284744263,2.690000057220459,1.8200000524520874),(0.5924072265625,2.9321894645690918,1.6703187227249146),(0.59202307462692261,2.9136040210723877,1.9774619340896606),(0.5924072265625,2.9321894645690918,1.9696812629699707),(0.59385174512863159,2.9321706295013428,1.9790332317352295),(0.59408581256866455,2.9345476627349854,1.9776817560195923),(0.59562957286834717,2.9502213001251221,1.8200000524520874),(0.59462887048721313,2.9400613307952881,1.9745463132858276),(0.59562957286834717,2.9502213001251221,1.9585589170455933),(0.59553974866867065,2.9493091106414795,1.9599944353103638),(0.6642647385597229,2.5991435050964355,1.2672260999679565),(0.66256523132324219,2.608513355255127,1.2700684070587158),(0.66206419467926025,2.6115953922271729,1.2710033655166626),(0.66105282306671143,2.617816686630249,1.272890567779541),(0.63927221298217773,2.690000057220459,1.3226549625396729),(0.65464866161346436,2.690000057220459,1.2799999713897705),(0.67346745729446411,2.5484070777893066,1.2518354654312134),(0.7246209979057312,2.690000057220459,1.0858932733535767),(0.7246209979057312,2.690000057220459,1.0858932733535767),(0.66105282306671143,2.7621834278106689,1.272890567779541),(0.66206419467926025,2.7684047222137451,1.2710033655166626),(0.66256523132324219,2.771486759185791,1.2700684070587158),(0.67346739768981934,2.8315927982330322,1.2518354654312134),(0.81612533330917358,2.690000057220459,1.1262288093566895),(0.67000001668930054,2.690000057220459,1.8200000524520874),(0.68644511699676514,2.690000057220459,1.5827221870422363),(0.73546600341796875,2.690000057220459,1.3499815464019775),(0.68958711624145508,2.8955609798431396,1.2176437377929688),(0.70776563882827759,2.9296128749847412,1.1680235862731934),(0.70120489597320557,2.9297900199890137,1.1895525455474854),(0.70882028341293335,2.9469401836395264,1.1754777431488037),(0.70999419689178467,2.9489798545837402,1.1738039255142212),(0.71151918172836304,2.9516294002532959,1.1716295480728149),(0.73103934526443481,2.9780347347259521,1.1394546031951904),(0.74627107381820679,2.9976437091827393,1.1155610084533691),(0.7224355936050415,3.1706306934356689,1.2717088460922241),(0.80019611120223999,2.9164471626281738,1.2038464546203613),(0.82091796398162842,3.0528905391693115,0.98218339681625366),(0.8179856538772583,3.0515666007995605,0.98654788732528687),(0.78333991765975952,3.0318353176116943,1.0515928268432617),(0.81994336843490601,3.1630032062530518,1.030322790145874),(0.8140600323677063,3.1442222595214844,1.3018347024917603),(0.86569541692733765,3.059999942779541,0.9100000262260437),(0.63116544485092163,2.9316823482513428,1.4193869829177856),(0.69117605686187744,2.9188823699951172,1.6785429716110229),(0.72780472040176392,2.918403148651123,1.4413987398147583),(0.69117605686187744,2.9188823699951172,1.8200000524520874),(0.69422131776809692,2.9359233379364014,1.8200000524520874),(0.60497081279754639,3.0450644493103027,1.8200000524520874),(0.65907716751098633,3.1684153079986572,1.5243231058120728),(0.623485267162323,3.1060984134674072,1.8200000524520874),(0.623485267162323,3.1060984134674072,1.8624112606048584),(0.63577252626419067,3.1748566627502441,1.8200000524520874),(0.64367985725402832,3.1726710796356201,1.9203238487243652),(0.70304930210113525,3.0255553722381592,1.8200000524520874),(0.7205464243888855,3.0832357406616211,1.8200000524520874),(0.7321586012840271,3.1482160091400146,1.8200000524520874),(0.75418281555175781,3.1421287059783936,1.5405690670013428),(0.96340566873550415,2.5424230098724365,0.69953149557113647),(0.96340566873550415,2.5424230098724365,0.69953149557113647),(0.96340566873550415,2.5424230098724365,0.69953149557113647),(0.9268805980682373,2.690000057220459,0.91574251651763916),(1.0417900085449219,2.5505316257476807,0.76109570264816284),(0.96340566873550415,2.8375771045684814,0.69953149557113647),(0.96340566873550415,2.8375771045684814,0.69953149557113647),(0.96340566873550415,2.8375771045684814,0.69953149557113647),(1.0417900085449219,2.8294684886932373,0.76109570264816284),(1.0854743719100952,2.5484070777893066,0.56816458702087402),(1.0939030647277832,2.5971779823303223,0.55337011814117432),(1.0974699258804321,2.617816686630249,0.54710942506790161),(1.0972992181777954,2.6270134449005127,0.54620361328125),(1.0964456796646118,2.6729815006256104,0.54167616367340088),(1.0962241888046265,2.6893253326416016,0.54006648063659668),(1.0962677001953125,2.6897006034851074,0.54002952575683594),(1.0962241888046265,2.6906747817993164,0.54006648063659668),(1.095467209815979,2.690000057220459,0.54070919752120972),(1.0963025093078613,2.690000057220459,0.54000002145767212),(1.0962677001953125,2.6902995109558105,0.54002952575683594),(1.095467209815979,2.690000057220459,0.54070919752120972),(1.166595458984375,2.690000057220459,0.61099988222122192),(1.0964456796646118,2.7070186138153076,0.54167616367340088),(1.0973645448684692,2.7565107345581055,0.5465506911277771),(1.0974699258804321,2.7621834278106689,0.54710942506790161),(1.0766828060150146,2.8542056083679199,0.58025133609771729),(1.0938534736633301,2.7831089496612549,0.55345714092254639),(1.0854743719100952,2.8315927982330322,0.56816458702087402),(1.0354572534561157,2.940288782119751,0.63906341791152954),(1.0301402807235718,2.9516294002532959,0.64837050437927246),(0.90232151746749878,2.9156646728515625,0.98676037788391113),(1.002032995223999,2.9867997169494629,0.69122546911239624),(0.99336665868759155,2.9976437091827393,0.70443898439407349),(0.90689665079116821,3.0528905391693115,0.83781659603118896),(0.91914165019989014,3.0457370281219482,0.81423491239547729),(0.9505927562713623,3.0295431613922119,0.76411890983581543),(0.94804853200912476,3.0318353176116943,0.76840710639953613),(0.94737839698791504,3.0777015686035156,0.78032195568084717),(0.90621018409729004,3.1370141506195068,1.073711633682251),(1.0266432762145996,3.0563993453979492,0.83744716644287109),(1.0606043338775635,2.8955609798431396,0.60235625505447388),(1.0459719896316528,2.9178612232208252,0.62065768241882324),(1.1122754812240601,2.9823319911956787,0.5573195219039917),(1.1824800968170166,2.9662699699401855,0.6266975998878479),(0.85408109426498413,3.3881769180297852,1.1374298334121704),(0.64754116535186768,3.1854002475738525,1.9088393449783325),(0.64754116535186768,3.1854002475738525,1.9165518283843994),(0.67741084098815918,3.2838671207427979,1.8200000524520874),(0.67741060256958008,3.2838666439056396,1.8200000524520874),(0.67741060256958008,3.2838666439056396,1.8873718976974487),(0.70853924751281738,3.386483907699585,1.8200000524520874),(0.72837185859680176,3.4172847270965576,1.6701711416244507),(0.72837185859680176,3.4172847270965576,1.8200000524520874),(0.77150893211364746,3.2512364387512207,1.8200000524520874),(0.76836812496185303,3.3928611278533936,1.3856079578399658),(0.81967014074325562,3.377324104309082,1.6784034967422485),(0.80092722177505493,3.3482155799865723,1.8200000524520874),(0.81967014074325562,3.377324104309082,1.8200000524520874),(0.85746878385543823,3.3542423248291016,1.4094756841659546),(0.85871511697769165,3.4563291072845459,1.8200000524520874),(0.76968806982040405,3.5008852481842041,1.8200000524520874),(0.76968806982040405,3.5008852481842041,1.9152612686157227),(0.86087626218795776,3.6350505352020264,1.5352892875671387),(0.8418155312538147,3.6468305587768555,1.8200000524520874),(0.8462369441986084,3.6440980434417725,1.8860423564910889),(0.84907072782516479,3.6493997573852539,1.878754734992981),(0.86260604858398438,3.67472243309021,1.8200000524520874),(0.86260581016540527,3.6747221946716309,1.8200000524520874),(0.86260581016540527,3.6747221946716309,1.8439468145370483),(0.87672531604766846,3.7011377811431885,1.8200000524520874),(0.96411788463592529,3.3199985027313232,0.88065862655639648),(1.0424630641937256,3.2853832244873047,0.93227082490921021),(0.93847227096557617,3.3498156070709229,1.1749336719512939),(1.1117960214614868,3.2287282943725586,0.64171034097671509),(1.1820271015167236,3.1991279125213623,0.70645153522491455),(1.1374924182891846,3.4640922546386719,0.75023084878921509),(0.91758906841278076,3.5999999046325684,1.2575891017913818),(1.0105575323104858,3.5425422191619873,0.99373728036880493),(0.99849075078964233,3.5499999523162842,1.2884907722473145),(1.0863510370254517,3.495699405670166,1.0391362905502319),(1.1030656099319458,3.7847316265106201,1.143418550491333),(1.173776388168335,3.7245817184448242,1.1805933713912964),(0.94489401578903198,3.5831246376037598,1.550932765007019),(0.9268805980682373,3.5942575931549072,1.8200000524520874),(0.94652873277664185,3.6206169128417969,1.8200000524520874),(0.95987224578857422,3.6455807685852051,1.8200000524520874),(0.93745553493499756,3.7751379013061523,1.8200000524520874),(0.93745553493499756,3.7751379013061523,1.9301604032516479),(0.94089710712432861,3.7793314456939697,1.9371039867401123),(0.96141254901885986,3.8043296337127686,1.97849440574646),(1.0172649621963501,3.7155139446258545,1.8200000524520874),(1.0092527866363525,3.7944216728210449,1.388502836227417),(1.0851180553436279,3.7337391376495361,1.412211537361145),(1.0480484962463379,3.7568120956420898,1.6804360151290894),(1.0480484962463379,3.7568120956420898,1.8200000524520874),(0.97002804279327393,3.818835973739624,1.6723217964172363),(0.97002804279327393,3.818835973739624,1.9676781892776489),(0.97220540046691895,3.8174808025360107,1.9834331274032593),(0.98476874828338623,3.8327891826629639,1.9812345504760742),(0.98506861925125122,3.8331546783447266,1.9808158874511719),(1.0251367092132568,3.8819777965545654,1.9105467796325684),(1.0685473680496216,3.9348738193511963,1.8200000524520874),(1.0685473680496216,3.9348738193511963,1.864258885383606),(1.1411594152450562,3.8664798736572266,1.8200000524520874),(1.1273195743560791,3.9677245616912842,1.5276678800582886),(1.173776388168335,3.9062237739562988,1.8200000524520874),(1.1774921417236328,3.9092731475830078,1.8200000524520874),(1.1809998750686646,3.9134047031402588,1.8200000524520874),(1.1030656099319458,3.9769344329833984,1.8200000524520874),(1.1069982051849365,3.9801616668701172,1.8200000524520874),(1.1069982051849365,3.9801616668701172,1.8238956928253174),(1.1107091903686523,3.9845328330993652,1.8200000524520874),(1.1114324331283569,3.9838008880615234,1.8327292203903198),(1.1323764324188232,4.0009889602661133,1.8519256114959717),(1.2611639499664307,2.5423219203948975,0.4000280499458313),(1.3231879472732544,2.5504360198974609,0.47804847359657288),(1.2611639499664307,2.8376781940460205,0.4000280499458313),(1.3231879472732544,2.829564094543457,0.47804847359657288),(1.4331693649291992,2.690000057220459,0.27181553840637207),(1.485742449760437,2.690000057220459,0.35688060522079468),(1.2855782508850098,3.1214971542358398,0.4392528235912323),(1.4449495077133179,2.9747107028961182,0.29087623953819275),(1.3462607860565186,3.0977885723114014,0.5151180624961853),(1.6627151966094971,2.5401711463928223,0.15837186574935913),(1.7026758193969727,2.5484035015106201,0.2496701180934906),(1.6627151966094971,2.8398289680480957,0.15837186574935913),(1.7026758193969727,2.8315966129302979,0.2496701180934906),(1.4968754053115845,2.9590673446655273,0.37489402294158936),(1.6871389150619507,3.124392032623291,0.1983681321144104),(1.7257577180862427,3.1005244255065918,0.28746879100799561),(1.2952682971954346,3.3665814399719238,0.53306567668914795),(1.2063115835189819,3.4215598106384277,0.8090093731880188),(1.35541832447052,3.32940673828125,0.60377633571624756),(1.4800000190734863,3.252410888671875,0.34758907556533813),(1.2132284641265869,3.7169425487518311,0.88565671443939209),(1.2778861522674561,3.6605172157287598,0.93699425458908081),(1.3630573749542236,3.6243433952331543,0.64322841167449951),(1.4194827079772949,3.5730056762695312,0.7078862190246582),(1.5299999713897705,3.2215092182159424,0.42849075794219971),(1.5843006372451782,3.4708635807037354,0.51635110378265381),(1.6918230056762695,3.372570276260376,0.2840811014175415),(1.7301844358444214,3.3350663185119629,0.36847227811813354),(1.5374577045440674,3.5162627696990967,0.44055753946304321),(1.6159077882766724,3.7597692012786865,0.56749242544174194),(1.5069942474365234,3.8021137714385986,0.84948277473449707),(1.760001540184021,3.6293413639068604,0.39411792159080505),(1.6584403514862061,3.7009906768798828,0.63631153106689453),(1.9051434993743896,2.690000057220459,0.065772503614425659),(1.93178391456604,2.690000057220459,0.16215862333774567),(1.9378712177276611,2.9694309234619141,0.1841827929019928),(1.911584734916687,2.9856770038604736,0.089077137410640717),(2.147810697555542,2.5403187274932861,0.022407220676541328),(2.1611177921295166,2.5485429763793945,0.12117605656385422),(2.1611177921295166,2.8314571380615234,0.12117605656385422),(2.147810697555542,2.8396813869476318,0.022407220676541328),(2.1615970134735107,3.0686013698577881,0.15780472755432129),(2.1483175754547119,3.0906128883361816,0.061165474355220795),(1.9357776641845703,3.208165168762207,0.24406002461910248),(1.9093693494796753,3.2382912635803223,0.15243560075759888),(1.9169967174530029,3.4796772003173828,0.24994336068630219),(1.9429858922958374,3.4362883567810059,0.3362102210521698),(1.7946168184280396,3.5777292251586914,0.47246307134628296),(1.8808721303939819,3.8035485744476318,0.61202704906463623),(2.0022983551025391,3.7296779155731201,0.37737840414047241),(2.0236005783081055,3.6725528240203857,0.45664331316947937),(2.1635527610778809,3.3061535358428955,0.23019608855247498),(2.1503872871398926,3.3419764041900635,0.13776563107967377),(2.1643352508544922,3.5232396125793457,0.33232155442237854),(2.1512153148651123,3.5716838836669922,0.24582861363887787),(2.2505316734313965,3.7489042282104492,0.47178995609283447),(1.2117103338241577,3.9682040214538574,1.2812716960906982),(1.276451587677002,3.8979728221893311,1.3108720779418945),(1.3202308416366577,3.9425075054168701,1.045907735824585),(1.3790093660354614,3.8736884593963623,1.0884402990341187),(1.4556566476821899,3.8667716979980469,0.79305732250213623),(1.4506586790084839,4.1158819198608398,1.1900014877319336),(1.1966975927352905,3.8975198268890381,1.5437301397323608),(1.2695314884185791,4.1165943145751953,1.6724230051040649),(1.256067156791687,4.1024994850158691,1.9812822341918945),(1.2695314884185791,4.1165943145751953,1.9675770998001099),(1.2653430700302124,4.110112190246582,1.9817057847976685),(1.3310956954956055,4.0382099151611328,1.6805316209793091),(1.3310956954956055,4.0382099151611328,1.8200000524520874),(1.2744245529174805,4.1175651550292969,1.9821200370788574),(1.2783766984939575,4.1208086013793945,1.9786864519119263),(1.28455650806427,4.125880241394043,1.9733161926269531),(1.4074470996856689,4.0533566474914551,1.4536006450653076),(1.3681622743606567,4.0657520294189453,1.8200000524520874),(1.4344191551208496,4.1201276779174805,1.8200000524520874),(1.308751106262207,4.1457362174987793,1.8200000524520874),(1.308751106262207,4.1457362174987793,1.9322067499160767),(1.3503220081329346,4.1326217651367188,1.4322984218597412),(1.3788621425628662,4.2032747268676758,1.8200000524520874),(1.404963493347168,4.2172260284423828,1.8200000524520874),(1.404963493347168,4.2172260284423828,1.8454375267028809),(1.4590849876403809,4.1333117485046387,1.8200000524520874),(1.485742449760437,4.1531195640563965,1.8200000524520874),(1.4331693649291992,4.2381844520568848,1.8200000524520874),(1.4205105304718018,4.2255363464355469,1.8647123575210571),(1.4643410444259644,4.2489643096923828,1.9190505743026733),(1.5022708177566528,4.0375370979309082,1.2246167659759521),(1.5637372732162476,4.0694422721862793,0.96745765209197998),(1.6091363430023193,3.9936490058898926,1.0143007040023804),(1.7505934238433838,3.9062237739562988,0.78541833162307739),(1.7134186029434204,3.9769344329833984,0.72526824474334717),(1.7074297666549683,4.2259187698364258,1.1218229532241821),(1.7449336051940918,4.1415276527404785,1.160184383392334),(1.5567604303359985,4.1776785850524902,1.5943353176116943),(1.5083161592483521,4.2641716003417969,1.5812152624130249),(1.5115318298339844,4.2741880416870117,1.8344522714614868),(1.6003228425979614,4.2600564956665039,1.3469966650009155),(1.5440690517425537,4.2915797233581543,1.9073598384857178),(1.6076622009277344,4.3255710601806641,1.8980332612991333),(1.6076663732528687,4.3255734443664551,1.8980326652526855),(1.6437116861343384,4.1737899780273438,1.3729859590530396),(1.6962287425994873,4.2638745307922363,1.8200000524520874),(1.7738465070724487,4.2798037528991699,1.5935527086257935),(1.7181029319763184,4.2717599868774414,1.8200000524520874),(1.731784462928772,4.2790727615356445,1.8200000524520874),(1.6558932065963745,4.3553791046142578,1.8200000524520874),(1.6721742153167725,4.360053539276123,1.8424501419067383),(1.6790387630462646,4.3637228012084961,1.8200000524520874),(1.644231915473938,4.3451180458068848,1.8724237680435181),(1.6681259870529175,4.3578896522521973,1.8556886911392212),(1.6935161352157593,4.3714609146118164,1.8200000524520874),(1.7734552621841431,4.2917132377624512,1.8200000524520874),(1.7380236387252808,4.3722343444824219,1.5803872346878052),(1.7376114130020142,4.3848371505737305,1.8200000524520874),(1.8512716293334961,3.8682897090911865,0.54179608821868896),(1.8584908246994019,4.0815091133117676,0.95999997854232788),(1.9822114706039429,3.9948818683624268,0.77626073360443115),(1.9585028886795044,4.0707473754882812,0.71557825803756714),(1.8275890350341797,4.1624107360839844,0.9100000262260437),(1.8417088985443115,4.3575644493103027,1.3393694162368774),(1.979475736618042,4.2225313186645508,1.1557576656341553),(1.9556080102920532,4.3116316795349121,1.1171389818191528),(1.8718347549438477,4.2659401893615723,1.3657776117324829),(1.8291962146759033,4.4126186370849609,1.9183340072631836),(1.9199815988540649,4.3445339202880859,1.8200000524520874),(1.8926548957824707,4.440727710723877,1.8200000524520874),(1.9330071210861206,4.4441094398498535,1.9208186864852905),(2.0113987922668457,4.3521952629089355,1.5915969610214233),(2.0102734565734863,4.3635516166687012,1.8200000524520874),(2.0544445514678955,4.376950740814209,1.8200000524520874),(2.0909695625305176,4.3805480003356934,1.8200000524520874),(2.1137301921844482,3.8833024501800537,0.61248010396957397),(2.097667932510376,3.9526805877685547,0.54227548837661743),(2.2424230575561523,3.8104684352874756,0.39340567588806152),(2.2504360675811768,4.0319514274597168,0.75318789482116699),(2.2423217296600342,4.1099720001220703,0.69116395711898804),(2.1209328174591064,4.135106086730957,0.92687541246414185),(2.1052892208099365,4.2191238403320312,0.87494957447052002),(2.0943231582641602,4.4209227561950684,1.3415846824645996),(2.2401711940765381,4.351628303527832,1.0927151441574097),(2.2484035491943359,4.2603297233581543,1.1326758861541748),(2.1105690002441406,4.3258171081542969,1.3678712844848633),(2.1527221202850342,4.3935546875,1.8200000524520874),(2.2485430240631104,4.3888239860534668,1.5911177396774292),(1.989387035369873,4.4488344192504883,1.5783176422119141),(1.9489785432815552,4.4489541053771973,1.8916443586349487),(1.9882000684738159,4.4608521461486816,1.8200000524520874),(1.9881987571716309,4.4608516693115234,1.8200000524520874),(2.0349357128143311,4.4750289916992188,1.8200000524520874),(2.0735824108123779,4.4788355827331543,1.8200000524520874),(2.0735807418823242,4.4788351058959961,1.8200000524520874),(2.09275221824646,4.4807233810424805,1.862348198890686),(2.1011908054351807,4.4815545082092285,1.8809883594512939),(2.1389269828796387,4.4925985336303711,1.8200000524520874),(2.240318775177002,4.4875926971435547,1.5778106451034546),(2.1884794235229492,4.4901518821716309,1.9383636713027954),(0.,2.690000057220459,13.199999809265137),(0.10000000149011612,2.690000057220459,13.199999809265137),(0.045923180878162384,3.1562659740447998,13.199999809265137),(0.14400170743465424,3.1367568969726562,13.199999809265137),(0.56999987363815308,2.690000057220459,11.800000190734863),(0.18192791938781738,3.6046133041381836,13.199999809265137),(0.27431586384773254,3.5663449764251709,13.199999809265137),(0.67000001668930054,2.690000057220459,11.800000190734863),(0.60497069358825684,3.0450644493103027,11.800000190734863),(0.70304930210113525,3.0255553722381592,11.800000190734863),(0.70853912830352783,3.386483907699585,11.800000190734863),(0.80092722177505493,3.3482155799865723,11.800000190734863),(0.87672519683837891,3.7011377811431885,11.800000190734863),(0.95987224578857422,3.6455807685852051,11.800000190734863),(0.,2.690000057220459,18.610000610351562),(0.,2.690000057220459,18.610000610351562),(0.,2.690000057220459,18.610000610351562),(0.10000000149011612,2.690000057220459,18.610000610351562),(0.028920400887727737,2.9836337566375732,18.403223037719727),(0.030780354514718056,3.0025181770324707,18.40162467956543),(0.029424866661429405,3.0080399513244629,18.413440704345703),(0.031321749091148376,3.0080151557922363,18.401159286499023),(0.031945079565048218,3.0143439769744873,18.404758453369141),(0.029424866661429405,3.0080399513244629,18.806558609008789),(0.12819370627403259,2.9947328567504883,18.610000610351562),(0.12819370627403259,2.9947328567504883,18.798336029052734),(0.03234231099486351,3.0183770656585693,18.407051086425781),(0.033656369894742966,3.0317189693450928,18.428047180175781),(0.033656369894742966,3.0317189693450928,18.610000610351562),(0.045923180878162384,3.1562659740447998,18.610000610351562),(0.1322481632232666,3.0174210071563721,18.610000610351562),(0.14400170743465424,3.1367568969726562,18.610000610351562),(0.022851072251796722,2.690000057220459,18.939706802368164),(0.1218949630856514,2.690000057220459,18.925910949707031),(0.090967327356338501,2.690000057220459,19.263107299804688),(0.1871611624956131,2.690000057220459,19.235780715942383),(0.20304621756076813,2.690000057220459,19.574018478393555),(0.2945505678653717,2.690000057220459,19.533683776855469),(0.080321691930294037,3.0073740482330322,19.136079788208008),(0.17696094512939453,2.9940948486328125,19.114067077636719),(0.18091200292110443,3.0046563148498535,19.466167449951172),(0.27334246039390564,2.9914908409118652,19.430343627929688),(0.35694456100463867,2.690000057220459,19.866497039794922),(0.44200965762138367,2.690000057220459,19.813924789428711),(0.32281887531280518,3.0035688877105713,19.767814636230469),(0.40931183099746704,2.9904489517211914,19.719371795654297),(0.51661515235900879,2.883796215057373,20.081384658813477),(0.59499943256378174,2.8756875991821289,20.019821166992188),(0.070236116647720337,3.236414909362793,18.554306030273438),(0.072632730007171631,3.2443156242370605,18.547433853149414),(0.070236116647720337,3.236414909362793,18.610000610351562),(0.086371578276157379,3.326707124710083,18.610000610351562),(0.096755370497703552,3.3238372802734375,18.478256225585938),(0.11968734115362167,3.3994336128234863,18.50065803527832),(0.11968734115362167,3.3994336128234863,18.54646110534668),(0.14105011522769928,3.4698572158813477,18.521528244018555),(0.14105011522769928,3.4698572158813477,18.610000610351562),(0.16729733347892761,3.2135522365570068,18.610000610351562),(0.18275770545005798,3.3000667095184326,18.610000610351562),(0.23514863848686218,3.4372279644012451,18.610000610351562),(0.18192791938781738,3.6046133041381836,18.610000610351562),(0.20797184109687805,3.6450607776641846,18.610000610351562),(0.20797184109687805,3.6450607776641846,18.806753158569336),(0.27431586384773254,3.5663449764251709,18.610000610351562),(0.26222532987594604,3.7548391819000244,18.484901428222656),(0.26222532987594604,3.7548391819000244,18.610000610351562),(0.29927009344100952,3.605100154876709,18.610000610351562),(0.29927009344100952,3.605100154876709,18.798521041870117),(0.35125356912612915,3.7102851867675781,18.610000610351562),(0.11697492748498917,3.3182487487792969,18.998279571533203),(0.21208058297634125,3.2919621467590332,18.982032775878906),(0.2001764178276062,3.321157693862915,19.330009460449219),(0.29180082678794861,3.2947494983673096,19.299882888793945),(0.2604944109916687,3.612987756729126,19.180437088012695),(0.32822233438491821,3.3111417293548584,19.646993637084961),(0.41448917984962463,3.2851524353027344,19.603605270385742),(0.49556833505630493,3.1991245746612549,19.975292205810547),(0.57483327388763428,3.1778223514556885,19.918167114257812),(0.59589558839797974,3.4826903343200684,19.79191780090332),(0.34959506988525391,3.5743691921234131,19.156570434570312),(0.37305158376693726,3.6068367958068848,19.506341934204102),(0.45744273066520691,3.5684754848480225,19.468837738037109),(0.51755046844482422,3.5173056125640869,19.843530654907227),(0.57853436470031738,3.8095474243164062,19.695037841796875),(0.69003665447235107,2.690000057220459,20.289947509765625),(0.76116484403610229,2.690000057220459,20.219657897949219),(0.71210896968841553,3.0738866329193115,20.268135070800781),(0.78231364488601685,3.0578243732452393,20.198757171630859),(1.1335026025772095,2.690000057220459,20.643054962158203),(1.1860758066177368,2.690000057220459,20.557991027832031),(0.9076274037361145,2.8839290142059326,20.474687576293945),(0.96965134143829346,2.8758149147033691,20.39666748046875),(1.1489721536636353,3.0638782978057861,20.618024826049805),(0.78171044588088989,3.3678505420684814,20.092573165893555),(0.71147948503494263,3.3974509239196777,20.157314300537109),(0.6543278694152832,3.7627043724060059,19.649639129638672),(0.74522358179092407,3.7065277099609375,20.014806747436523),(0.81404268741607666,3.6639952659606934,19.956027984619141),(0.93968790769577026,3.256636381149292,20.423179626464844),(1.0003703832626343,3.2329277992248535,20.347312927246094),(0.95241272449493408,3.5784778594970703,20.299985885620117),(1.0125628709793091,3.5413029193878174,20.229274749755859),(0.40278762578964233,4.0178127288818359,13.199999809265137),(0.48593458533287048,3.9622557163238525,13.199999809265137),(0.70001477003097534,4.3799853324890137,13.199999809265137),(0.77072548866271973,4.3092746734619141,13.199999809265137),(1.173776388168335,3.9062237739562988,11.800000190734863),(1.1030656099319458,3.9769346714019775,11.800000190734863),(1.1177442073822021,4.5940651893615723,13.199999809265137),(1.0621871948242188,4.6772122383117676,13.199999809265137),(0.36275073885917664,3.9429090023040771,18.523273468017578),(0.35694456100463867,3.9464974403381348,18.610000610351562),(0.37548768520355225,3.966738224029541,18.556028366088867),(0.44200965762138367,3.8939242362976074,18.610000610351562),(0.38424661755561829,3.9831249713897705,18.578554153442383),(0.38424661755561829,3.9831249713897705,18.610000610351562),(0.40278762578964233,4.0178127288818359,18.610000610351562),(0.46816912293434143,3.9290189743041992,18.610000610351562),(0.48593458533287048,3.9622557163238525,18.610000610351562),(0.4825349748134613,4.114985466003418,18.465341567993164),(0.4825349748134613,4.114985466003418,18.610000610351562),(0.56234627962112427,4.055363655090332,18.610000610351562),(0.51399731636047363,4.1533222198486328,18.401866912841797),(0.52109760046005249,4.1619739532470703,18.596981048583984),(0.52531152963638306,4.1723728179931641,18.416070938110352),(0.52817094326019287,4.1705927848815918,18.395380020141602),(0.54274731874465942,4.1883544921875,18.397932052612305),(0.54467010498046875,4.190697193145752,18.39826774597168),(0.52531152963638306,4.1723728179931641,18.803928375244141),(0.38197484612464905,3.931027889251709,18.983879089355469),(0.46599262952804565,3.8791019916534424,18.968235015869141),(0.45644938945770264,3.8849999904632568,19.348550796508789),(0.53735107183456421,3.8350000381469727,19.317649841308594),(0.57682102918624878,4.1403121948242188,19.1766357421875),(0.60333198308944702,4.1103487014770508,18.610000610351562),(0.60333198308944702,4.1103487014770508,18.795814514160156),(0.60060650110244751,4.2588558197021484,18.494216918945312),(0.62124776840209961,4.2840075492858887,18.510517120361328),(0.72729742527008057,4.2563571929931641,18.610000610351562),(0.65468579530715942,4.3247518539428711,18.5518798828125),(0.65468579530715942,4.3247518539428711,18.610000610351562),(0.65468776226043701,4.3247542381286621,18.610000610351562),(0.70001477003097534,4.3799853324890137,18.610000610351562),(0.70517981052398682,4.3842239379882812,18.604885101318359),(0.70517981052398682,4.3842239379882812,18.610000610351562),(0.70894914865493774,4.3873176574707031,18.597375869750977),(0.71100187301635742,4.3890023231506348,18.593286514282227),(0.71005219221115112,4.3899631500244141,18.610000610351562),(0.77072548866271973,4.3092746734619141,18.610000610351562),(0.77567297220230103,4.3133349418640137,18.610000610351562),(0.78034287691116333,4.3188352584838867,18.610000610351562),(0.65268623828887939,4.0796294212341309,19.152927398681641),(0.77072548866271973,4.0674371719360352,19.4613037109375),(0.84467905759811401,4.0385675430297852,19.836967468261719),(0.70001477003097534,4.1275873184204102,19.498477935791016),(0.73186463117599487,4.3678908348083496,18.993886947631836),(0.80124270915985107,4.2976865768432617,18.977825164794922),(0.84268558025360107,4.3685207366943359,19.317451477050781),(1.0414323806762695,3.9169673919677734,20.15532112121582),(0.90933686494827271,3.9821422100067139,19.785629272460938),(1.0978578329086304,3.8656296730041504,20.090663909912109),(1.0439717769622803,4.2659573554992676,19.583995819091797),(0.90742677450180054,4.2982897758483887,19.287851333618164),(0.98519325256347656,4.3347764015197754,19.626527786254883),(1.1630326509475708,4.235321044921875,19.958566665649414),(0.79068177938461304,4.4543938636779785,18.520254135131836),(0.80020052194595337,4.4622054100036621,18.520851135253906),(0.80020052194595337,4.4622054100036621,18.520851135253906),(0.90093261003494263,4.5448741912841797,18.398204803466797),(0.90384447574615479,4.5472640991210938,18.3980712890625),(0.91861557960510254,4.563385009765625,18.416204452514648),(0.92504119873046875,4.564659595489502,18.397106170654297),(0.93834787607192993,4.5755801200866699,18.408666610717773),(0.97012382745742798,4.6016578674316406,18.462657928466797),(0.97006791830062866,4.6016120910644531,18.462562561035156),(0.91861557960510254,4.563385009765625,18.803796768188477),(0.97012382745742798,4.6016578674316406,18.610000610351562),(0.9697306752204895,4.6013350486755371,18.609992980957031),(0.9697306752204895,4.6013350486755371,18.609992980957031),(0.98017978668212891,4.4850006103515625,18.610000610351562),(0.98017978668212891,4.4850006103515625,18.795686721801758),(1.0295331478118896,4.521672248840332,18.610000610351562),(1.1177442073822021,4.5940651893615723,18.610000610351562),(1.0621871948242188,4.6772122383117676,18.610000610351562),(1.0964617729187012,4.6955323219299316,18.576595306396484),(1.0964617729187012,4.6955323219299316,18.610000610351562),(1.1505837440490723,4.6116185188293457,18.610000610351562),(1.1860758066177368,4.6379904747009277,18.610000610351562),(1.1335026025772095,4.723055362701416,18.610000610351562),(1.1515798568725586,4.7249937057495117,18.610000610351562),(1.1744371652603149,4.7372112274169922,18.479927062988281),(1.0247085094451904,4.5844316482543945,19.119125366210938),(1.0818337202072144,4.5051665306091309,19.097822189331055),(1.1564693450927734,4.5624494552612305,19.437305450439453),(1.2008980512619019,3.0482349395751953,20.534008026123047),(1.4349391460418701,2.8867533206939697,20.792028427124023),(1.4748998880386353,2.8785209655761719,20.700729370117188),(1.7799332141876221,2.690000057220459,20.817241668701172),(1.7532927989959717,2.690000057220459,20.913627624511719),(1.788037896156311,3.06203293800354,20.787919998168945),(1.7617512941360474,3.0782790184020996,20.883024215698242),(1.2450000047683716,3.397648811340332,20.462648391723633),(1.1950000524520874,3.4285507202148438,20.543550491333008),(1.4670121669769287,3.2604379653930664,20.739505767822266),(1.3172956705093384,3.7296383380889893,20.345672607421875),(1.270452618598938,3.7750372886657715,20.421464920043945),(1.4731631278991699,3.5863420963287354,20.626949310302734),(1.5056308507919312,3.2365701198577881,20.650405883789062),(1.7588422298431396,3.4100086688995361,20.799823760986328),(1.7852505445480347,3.3798828125,20.708198547363281),(1.5115245580673218,3.5488383769989014,20.542556762695312),(1.7688583135604858,3.7269935607910156,20.671777725219727),(2.0908026695251465,2.6818487644195557,20.972318649291992),(2.0899999141693115,2.690000057220459,20.972244262695312),(2.0908026695251465,2.6981513500213623,20.972318649291992),(2.0899999141693115,2.690000057220459,21.5),(2.0719599723815918,2.8865594863891602,20.970575332641602),(2.0852670669555664,2.8783352375030518,20.871807098388672),(2.1128361225128174,2.5751950740814209,20.974357604980469),(2.1128361225128174,2.5751950740814209,21.5),(2.0957643985748291,2.6314728260040283,20.9727783203125),(2.0957643985748291,2.6314728260040283,21.5),(2.0957643985748291,2.7485270500183105,20.9727783203125),(2.0957643985748291,2.7485270500183105,21.5),(2.1128361225128174,2.8048050403594971,20.974357604980469),(2.1355335712432861,2.84726881980896,20.976457595825195),(2.140559196472168,2.8566710948944092,20.976055145263672),(2.1128361225128174,2.8048050403594971,21.5),(2.140559196472168,2.8566710948944092,21.5),(2.1778678894042969,2.9021320343017578,20.974758148193359),(2.1979384422302246,2.9186034202575684,20.974613189697266),(2.1778678894042969,2.9021320343017578,21.5),(2.2233288288116455,2.9394409656524658,20.974430084228516),(2.2233288288116455,2.9394409656524658,21.5),(2.2541859149932861,2.9559342861175537,20.974821090698242),(2.2751948833465576,2.9671638011932373,20.975086212158203),(2.2909018993377686,2.9719283580780029,20.975536346435547),(2.2751948833465576,2.9671638011932373,21.5),(2.3314728736877441,2.9842355251312256,20.97669792175293),(2.3314728736877441,2.9842355251312256,21.5),(2.0859053134918213,3.1940679550170898,20.823038101196289),(2.0726258754730225,3.2160797119140625,20.919677734375),(1.7948474884033203,3.6836047172546387,20.58551025390625),(2.0885090827941895,3.5103440284729004,20.726657867431641),(2.0753436088562012,3.5461668968200684,20.819087982177734),(2.0895512104034424,3.7993712425231934,20.590688705444336),(1.4344191551208496,4.1201276779174805,11.800000190734863),(1.3788621425628662,4.2032747268676758,11.800000190734863),(1.731784462928772,4.2790727615356445,11.800000190734863),(1.6935161352157593,4.3714609146118164,11.800000190734863),(1.4753866195678711,4.8980722427368164,13.199999809265137),(1.5136549472808838,4.8056840896606445,13.199999809265137),(2.0544445514678955,4.376950740814209,11.800000190734863),(2.0349357128143311,4.475029468536377,11.800000190734863),(1.923734188079834,5.0340766906738281,13.199999809265137),(1.943243145942688,4.9359984397888184,13.199999809265137),(1.4160047769546509,4.0360283851623535,20.185956954956055),(1.3734723329544067,4.0948066711425781,20.254776000976562),(1.2143702507019043,4.1706633567810059,19.902141571044922),(1.350361704826355,4.4256720542907715,19.682704925537109),(1.5626943111419678,3.9235305786132812,20.482450485229492),(1.5973095893859863,3.8719184398651123,20.404104232788086),(1.5386970043182373,4.3092746734619141,19.987436294555664),(1.5015221834182739,4.3799853324890137,20.047586441040039),(1.7121495008468628,4.1725730895996094,20.218290328979492),(1.682548999786377,4.2373142242431641,20.288520812988281),(1.3626505136489868,4.8378133773803711,18.507530212402344),(1.3669084310531616,4.8400893211364746,18.510513305664062),(1.4663162231445312,4.7854495048522949,18.610000610351562),(1.4259806871414185,4.8769536018371582,18.610000610351562),(1.4420440196990967,4.8802504539489746,18.563135147094727),(1.4563748836517334,4.8879103660583496,18.610000610351562),(1.4753866195678711,4.8980722427368164,18.610000610351562),(1.4954409599304199,4.7959485054016113,18.610000610351562),(1.5136549472808838,4.8056840896606445,18.610000610351562),(1.5332921743392944,4.9156374931335449,18.610000610351562),(1.5691308975219727,4.8225126266479492,18.610000610351562),(1.7642196416854858,4.8928389549255371,18.610000610351562),(1.6535599231719971,4.952120304107666,18.480869293212891),(1.7368929386138916,4.9890327453613281,18.610000610351562),(1.7898831367492676,4.9934735298156738,18.477605819702148),(1.2080814838409424,4.4841041564941406,19.402690887451172),(1.3049627542495728,4.5014657974243164,19.729547500610352),(1.2321845293045044,4.7571811676025391,18.923568725585938),(1.2806286811828613,4.6706881523132324,18.91044807434082),(1.396395206451416,4.6655106544494629,19.20515251159668),(1.3530063629150391,4.7517776489257812,19.231142044067383),(1.4936578273773193,4.7069482803344727,19.526836395263672),(1.5311616659164429,4.6225571632385254,19.488475799560547),(1.6823511123657227,4.5426487922668457,19.754999160766602),(1.65144944190979,4.6235504150390625,19.805000305175781),(1.5338331460952759,4.8990879058837891,18.924655914306641),(1.5696560144424438,4.8066573143005371,18.911491394042969),(1.7001171112060547,4.7881989479064941,19.214750289916992),(1.6699912548065186,4.8798236846923828,19.241157531738281),(1.9021776914596558,3.9981663227081299,20.425167083740234),(1.8808753490447998,4.0552916526794434,20.504430770874023),(2.0764310359954834,3.8478155136108398,20.677181243896484),(1.8470723628997803,4.4273138046264648,19.999629974365234),(2.0221755504608154,4.2787570953369141,20.217685699462891),(2.0061132907867432,4.3481354713439941,20.287891387939453),(2.2043123245239258,4.0998201370239258,20.405000686645508),(2.1962037086486816,4.1613845825195312,20.48338508605957),(1.8844360113143921,4.9181594848632812,18.610000610351562),(1.7966618537902832,4.9955296516418457,18.489988327026367),(1.8623610734939575,5.0154595375061035,18.610000610351562),(1.923734188079834,5.0340766906738281,18.610000610351562),(1.943243145942688,4.9359984397888184,18.610000610351562),(1.9918705224990845,4.9407877922058105,18.610000610351562),(1.9744840860366821,5.0390748977661133,18.610000610351562),(1.9952150583267212,5.0411167144775391,18.564201354980469),(2.0107381343841553,5.0426459312438965,18.529909133911133),(2.0740892887115479,4.9581050872802734,18.610000610351562),(2.0602941513061523,5.0571489334106445,18.610000610351562),(2.0946700572967529,5.0509123802185059,18.474737167358398),(2.1253690719604492,5.0539360046386719,18.454557418823242),(1.8233636617660522,4.5031790733337402,20.060312271118164),(1.8434298038482666,4.7304048538208008,19.494369506835938),(2.0161216259002686,4.6980252265930176,19.851028442382812),(2.0317649841308594,4.6140074729919434,19.799102783203125),(1.8859319686889648,4.9030389785766602,18.914094924926758),(1.8195620775222778,4.8195056915283203,19.532987594604492),(1.8639203310012817,4.9996781349182129,18.927373886108398),(2.0179669857025146,4.8679194450378418,19.21196174621582),(2.0017209053039551,4.9630250930786133,19.238248825073242),(2.2041852474212646,4.4766678810119629,20.03034782409668),(2.1960709095001221,4.5546884536743164,20.092372894287109),(2.2014789581298828,4.7807297706604004,19.525100708007812),(2.193246603012085,4.8720283508300781,19.565061569213867),(2.2016646862030029,4.9518060684204102,18.914731979370117),(2.1934404373168945,5.0505752563476562,18.92803955078125),(2.3900001049041748,0.93577247858047485,1.3351434469223022),(2.3900001049041748,0.87000000476837158,1.8200000524520874),(2.3900001049041748,0.87000000476837158,1.8200000524520874),(2.5396811962127686,0.89240723848342896,1.5778106451034546),(2.5915191173553467,0.88984787464141846,1.9383670091629028),(2.6410729885101318,0.88740122318267822,1.8200000524520874),(2.6460614204406738,0.89521980285644531,1.9025155305862427),(2.6788098812103271,0.8984452486038208,1.8809893131256104),(2.3900001049041748,1.1418155431747437,0.86316937208175659),(2.3900001049041748,1.2268805503845215,0.91574251651763916),(2.5315966606140137,1.1196701526641846,1.1326758861541748),(2.5398290157318115,1.0283718109130859,1.0927151441574097),(2.6856768131256104,0.95907711982727051,1.3415846824645996),(2.674710750579834,1.1608762741088867,0.87494957447052002),(2.6590673923492432,1.2448940277099609,0.92687541246414185),(2.3900001049041748,0.97000002861022949,1.8200000524520874),(2.3900001049041748,1.0321586132049561,1.3617838621139526),(2.5314569473266602,0.9911760687828064,1.5911177396774292),(2.6272778511047363,0.98644512891769409,1.8200000524520874),(2.6694309711456299,1.054182767868042,1.3678712844848633),(2.7064173221588135,0.90116435289382935,1.8200000524520874),(2.7450644969940186,0.90497076511383057,1.8200000524520874),(2.7906129360198975,0.93116545677185059,1.5783176422119141),(2.7918024063110352,0.91914856433868408,1.8200000524520874),(2.8469929695129395,0.93589043617248535,1.9208183288574219),(2.8873450756072998,0.93927216529846191,1.8200000524520874),(2.8243920803070068,1.0683680772781372,1.1171389818191528),(2.8005242347717285,1.1574687957763672,1.1557576656341553),(2.938291072845459,1.0224355459213257,1.3393694162368774),(2.9524109363555908,1.2175890207290649,0.9100000262260437),(2.6890323162078857,0.99945217370986938,1.8200000524520874),(2.725555419921875,1.003049373626709,1.8200000524520874),(2.7686011791229248,1.0278047323226929,1.5915969610214233),(2.7697246074676514,1.016447901725769,1.8200000524520874),(2.8600184917449951,1.0354660749435425,1.8200000524520874),(2.9508039951324463,0.96738117933273315,1.9183346033096313),(2.9081652164459229,1.1140600442886353,1.3657776117324829),(3.0350663661956787,1.2384722232818604,1.160184383392334),(3.0725700855255127,1.1540811061859131,1.1218229532241821),(3.0419764518737793,1.0077656507492065,1.5803872346878052),(3.0423898696899414,0.99516338109970093,1.8200000524520874),(3.0061535835266113,1.1001961231231689,1.5935527086257935),(3.006547212600708,1.088287353515625,1.8200000524520874),(3.048215389251709,1.1009272336959839,1.8200000524520874),(3.0618960857391357,1.1082396507263184,1.8200000524520874),(3.0864839553833008,1.0085391998291016,1.8200000524520874),(3.1009612083435059,1.0162774324417114,1.8200000524520874),(3.1040675640106201,1.0179378986358643,1.8301588296890259),(3.1241066455841064,1.0246210098266602,1.8200000524520874),(3.1118743419647217,1.0221105813980103,1.8556873798370361),(3.0837712287902832,1.1161253452301025,1.8200000524520874),(3.1362884044647217,1.2062102556228638,1.3729859590530396),(3.14717698097229,1.040980339050293,1.8804129362106323),(3.1723325252532959,1.0544261932373047,1.8980311155319214),(3.2770299911499023,1.1103882789611816,1.8577277660369873),(3.2770299911499023,1.1103882789611816,1.8708664178848267),(3.1796772480010986,1.119943380355835,1.3469966650009155),(3.2716836929321289,1.1158286333084106,1.5812152624130249),(3.2232396602630615,1.2023215293884277,1.5943353176116943),(3.3293414115905762,1.264117956161499,1.1900014877319336),(3.3156595230102539,1.1310360431671143,1.9190487861633301),(3.3468306064605713,1.1418155431747437,1.8200000524520874),(3.3582649230957031,1.1538093090057373,1.8662298917770386),(3.2942574024200439,1.2268805503845215,1.8200000524520874),(3.3209142684936523,1.2466877698898315,1.8200000524520874),(3.3455808162689209,1.2598723173141479,1.8200000524520874),(3.3750364780426025,1.1627738475799561,1.8200000524520874),(3.3750364780426025,1.1627738475799561,1.8454376459121704),(3.4011378288269043,1.1767252683639526,1.8200000524520874),(3.4296779632568359,1.2473783493041992,1.4322984218597412),(3.4712471961975098,1.2342625856399536,1.8200000524520874),(3.4712471961975098,1.2342625856399536,1.9322054386138916),(3.4848847389221191,1.2454546689987183,1.9553778171539307),(3.4954423904418945,1.2541190385818481,1.9733165502548218),(3.50557541847229,1.2624349594116211,1.9821203947067261),(3.5104684829711914,1.2634056806564331,1.6724230051040649),(3.5104684829711914,1.2634056806564331,1.9675770998001099),(3.5143649578094482,1.2696484327316284,1.9817196130752563),(2.3900001049041748,1.4107092618942261,0.52546721696853638),(2.5376782417297363,1.2700279951095581,0.69116395711898804),(2.5295639038085938,1.3480484485626221,0.75318789482116699),(2.3900001049041748,1.4809999465942383,0.5965954065322876),(2.5375771522521973,1.5695315599441528,0.39340567588806152),(2.6823320388793945,1.4273195266723633,0.54227548837661743),(2.6662700176239014,1.4966975450515747,0.61248010396957397),(2.3900001049041748,1.7331693172454834,0.27181553840637207),(2.5294685363769531,1.6310957670211792,0.47178995609283447),(2.3900001049041748,1.7857425212860107,0.35688060522079468),(2.6287846565246582,1.8083162307739258,0.24582861363887787),(2.6156647205352783,1.8567603826522827,0.33232155442237854),(2.8214972019195557,1.3092528581619263,0.71557825803756714),(2.7977883815765381,1.3851180076599121,0.77626073360443115),(2.9215092658996582,1.2984907627105713,0.95999997854232788),(2.8991279602050781,1.5764515399932861,0.61202704906463623),(2.9287283420562744,1.5117104053497314,0.54179608821868896),(2.756399393081665,1.7074471712112427,0.45664331316947937),(2.7777016162872314,1.6503219604492188,0.37737840414047241),(2.8630032539367676,1.9003227949142456,0.24994336068630219),(2.9853832721710205,1.802270770072937,0.47246307134628296),(2.3900001049041748,1.9558932781219482,0.15462097525596619),(2.3900001049041748,1.996228814125061,0.24612531065940857),(2.3900001049041748,2.1926548480987549,0.06927219033241272),(2.3900001049041748,2.2199816703796387,0.16546602547168732),(2.6296126842498779,2.0380237102508545,0.13776563107967377),(2.6164472103118896,2.0738465785980225,0.23019608855247498),(2.3900001049041748,2.4389269351959229,0.017401235178112984),(2.3900001049041748,2.4527220726013184,0.11644512414932251),(2.6316823959350586,2.2893869876861572,0.061165474355220795),(2.6184029579162598,2.3113987445831299,0.15780472755432129),(2.8370141983032227,1.9437116384506226,0.3362102210521698),(2.8706305027008057,2.1417088508605957,0.15243560075759888),(2.8442223072052002,2.1718347072601318,0.24406002461910248),(2.868415355682373,2.3943231105804443,0.089077137410640717),(2.8421287536621094,2.4105689525604248,0.1841827929019928),(3.0665814876556396,1.4030656814575195,0.72526824474334717),(3.0294065475463867,1.4737763404846191,0.78541833162307739),(3.1708636283874512,1.3863511085510254,1.0143007040023804),(3.2162628173828125,1.31055748462677,0.96745765209197998),(3.2777292728424072,1.3424631357192993,1.2246167659759521),(3.2730057239532471,1.5778862237930298,0.84948277473449707),(3.1215596199035645,1.6790093183517456,0.63631153106689453),(3.0199985504150391,1.7506586313247681,0.39411792159080505),(3.1640923023223877,1.6202307939529419,0.56749242544174194),(3.2425422668457031,1.8637373447418213,0.44055753946304321),(3.324343204498291,1.5132284164428711,0.79305732250213623),(3.4009907245635986,1.5063115358352661,1.0884402990341187),(3.5682897567749023,1.4117960929870605,1.2812716960906982),(3.4597692489624023,1.4374924898147583,1.045907735824585),(3.5035483837127686,1.4820270538330078,1.3108720779418945),(3.3725528717041016,1.3266433477401733,1.4536006450653076),(3.4118366241455078,1.3142471313476562,1.8200000524520874),(3.448904275894165,1.3417899608612061,1.6805316209793091),(3.448904275894165,1.3417899608612061,1.8200000524520874),(3.5239331722259521,1.2775009870529175,1.9812828302383423),(3.5730035305023193,1.3177717924118042,1.8219650983810425),(3.5833024978637695,1.4824801683425903,1.5437301397323608),(3.4169425964355469,1.7556567192077637,0.64322841167449951),(3.3605172634124756,1.8069941997528076,0.7078862190246582),(3.5021138191223145,1.7194827795028687,0.93699425458908081),(3.5667715072631836,1.6630573272705078,0.88565671443939209),(3.0498156547546387,2.044933557510376,0.36847227811813354),(3.088176965713501,2.007429838180542,0.2840811014175415),(3.1956994533538818,1.9091362953186035,0.51635110378265381),(3.25,2.1584906578063965,0.42849075794219971),(3.0542423725128174,2.2794756889343262,0.28746879100799561),(3.0928609371185303,2.255608081817627,0.1983681321144104),(3.2831246852874756,2.4209327697753906,0.37489402294158936),(3.4245815277099609,2.050593376159668,0.60377633571624756),(3.2999999523162842,2.1275889873504639,0.34758907556533813),(3.4847316741943359,2.0134186744689941,0.53306567668914795),(3.5736885070800781,1.9584403038024902,0.8090093731880188),(3.433739185333252,2.2822115421295166,0.5151180624961853),(3.3350503444671631,2.4052891731262207,0.29087623953819275),(3.4944217205047607,2.2585029602050781,0.4392528235912323),(3.5965979099273682,1.3371353149414062,1.891173243522644),(3.6526803970336914,1.4122754335403442,1.5276678800582886),(3.668567419052124,1.3961992263793945,1.8327300548553467),(3.6692907810211182,1.3954672813415527,1.8200000524520874),(3.6701602935791016,1.3975064754486084,1.8295574188232422),(3.6730024814605713,1.399838924407959,1.8200000524520874),(3.6730024814605713,1.399838924407959,1.8238962888717651),(3.6769342422485352,1.4030656814575195,1.8200000524520874),(3.5989999771118164,1.4665954113006592,1.8200000524520874),(3.6025075912475586,1.4707266092300415,1.8200000524520874),(3.6062235832214355,1.4737763404846191,1.8200000524520874),(3.6388425827026367,1.5135226249694824,1.8200000524520874),(3.7114484310150146,1.4451212882995605,1.8200000524520874),(3.7114484310150146,1.4451212882995605,1.8642545938491821),(3.7483229637145996,1.4900530576705933,1.9098684787750244),(3.770747184753418,1.5855782032012939,1.388502836227417),(3.7647850513458252,1.5101121664047241,1.8910665512084961),(3.7952303886413574,1.5472098588943481,1.9812352657318115),(3.7991495132446289,1.5519852638244629,1.9819213151931763),(3.8077945709228516,1.5625191926956177,1.9834342002868652),(3.8099720478057861,1.5611639022827148,1.6723217964172363),(3.8099720478057861,1.5611639022827148,1.9676781892776489),(3.8174691200256348,1.574307918548584,1.9790070056915283),(3.8185880184173584,1.5756710767745972,1.9784950017929077),(3.8213052749633789,1.5789822340011597,1.9730128049850464),(3.6062235832214355,1.6554183959960938,1.1805933713912964),(3.6769342422485352,1.5952682495117188,1.143418550491333),(3.6936488151550293,1.884300708770752,1.0391362905502319),(3.7694425582885742,1.8374576568603516,0.99373728036880493),(3.7815091609954834,1.8300000429153442,1.2884907722473145),(3.8624110221862793,1.7799999713897705,1.2575891017913818),(3.6948819160461426,1.6462607383728027,1.412211537361145),(3.7319514751434326,1.6231878995895386,1.6804360151290894),(3.7319514751434326,1.6231878995895386,1.8200000524520874),(3.76273512840271,1.6644860506057739,1.8200000524520874),(3.8425464630126953,1.6048644781112671,1.8200000524520874),(3.8425474166870117,1.6048659086227417,1.8200000524520874),(3.8425464630126953,1.6048644781112671,1.930158257484436),(3.8201277256011963,1.7344192266464233,1.8200000524520874),(3.8351058959960938,1.7968753576278687,1.550932765007019),(3.8334712982177734,1.7593834400177002,1.8200000524520874),(3.8531193733215332,1.7857425212860107,1.8200000524520874),(3.919123649597168,1.7449495792388916,1.5352892875671387),(3.9032747745513916,1.6788622140884399,1.8200000524520874),(3.9173941612243652,1.705277681350708,1.8200000524520874),(3.9173941612243652,1.705277681350708,1.8439469337463379),(3.9381844997406006,1.7331693172454834,1.8200000524520874),(3.9382114410400391,1.7442240715026855,1.8385820388793945),(3.9215667247772217,1.7130841016769409,1.8546774387359619),(3.9337630271911621,1.735901951789856,1.8860410451889038),(4.0103120803833008,1.8791149854660034,1.8200000524520874),(4.0103120803833008,1.8791149854660034,1.9152616262435913),(3.6425075531005859,1.9159077405929565,0.75023084878921509),(3.6682038307189941,2.1512715816497803,0.64171034097671509),(3.5979728698730469,2.1808722019195557,0.70645153522491455),(3.8158822059631348,2.0600016117095947,0.88065862655639648),(3.8415277004241943,2.030184268951416,1.1749336719512939),(3.7375369071960449,2.0946168899536133,0.93227082490921021),(3.5975198745727539,2.4137301445007324,0.6266975998878479),(3.667724609375,2.3976678848266602,0.5573195219039917),(3.7533566951751709,2.3236007690429688,0.83744716644287109),(3.8737897872924805,2.2429859638214111,1.073711633682251),(3.8326215744018555,2.3022983074188232,0.78032195568084717),(3.7990286350250244,2.5372180938720703,0.68134588003158569),(3.8037855625152588,2.52996826171875,0.68729561567306519),(3.8708896636962891,2.4359331130981445,0.80476206541061401),(3.8198878765106201,2.4955456256866455,0.715545654296875),(3.8196897506713867,2.4960458278656006,0.71513515710830688),(3.8198606967926025,2.4956140518188477,0.71548944711685181),(3.8426809310913086,2.461345911026001,0.75721818208694458),(3.877678394317627,2.4643354415893555,0.98676037788391113),(3.9259188175201416,1.9918229579925537,1.1374298334121704),(3.9600565433502197,2.2169966697692871,1.030322790145874),(4.0575642585754395,2.209369421005249,1.2717088460922241),(3.9212846755981445,1.9236704111099243,1.8200000524520874),(3.9225311279296875,2.0257577896118164,1.4094756841659546),(3.9603297710418701,2.0026757717132568,1.6784034967422485),(4.011631965637207,1.9871389865875244,1.3856079578399658),(3.9603297710418701,2.0026757717132568,1.8200000524520874),(3.9790728092193604,2.0317845344543457,1.8200000524520874),(4.0084905624389648,2.1287617683410645,1.8200000524520874),(4.0516281127929688,1.9627151489257812,1.6701711416244507),(4.0516281127929688,1.9627151489257812,1.8200000524520874),(4.0714607238769531,1.993516206741333,1.8200000524520874),(4.1025896072387695,2.0961339473724365,1.8200000524520874),(4.1025896072387695,2.0961339473724365,1.8873714208602905),(4.1209230422973633,2.2115848064422607,1.5243231058120728),(4.1442275047302246,2.2051434516906738,1.8200000524520874),(4.1363201141357422,2.2073290348052979,1.9203236103057861),(3.965939998626709,2.2357776165008545,1.3018347024917603),(3.9034299850463867,2.4202840328216553,0.85635018348693848),(3.9329757690429688,2.4159011840820312,0.90084958076477051),(3.9331443309783936,2.4158720970153809,0.90114504098892212),(3.9307293891906738,2.4162344932556152,0.89746642112731934),(3.9381988048553467,2.4149999618530273,0.9100000262260437),(3.9636061191558838,2.4190340042114258,0.9509577751159668),(3.9667353630065918,2.4196615219116211,0.95732969045639038),(3.969839334487915,2.4202840328216553,0.96364980936050415),(3.9641714096069336,2.4512152671813965,0.9383162260055542),(3.9641714096069336,2.4512152671813965,0.9383162260055542),(3.9641714096069336,2.4512152671813965,0.9383162260055542),(3.9973173141479492,2.4359331130981445,1.0152379274368286),(4.0061030387878418,2.4440367221832275,1.0303988456726074),(4.0134758949279785,2.4508373737335205,1.0431219339370728),(4.0170073509216309,2.4544715881347656,1.0499211549758911),(3.9798038005828857,2.463552713394165,1.2038464546203613),(4.0236873626708984,2.461345911026001,1.062781810760498),(4.0722341537475586,2.4503872394561768,1.1680235862731934),(4.0464181900024414,2.4955456256866455,1.1044543981552124),(4.0662679672241211,2.5372180938720703,1.1386541128158569),(4.0661497116088867,2.5368804931640625,1.1383769512176514),(4.0662117004394531,2.5370573997497559,1.1385221481323242),(4.0258173942565918,2.2378711700439453,1.5405690670013428),(4.0478415489196777,2.2317838668823242,1.8200000524520874),(4.0594539642333984,2.2967660427093506,1.8200000524520874),(4.0769505500793457,2.3544447422027588,1.8200000524520874),(4.14141845703125,2.2241361141204834,1.9057036638259888),(4.1565151214599609,2.2739019393920898,1.8200000524520874),(4.1565155982971191,2.2739038467407227,1.8200000524520874),(4.1565151214599609,2.2739019393920898,1.8624114990234375),(4.1750292778015137,2.3349356651306152,1.8200000524520874),(4.0857787132263184,2.4440774917602539,1.8200000524520874),(4.0521950721740723,2.4615969657897949,1.4413987398147583),(4.0888237953186035,2.4611177444458008,1.6785429716110229),(4.0888237953186035,2.4611177444458008,1.8200000524520874),(4.1488347053527832,2.4483177661895752,1.4193869829177856),(4.1875929832458496,2.4478106498718262,1.6703187227249146),(4.1843700408935547,2.4297749996185303,1.8200000524520874),(4.1843705177307129,2.4297771453857422,1.8200000524520874),(4.1843705177307129,2.4297771453857422,1.9585579633712769),(4.1848659515380859,2.4348082542419434,1.9664745330810547),(4.1853713989257812,2.439939022064209,1.9745461940765381),(4.1875929832458496,2.4478106498718262,1.9696812629699707),(4.1861481666564941,2.4478294849395752,1.9790331125259399),(4.1870942115783691,2.4574353694915771,1.9782212972640991),(4.1879773139953613,2.466397762298584,1.9774627685546875),(4.7100000381469727,2.4202840328216553,0.85635018348693848),(4.7100000381469727,2.4149999618530273,0.9100000262260437),(4.7100000381469727,2.4202840328216553,0.96364980936050415),(4.7100000381469727,2.4359331130981445,0.80476206541061401),(4.7100000381469727,2.4359331130981445,1.0152379274368286),(4.7100000381469727,2.461345911026001,0.75721818208694458),(4.7100000381469727,2.4955456256866455,0.715545654296875),(4.7100000381469727,2.5372180938720703,0.68134588003158569),(4.7100000381469727,2.461345911026001,1.062781810760498),(4.7100000381469727,2.4955456256866455,1.1044543981552124),(4.7100000381469727,2.5372180938720703,1.1386541128158569),(2.3900001049041748,0.30000001192092896,13.199999809265137),(2.3900001049041748,0.40000000596046448,13.199999809265137),(2.8367569446563721,0.444001704454422,13.199999809265137),(2.8562657833099365,0.34592318534851074,13.199999809265137),(2.3900001049041748,-1.6653345369377348E-16,15.800000190734863),(2.3900001049041748,-1.6653345369377348E-16,16.),(2.4290180206298828,-1.6653345369377348E-16,15.803842544555664),(2.4665367603302002,-1.6653345369377348E-16,15.815223693847656),(2.5011141300201416,-1.6653345369377348E-16,15.833705902099609),(2.531421422958374,-1.6653345369377348E-16,15.858578681945801),(2.3900001049041748,0.30000001192092896,15.800000190734863),(2.4290180206298828,0.3038429319858551,15.803842544555664),(2.4665367603302002,0.30753821134567261,15.815223693847656),(2.4742171764373779,0.30829468369483948,15.952844619750977),(2.5011141300201416,0.31094378232955933,15.833705902099609),(2.4991188049316406,0.31074726581573486,15.847805976867676),(2.4958326816558838,0.31042361259460449,15.92884349822998),(2.5133786201477051,0.31215173006057739,15.843770980834961),(2.531421422958374,0.31392881274223328,15.858578681945801),(2.5321502685546875,0.31400057673454285,15.871523857116699),(2.5364081859588623,0.3144199550151825,16.063106536865234),(2.5562939643859863,-1.6653345369377348E-16,15.888885498046875),(2.5747759342193604,-1.6653345369377348E-16,15.923462867736816),(2.5562939643859863,-1.6653345369377348E-16,16.111114501953125),(2.5747759342193604,-1.6653345369377348E-16,16.076536178588867),(2.5861570835113525,-1.6653345369377348E-16,15.960982322692871),(2.5899999141693115,-1.6653345369377348E-16,16.),(2.5861570835113525,-1.6653345369377348E-16,16.039018630981445),(2.546520471572876,0.31541591882705688,15.879112243652344),(2.5562939643859863,0.31637853384017944,15.888885498046875),(2.5562939643859863,0.31637853384017944,16.111114501953125),(2.5747759342193604,0.31819885969161987,15.923462867736816),(2.5747759342193604,0.31819885969161987,16.076536178588867),(2.5814287662506104,0.31885409355163574,15.945394515991211),(2.5861570835113525,0.31931978464126587,15.960982322692871),(2.5899999141693115,0.3196982741355896,16.),(2.5861570835113525,0.31931978464126587,16.039018630981445),(2.5814287662506104,0.31885409355163574,16.054605484008789),(2.3900001049041748,0.87000000476837158,11.800000190734863),(2.3900001049041748,0.86999988555908203,11.800000190734863),(2.3900001049041748,0.97000002861022949,11.800000190734863),(2.7450642585754395,0.90497064590454102,11.800000190734863),(2.7450644969940186,0.90497076511383057,11.800000190734863),(2.725555419921875,1.003049373626709,11.800000190734863),(3.2663450241088867,0.57431584596633911,13.199999809265137),(3.3046133518218994,0.48192793130874634,13.199999809265137),(3.048215389251709,1.1009272336959839,11.800000190734863),(3.0864839553833008,1.0085391998291016,11.800000190734863),(3.0864839553833008,1.008539080619812,11.800000190734863),(3.3455808162689209,1.2598723173141479,11.800000190734863),(3.3455808162689209,1.2598721981048584,11.800000190734863),(3.4011378288269043,1.1767251491546631,11.800000190734863),(2.3900001049041748,-1.6653345369377348E-16,16.200000762939453),(2.4290180206298828,-1.6653345369377348E-16,16.196157455444336),(2.4665367603302002,-1.6653345369377348E-16,16.184776306152344),(2.5011141300201416,-1.6653345369377348E-16,16.166294097900391),(2.531421422958374,-1.6653345369377348E-16,16.141422271728516),(2.3900001049041748,0.30000001192092896,16.200000762939453),(2.3900001049041748,0.30000001192092896,16.200000762939453),(2.4290180206298828,0.3038429319858551,16.196157455444336),(2.4665367603302002,0.30753821134567261,16.184776306152344),(2.5011141300201416,0.31094378232955933,16.166294097900391),(2.5133786201477051,0.31215173006057739,16.156229019165039),(2.531421422958374,0.31392881274223328,16.141422271728516),(2.3900001049041748,0.30000001192092896,18.610000610351562),(2.3900001049041748,0.40000000596046448,18.610000610351562),(2.6546316146850586,0.32606396079063416,18.454561233520508),(2.7197058200836182,0.32285106182098389,18.610000610351562),(2.7059106826782227,0.42189496755599976,18.610000610351562),(2.7692615985870361,0.33735400438308716,18.529909133911133),(2.7984225749969482,0.34022614359855652,18.594329833984375),(2.8055157661437988,0.34092473983764648,18.610000610351562),(2.7881300449371338,0.43921235203742981,18.610000610351562),(2.8367569446563721,0.444001704454422,18.610000610351562),(2.8562657833099365,0.34592318534851074,18.610000610351562),(2.8955638408660889,0.46184059977531433,18.610000610351562),(2.9176404476165771,0.36454096436500549,18.610000610351562),(2.3900001049041748,0.38637158274650574,19.246707916259766),(2.3900001049041748,0.48275771737098694,19.220066070556641),(2.586559534072876,0.32942485809326172,18.92803955078125),(2.5783352851867676,0.42819368839263916,18.914731979370117),(2.5867533683776855,0.50797182321548462,19.565061569213867),(2.5785210132598877,0.59927010536193848,19.525100708007812),(2.7782790660858154,0.41697493195533752,19.238248825073242),(2.7620329856872559,0.51208055019378662,19.21196174621582),(2.9160797595977783,0.3803216814994812,18.927373886108398),(2.8940680027008057,0.47696095705032349,18.914094924926758),(2.9604377746582031,0.56049442291259766,19.532987594604492),(2.3900001049041748,0.65694457292556763,19.866497039794922),(2.3900001049041748,0.74200963973999023,19.813924789428711),(2.5839290618896484,0.82531154155731201,20.092372894287109),(2.5758147239685059,0.90333199501037598,20.03034782409668),(2.3900001049041748,1.0100522041320801,20.309963226318359),(2.3900001049041748,1.0803428888320923,20.238834381103516),(2.5837962627410889,1.2186155319213867,20.48338508605957),(2.7482349872589111,0.76599264144897461,19.799102783203125),(2.763878345489502,0.68197482824325562,19.851028442382812),(2.9365701675415039,0.64959508180618286,19.494369506835938),(2.9566364288330078,0.87682098150253296,20.060312271118164),(2.9329276084899902,0.95268625020980835,19.999629974365234),(2.7578244209289551,1.1012426614761353,20.217685699462891),(2.7738866806030273,1.0318646430969238,20.287891387939453),(2.9901168346405029,0.3865264356136322,18.477605819702148),(3.0186026096343994,0.39516752958297729,18.54755973815918),(3.0431070327758789,0.39096733927726746,18.610000610351562),(3.0561339855194092,0.40655255317687988,18.479185104370117),(3.1264412403106689,0.42788004875183105,18.480867385864258),(3.0157804489135742,0.48716115951538086,18.610000610351562),(3.2467124462127686,0.46436390280723572,18.610000610351562),(3.2108674049377441,0.55748683214187622,18.610000610351562),(3.2663450241088867,0.57431584596633911,18.610000610351562),(3.2845597267150879,0.58405178785324097,18.610000610351562),(3.3046133518218994,0.48192793130874634,18.610000610351562),(3.3236234188079834,0.49208906292915344,18.610000610351562),(3.3379549980163574,0.49974942207336426,18.563133239746094),(3.352123498916626,0.50732266902923584,18.55320930480957),(3.3540191650390625,0.50304621458053589,18.610000610351562),(3.3136837482452393,0.59455054998397827,18.610000610351562),(3.3969337940216064,0.53127425909042358,18.571132659912109),(3.4173517227172852,0.54218780994415283,18.507526397705078),(3.110008716583252,0.50017642974853516,19.241157531738281),(3.0798828601837158,0.59180086851119995,19.214750289916992),(3.2103438377380371,0.57334244251251221,18.911491394042969),(3.2461667060852051,0.48091199994087219,18.924655914306641),(3.4269936084747314,0.62822234630584717,19.231142044067383),(3.5478155612945557,0.62281888723373413,18.923568725585938),(3.1285505294799805,0.75644940137863159,19.805000305175781),(3.0976488590240479,0.83735108375549316,19.754999160766602),(3.2488384246826172,0.75744271278381348,19.488475799560547),(3.2784779071807861,1.0000147819519043,20.047586441040039),(3.2413029670715332,1.0707254409790039,19.987436294555664),(3.0974509716033936,1.1426855325698853,20.288520812988281),(3.0678505897521973,1.2074267864227295,20.218290328979492),(3.3836047649383545,0.7144891619682312,19.20515251159668),(3.2863421440124512,0.67305159568786621,19.526836395263672),(3.4993712902069092,0.709311842918396,18.91044807434082),(3.5719184875488281,0.89589560031890869,19.402690887451172),(3.4750373363494873,0.87853431701660156,19.729547500610352),(3.429638147354126,0.95432788133621216,19.682704925537109),(3.5656297206878662,1.2093368768692017,19.902141571044922),(2.3900001049041748,1.4335026741027832,20.643054962158203),(2.3900001049041748,1.486075758934021,20.557991027832031),(2.5756876468658447,1.2801797389984131,20.405000686645508),(2.3900001049041748,1.7259807586669922,20.796953201293945),(2.3900001049041748,1.766316294670105,20.705450057983398),(2.7035689353942871,1.5321844816207886,20.677181243896484),(2.6904487609863281,1.5806286334991455,20.590688705444336),(2.8991246223449707,1.3247085809707642,20.504430770874023),(2.8778223991394043,1.3818336725234985,20.425167083740234),(2.7046563625335693,1.8338332176208496,20.819087982177734),(2.6914908885955811,1.8696560859680176,20.726657867431641),(2.9851524829864502,1.6963951587677002,20.58551025390625),(2.3900001049041748,2.0368928909301758,20.909032821655273),(2.3900001049041748,2.0642197132110596,20.812839508056641),(2.3900001049041748,2.3602941036224365,20.977148056030273),(2.3900001049041748,2.3740894794464111,20.878105163574219),(2.3900001049041748,2.3900001049041748,20.979206085205078),(2.4485270977020264,2.3957643508911133,20.97669792175293),(2.3900001049041748,2.3900001049041748,21.5),(2.4485270977020264,2.3957643508911133,21.5),(2.4895012378692627,2.4081935882568359,20.97552490234375),(2.5048050880432129,2.4128360748291016,20.975086212158203),(2.5249259471893311,2.4235908985137939,20.974832534790039),(2.5048050880432129,2.4128360748291016,21.5),(2.556671142578125,2.4405591487884521,20.974430084228516),(2.556671142578125,2.4405591487884521,21.5),(2.5832018852233887,2.4623324871063232,20.974620819091797),(2.6021320819854736,2.4778680801391602,20.974758148193359),(2.6021320819854736,2.4778680801391602,21.5),(2.6394407749176025,2.5233290195465088,20.976055145263672),(2.6444664001464844,2.5327310562133789,20.976457595825195),(2.6394407749176025,2.5233290195465088,21.5),(2.6940946578979492,2.185931921005249,20.823038101196289),(2.707374095916748,2.1639204025268555,20.919677734375),(2.7080399990081787,2.4934403896331787,20.970575332641602),(2.6947329044342041,2.5016646385192871,20.871807098388672),(3.1826903820037842,1.5080814361572266,20.404104232788086),(3.2173056602478027,1.4564692974090576,20.482450485229492),(3.0111417770385742,1.6530063152313232,20.671777725219727),(3.2684755325317383,1.8311617374420166,20.542556762695312),(3.3639950752258301,1.3439717292785645,20.185956954956055),(3.4065277576446533,1.2851932048797607,20.254776000976562),(3.3068368434906006,1.7936577796936035,20.626949310302734),(3.4627044200897217,1.6503617763519287,20.345672607421875),(3.509547233581543,1.6049627065658569,20.421464920043945),(3.0211577415466309,1.9699913263320923,20.799823760986328),(2.9947495460510254,2.0001170635223389,20.708198547363281),(3.2743690013885498,2.1434297561645508,20.650405883789062),(2.991962194442749,2.3179669380187988,20.787919998168945),(3.0182487964630127,2.3017208576202393,20.883024215698242),(3.3129878044128418,2.1195621490478516,20.739505767822266),(3.5350000858306885,1.9823510646820068,20.462648391723633),(3.5850000381469727,1.9514493942260742,20.543550491333008),(3.3051002025604248,2.501478910446167,20.700729370117188),(3.3450608253479004,2.4932465553283691,20.792028427124023),(3.5791020393371582,2.3317651748657227,20.534008026123047),(3.7178127765655518,0.70278763771057129,13.199999809265137),(3.6622557640075684,0.78593456745147705,13.199999809265137),(4.0092744827270508,1.0707254409790039,13.199999809265137),(4.0799851417541504,1.0000147819519043,13.199999809265137),(3.6055629253387451,0.64278882741928101,18.479928970336914),(3.6464972496032715,0.65694457292556763,18.610000610351562),(3.5939242839813232,0.74200963973999023,18.610000610351562),(3.6294150352478027,0.76838082075119019,18.610000610351562),(3.6835377216339111,0.68446719646453857,18.576595306396484),(3.6835379600524902,0.68446731567382812,18.610000610351562),(3.6835377216339111,0.68446719646453857,18.610000610351562),(3.7178127765655518,0.70278763771057129,18.610000610351562),(3.6622557640075684,0.78593456745147705,18.610000610351562),(3.8098781108856201,0.77834361791610718,18.462656021118164),(3.8098781108856201,0.77834361791610718,18.610000610351562),(3.750469446182251,0.85832959413528442,18.610000610351562),(3.7998201847076416,0.89499944448471069,18.610000610351562),(3.7998201847076416,0.89499944448471069,18.795686721801758),(3.8416519165039062,0.80441969633102417,18.408666610717773),(3.8549587726593018,0.81534039974212646,18.397106170654297),(3.861384391784668,0.81661510467529297,18.416204452514648),(3.8744502067565918,0.83133673667907715,18.397994995117188),(3.8790669441223145,0.83512544631958008,18.398204803466797),(3.861384391784668,0.81661510467529297,18.803796768188477),(3.9586081504821777,0.90040338039398193,18.492107391357422),(3.999657154083252,1.0611648559570312,18.610000610351562),(4.0043272972106934,1.0666652917861938,18.610000610351562),(4.0092744827270508,1.0707254409790039,18.610000610351562),(4.0689959526062012,0.99099618196487427,18.593282699584961),(4.068997859954834,0.9909977912902832,18.593284606933594),(4.0699477195739746,0.99003666639328003,18.610000610351562),(4.0748214721679688,0.99577707052230835,18.604885101318359),(4.0748214721679688,0.99577707052230835,18.610000610351562),(4.0799851417541504,1.0000147819519043,18.610000610351562),(4.1253142356872559,1.0552481412887573,18.5518798828125),(4.1253142356872559,1.0552481412887573,18.610000610351562),(4.1702861785888672,1.1100467443466187,18.48908805847168),(4.0527009963989258,1.1236408948898315,18.610000610351562),(4.1758146286010742,1.1167832612991333,18.489412307739258),(4.1766681671142578,1.2696514129638672,18.610000610351562),(4.1766681671142578,1.2696514129638672,18.795814514160156),(3.6235306262969971,0.8175504207611084,19.437305450439453),(3.6981663703918457,0.87483328580856323,19.097822189331055),(3.7552914619445801,0.79556834697723389,19.119125366210938),(3.6169672012329102,1.144679069519043,19.958566665649414),(3.8725731372833252,1.0817104578018188,19.287851333618164),(3.7948067188262939,1.045223593711853,19.626527786254883),(3.7360281944274902,1.1140427589416504,19.583995819091797),(3.937314510345459,1.0114794969558716,19.317451477050781),(3.978757381439209,1.0823136568069458,18.977825164794922),(4.0481352806091309,1.0121090412139893,18.993886947631836),(4.0799851417541504,1.2524126768112183,19.498477935791016),(4.2353315353393555,1.1893047094345093,18.398269653320312),(4.2518291473388672,1.2094070911407471,18.395381927490234),(4.2546882629394531,1.2076274156570435,18.416070938110352),(4.2546882629394531,1.2076274156570435,18.803928375244141),(4.2660017013549805,1.2266762256622314,18.40186882019043),(4.2857060432434082,1.2506865262985229,18.441621780395508),(4.2974600791931152,1.2650083303451538,18.465335845947266),(4.2974600791931152,1.2650083303451538,18.610000610351562),(4.203178882598877,1.2396879196166992,19.1766357421875),(3.6769344806671143,1.40306556224823,11.800000190734863),(3.6062235832214355,1.4737763404846191,11.800000190734863),(3.6062238216400146,1.4737762212753296,11.800000190734863),(3.8201277256011963,1.7344192266464233,11.800000190734863),(3.9032750129699707,1.6788620948791504,11.800000190734863),(3.9790728092193604,2.0317845344543457,11.800000190734863),(4.0714607238769531,1.9935160875320435,11.800000190734863),(4.0769505500793457,2.3544447422027588,11.800000190734863),(4.0769510269165039,2.3544447422027588,11.800000190734863),(4.1750292778015137,2.3349356651306152,11.800000190734863),(4.2940654754638672,1.4177441596984863,13.199999809265137),(4.3772125244140625,1.3621871471405029,13.199999809265137),(4.5056838989257812,1.813654899597168,13.199999809265137),(4.5980720520019531,1.7753865718841553,13.199999809265137),(4.6359982490539551,2.2432432174682617,13.199999809265137),(4.734076976776123,2.2237341403961182,13.199999809265137),(3.6821422576904297,1.5143702030181885,20.090663909912109),(3.8706631660461426,1.3978579044342041,19.785629272460938),(3.738567590713501,1.4630327224731445,20.15532112121582),(3.767437219619751,1.8386969566345215,20.229274749755859),(3.827587366104126,1.8015222549438477,20.299985885620117),(4.0092744827270508,1.3125628232955933,19.4613037109375),(3.9353208541870117,1.3414324522018433,19.836967468261719),(4.1273136138916016,1.300370454788208,19.152927398681641),(3.9659574031829834,1.7160048484802246,19.956027984619141),(4.0347762107849121,1.6734722852706909,20.014806747436523),(4.1256723403930664,1.6172956228256226,19.649639129638672),(3.7796297073364258,2.1470723152160645,20.347312927246094),(3.8403120040893555,2.123363733291626,20.423179626464844),(3.6310276985168457,2.3161215782165527,20.618024826049805),(3.8103487491607666,2.5041851997375488,20.39666748046875),(3.8723726272583008,2.4960708618164062,20.474687576293945),(3.9982895851135254,2.0121495723724365,20.092573165893555),(4.0685205459594727,1.9825490713119507,20.157314300537109),(3.9976863861083984,2.3221755027770996,20.198757171630859),(4.0678911209106445,2.3061132431030273,20.268135070800781),(4.2176532745361328,1.3246356248855591,18.610000610351562),(4.2940654754638672,1.4177441596984863,18.610000610351562),(4.3118314743041992,1.4509817361831665,18.610000610351562),(4.3772125244140625,1.3621871471405029,18.610000610351562),(4.395754337310791,1.3968762159347534,18.578554153442383),(4.395754337310791,1.3968762159347534,18.610000610351562),(4.4014558792114258,1.407543420791626,18.56389045715332),(4.3379902839660645,1.486075758934021,18.610000610351562),(4.4172496795654297,1.4370909929275513,18.523275375366211),(4.4230556488037109,1.4335026741027832,18.610000610351562),(4.473966121673584,1.5432008504867554,18.501625061035156),(4.473966121673584,1.5432008504867554,18.572206497192383),(4.4287481307983398,1.6697181463241577,18.610000610351562),(4.4807300567626953,1.7748998403549194,18.610000610351562),(4.4807300567626953,1.7748998403549194,18.798521041870117),(4.5177721977233887,1.6251561641693115,18.484905242919922),(4.5177721977233887,1.6251561641693115,18.610000610351562),(4.5720281600952148,1.7349390983581543,18.610000610351562),(4.5720281600952148,1.7349390983581543,18.806753158569336),(4.5056838989257812,1.813654899597168,18.610000610351562),(4.5980720520019531,1.7753865718841553,18.610000610351562),(4.2426490783691406,1.5449999570846558,19.317649841308594),(4.3140072822570801,1.500898003578186,18.968235015869141),(4.3235507011413574,1.4950000047683716,19.348550796508789),(4.2014656066894531,1.5704526901245117,19.695037841796875),(4.3980250358581543,1.448972225189209,18.983879089355469),(4.3225574493408203,1.811524510383606,19.468837738037109),(4.1841044425964355,1.8973095417022705,19.79191780090332),(4.2624497413635254,1.862694263458252,19.843530654907227),(4.4304051399230957,1.8056309223175049,19.156570434570312),(4.4069485664367676,1.7731631994247437,19.506341934204102),(4.519505500793457,1.7670121192932129,19.180437088012695),(4.5448498725891113,1.9427683353424072,18.610000610351562),(4.5972423553466797,2.0799331665039062,18.610000610351562),(4.6127028465270996,2.1664490699768066,18.610000610351562),(4.6389503479003906,1.9101444482803345,18.521528244018555),(4.6389503479003906,1.9101444482803345,18.610000610351562),(4.6832447052001953,2.0561628341674805,18.47825813293457),(4.6936283111572266,2.0532927513122559,18.610000610351562),(4.7034225463867188,2.1226801872253418,18.536123275756836),(4.7087488174438477,2.1402387619018555,18.555105209350586),(4.7097635269165039,2.1435835361480713,18.55430793762207),(4.7097635269165039,2.1435835361480713,18.610000610351562),(4.6359982490539551,2.2432432174682617,18.610000610351562),(4.6477518081665039,2.3625771999359131,18.610000610351562),(4.734076976776123,2.2237341403961182,18.610000610351562),(4.7463440895080566,2.3482844829559326,18.428045272827148),(4.7476582527160645,2.3616254329681396,18.407052993774414),(4.750575065612793,2.3719601631164551,18.413440704345703),(4.7486782073974609,2.3719849586486816,18.401163101196289),(4.7463440895080566,2.3482844829559326,18.610000610351562),(4.750575065612793,2.3719601631164551,18.806558609008789),(4.6518063545227051,2.3852672576904297,18.610000610351562),(4.6518063545227051,2.3852672576904297,18.798336029052734),(4.7502989768981934,2.3884406089782715,18.402553558349609),(4.7510795593261719,2.3963630199432373,18.403224945068359),(4.2051668167114258,2.2021775245666504,19.918167114257812),(4.2844314575195312,2.180875301361084,19.975292205810547),(4.3655109405517578,2.0948474407196045,19.603605270385742),(4.451777458190918,2.0688583850860596,19.646993637084961),(4.1850004196166992,2.50431227684021,20.019821166992188),(4.2633848190307617,2.4962036609649658,20.081384658813477),(4.4571809768676758,2.3764309883117676,19.767814636230469),(4.3706879615783691,2.3895511627197266,19.719371795654297),(4.5798234939575195,2.0588421821594238,19.330009460449219),(4.4881992340087891,2.0852506160736084,19.299882888793945),(4.5679192543029785,2.0880379676818848,18.982032775878906),(4.66302490234375,2.0617513656616211,18.998279571533203),(4.599088191986084,2.3753435611724854,19.466167449951172),(4.506657600402832,2.3885092735290527,19.430343627929688),(4.6030392646789551,2.3859052658081055,19.114067077636719),(4.6996784210205078,2.3726260662078857,19.136079788208008),(2.3900001049041748,2.690000057220459,0.),(2.3900001049041748,2.690000057220459,0.10000000149011612),(2.6321895122528076,2.5403187274932861,0.022407220676541328),(2.618882417678833,2.5485429763793945,0.12117605656385422),(2.618882417678833,2.8314571380615234,0.12117605656385422),(2.6321895122528076,2.8396813869476318,0.022407220676541328),(2.3900001049041748,2.9272778034210205,0.11644512414932251),(2.3900001049041748,2.9410731792449951,0.017401235178112984),(2.3900001049041748,3.1600184440612793,0.16546602547168732),(2.6184029579162598,3.0686013698577881,0.15780472755432129),(2.6316823959350586,3.0906128883361816,0.061165474355220795),(2.8482160568237305,2.690000057220459,0.16215862333774567),(2.8748564720153809,2.690000057220459,0.065772503614425659),(2.8421287536621094,2.9694309234619141,0.1841827929019928),(2.868415355682373,2.9856770038604736,0.089077137410640717),(2.3900001049041748,3.187345027923584,0.06927219033241272),(2.3900001049041748,3.3837711811065674,0.24612531065940857),(2.3900001049041748,3.4241068363189697,0.15462097525596619),(2.6164472103118896,3.3061535358428955,0.23019608855247498),(2.6296126842498779,3.3419764041900635,0.13776563107967377),(2.3900001049041748,3.6468305587768555,0.27181553840637207),(2.3900001049041748,3.5942575931549072,0.35688060522079468),(2.5294685363769531,3.7489042282104492,0.47178995609283447),(2.6156647205352783,3.5232396125793457,0.33232155442237854),(2.6287846565246582,3.5716838836669922,0.24582861363887787),(2.8370141983032227,3.4362883567810059,0.3362102210521698),(2.8442223072052002,3.208165168762207,0.24406002461910248),(2.8706305027008057,3.2382912635803223,0.15243560075759888),(2.8630032539367676,3.4796772003173828,0.24994336068630219),(2.756399393081665,3.6725528240203857,0.45664331316947937),(2.7777016162872314,3.7296779155731201,0.37737840414047241),(2.9853832721710205,3.5777292251586914,0.47246307134628296),(2.8991279602050781,3.8035485744476318,0.61202704906463623),(3.0773241519927979,2.5484035015106201,0.2496701180934906),(3.1172847747802734,2.5401711463928223,0.15837186574935913),(3.0773241519927979,2.8315966129302979,0.2496701180934906),(3.1172847747802734,2.8398289680480957,0.15837186574935913),(3.0542423725128174,3.1005244255065918,0.28746879100799561),(3.0928609371185303,3.124392032623291,0.1983681321144104),(3.2831246852874756,2.9590673446655273,0.37489402294158936),(3.3468306064605713,2.690000057220459,0.27181553840637207),(3.2942574024200439,2.690000057220459,0.35688060522079468),(3.4568121433258057,2.5504360198974609,0.47804847359657288),(3.5188360214233398,2.5423219203948975,0.4000280499458313),(3.4568121433258057,2.829564094543457,0.47804847359657288),(3.5188360214233398,2.8376781940460205,0.4000280499458313),(3.3350503444671631,2.9747107028961182,0.29087623953819275),(3.433739185333252,3.0977885723114014,0.5151180624961853),(3.4944217205047607,3.1214971542358398,0.4392528235912323),(3.0498156547546387,3.3350663185119629,0.36847227811813354),(3.088176965713501,3.372570276260376,0.2840811014175415),(3.25,3.2215092182159424,0.42849075794219971),(3.1956994533538818,3.4708635807037354,0.51635110378265381),(3.0199985504150391,3.6293413639068604,0.39411792159080505),(3.1215596199035645,3.7009906768798828,0.63631153106689453),(3.2425422668457031,3.5162627696990967,0.44055753946304321),(3.1640923023223877,3.7597692012786865,0.56749242544174194),(3.2730057239532471,3.8021137714385986,0.84948277473449707),(3.2999999523162842,3.252410888671875,0.34758907556533813),(3.4245815277099609,3.32940673828125,0.60377633571624756),(3.4847316741943359,3.3665814399719238,0.53306567668914795),(3.5736885070800781,3.4215598106384277,0.8090093731880188),(3.4169425964355469,3.6243433952331543,0.64322841167449951),(3.3605172634124756,3.5730056762695312,0.7078862190246582),(3.5021138191223145,3.6605172157287598,0.93699425458908081),(3.5667715072631836,3.7169425487518311,0.88565671443939209),(2.3900001049041748,3.8990001678466797,0.5965954065322876),(2.5375771522521973,3.8104684352874756,0.39340567588806152),(2.3900001049041748,3.9692907333374023,0.52546721696853638),(2.5295639038085938,4.0319514274597168,0.75318789482116699),(2.5376782417297363,4.1099720001220703,0.69116395711898804),(2.6662700176239014,3.8833024501800537,0.61248010396957397),(2.6823320388793945,3.9526805877685547,0.54227548837661743),(2.3900001049041748,4.1531195640563965,0.91574251651763916),(2.3900001049041748,4.2381844520568848,0.86316937208175659),(2.5315966606140137,4.2603297233581543,1.1326758861541748),(2.3900001049041748,4.4442276954650879,1.3351434469223022),(2.6590673923492432,4.135106086730957,0.92687541246414185),(2.674710750579834,4.2191238403320312,0.87494957447052002),(2.5398290157318115,4.351628303527832,1.0927151441574097),(2.6856768131256104,4.4209227561950684,1.3415846824645996),(2.3900001049041748,4.3478412628173828,1.3617838621139526),(2.3900001049041748,4.4099998474121094,1.8200000524520874),(2.5314569473266602,4.3888239860534668,1.5911177396774292),(2.6694309711456299,4.3258171081542969,1.3678712844848633),(2.6272778511047363,4.3935546875,1.8200000524520874),(2.7977883815765381,3.9948818683624268,0.77626073360443115),(2.8214972019195557,4.0707473754882812,0.71557825803756714),(2.9287283420562744,3.8682897090911865,0.54179608821868896),(2.9215092658996582,4.0815091133117676,0.95999997854232788),(2.8005242347717285,4.2225313186645508,1.1557576656341553),(2.8243920803070068,4.3116316795349121,1.1171389818191528),(2.9524109363555908,4.1624107360839844,0.9100000262260437),(2.938291072845459,4.3575644493103027,1.3393694162368774),(2.6890304088592529,4.3805480003356934,1.8200000524520874),(2.725555419921875,4.376950740814209,1.8200000524520874),(2.7686011791229248,4.3521952629089355,1.5915969610214233),(2.7697262763977051,4.3635516166687012,1.8200000524520874),(2.9081652164459229,4.2659401893615723,1.3657776117324829),(2.8600184917449951,4.3445339202880859,1.8200000524520874),(2.8469929695129395,4.4441094398498535,1.920818567276001),(2.8873450756072998,4.440727710723877,1.8200000524520874),(2.9508025646209717,4.4126191139221191,1.9183322191238403),(2.3900001049041748,4.5100002288818359,1.8200000524520874),(2.5396811962127686,4.4875926971435547,1.5778106451034546),(2.5915205478668213,4.4901518821716309,1.9383629560470581),(2.6410729885101318,4.4925985336303711,1.8200000524520874),(2.6788091659545898,4.4815545082092285,1.8809878826141357),(2.706418514251709,4.4788351058959961,1.8200000524520874),(2.7064173221588135,4.4788355827331543,1.8200000524520874),(2.6909542083740234,4.4803586006164551,1.8541597127914429),(2.7450644969940186,4.4750289916992188,1.8200000524520874),(2.7906129360198975,4.4488344192504883,1.5783176422119141),(2.7918040752410889,4.460850715637207,1.8200000524520874),(3.0294065475463867,3.9062237739562988,0.78541833162307739),(3.0665814876556396,3.9769344329833984,0.72526824474334717),(3.1708636283874512,3.9936490058898926,1.0143007040023804),(3.2777292728424072,4.0375370979309082,1.2246167659759521),(3.2162628173828125,4.0694422721862793,0.96745765209197998),(3.0350663661956787,4.1415276527404785,1.160184383392334),(3.0725700855255127,4.2259187698364258,1.1218229532241821),(3.0061535835266113,4.2798037528991699,1.5935527086257935),(3.048215389251709,4.2790727615356445,1.8200000524520874),(3.0618965625762939,4.2717599868774414,1.8200000524520874),(3.1362884044647217,4.1737899780273438,1.3729859590530396),(3.0837712287902832,4.2638745307922363,1.8200000524520874),(3.0065455436706543,4.2917132377624512,1.8200000524520874),(3.0419764518737793,4.3722343444824219,1.5803872346878052),(3.0423886775970459,4.3848371505737305,1.8200000524520874),(3.1009612083435059,4.3637228012084961,1.8200000524520874),(3.1241066455841064,4.3553791046142578,1.8200000524520874),(3.1118743419647217,4.3578896522521973,1.8556877374649048),(3.0864839553833008,4.3714609146118164,1.8200000524520874),(3.1796772480010986,4.2600564956665039,1.3469966650009155),(3.2232396602630615,4.1776785850524902,1.5943353176116943),(3.2716836929321289,4.2641716003417969,1.5812152624130249),(3.1723330020904541,4.3255734443664551,1.8980320692062378),(3.1723337173461914,4.3255729675292969,1.8980321884155273),(3.166785717010498,4.3285388946533203,1.8941469192504883),(3.1873359680175781,4.3175544738769531,1.9002324342727661),(3.324343204498291,3.8667716979980469,0.79305732250213623),(3.4009907245635986,3.8736884593963623,1.0884402990341187),(3.3293414115905762,4.1158819198608398,1.1900014877319336),(3.4597692489624023,3.9425075054168701,1.045907735824585),(3.5035483837127686,3.8979728221893311,1.3108720779418945),(3.5682897567749023,3.9682040214538574,1.2812716960906982),(3.3455808162689209,4.1201276779174805,1.8200000524520874),(3.3725528717041016,4.0533566474914551,1.4536006450653076),(3.4118378162384033,4.0657520294189453,1.8200000524520874),(3.5833024978637695,3.8975198268890381,1.5437301397323608),(3.448904275894165,4.0382099151611328,1.6805316209793091),(3.448904275894165,4.0382099151611328,1.8200000524520874),(3.49544358253479,4.1258797645568848,1.9733160734176636),(3.50557541847229,4.1175651550292969,1.9821202754974365),(3.5016870498657227,4.1207561492919922,1.9787420034408569),(3.5104684829711914,4.1165943145751953,1.6724230051040649),(3.5239334106445312,4.1024990081787109,1.9812829494476318),(3.5104684829711914,4.1165943145751953,1.9675770998001099),(3.2942574024200439,4.1531195640563965,1.8200000524520874),(3.3209147453308105,4.1333122253417969,1.8200000524520874),(3.3066446781158447,4.2537822723388672,1.8200000524520874),(3.3156590461730957,4.2489643096923828,1.919049859046936),(3.3468306064605713,4.2381844520568848,1.8200000524520874),(3.4296779632568359,4.1326217651367188,1.4322984218597412),(3.4011378288269043,4.2032747268676758,1.8200000524520874),(3.3750364780426025,4.2172260284423828,1.8200000524520874),(3.3750364780426025,4.2172260284423828,1.8454375267028809),(3.3617191314697266,4.2243442535400391,1.8619478940963745),(3.4712471961975098,4.1457376480102539,1.8200000524520874),(3.4712445735931396,4.1457395553588867,1.8200000524520874),(3.4712471961975098,4.1457376480102539,1.9322052001953125),(3.4820640087127686,4.1368603706359863,1.9505845308303833),(3.6134045124053955,2.690000057220459,0.61099988222122192),(3.684532642364502,2.690000057220459,0.54070919752120972),(3.7884821891784668,2.5643444061279297,0.66684657335281372),(3.7803421020507812,2.5847620964050293,0.65593314170837402),(3.7819559574127197,2.5811309814453125,0.65787398815155029),(3.7752900123596191,2.6047914028167725,0.64985734224319458),(3.7673296928405762,2.636350154876709,0.64028406143188477),(3.7656080722808838,2.6573727130889893,0.63821351528167725),(3.7629361152648926,2.690000057220459,0.63499999046325684),(3.7382099628448486,2.5505316257476807,0.76109570264816284),(3.8165943622589111,2.5424230098724365,0.69953149557113647),(3.8165943622589111,2.5424230098724365,0.69953149557113647),(3.8531193733215332,2.690000057220459,0.91574251651763916),(3.7656080722808838,2.7226274013519287,0.63821351528167725),(3.7673296928405762,2.7436497211456299,0.64028406143188477),(3.7752900123596191,2.7752087116241455,0.64985734224319458),(3.7803421020507812,2.7952380180358887,0.65593314170837402),(3.7819559574127197,2.7988691329956055,0.65787404775619507),(3.7382099628448486,2.8294684886932373,0.76109570264816284),(3.7990288734436035,2.8427817821502686,0.68134588003158569),(3.8037858009338379,2.8500316143035889,0.68729573488235474),(3.8165943622589111,2.8375771045684814,0.69953149557113647),(3.5975198745727539,2.9662699699401855,0.6266975998878479),(3.667724609375,2.9823319911956787,0.5573195219039917),(3.8095378875732422,2.8623006343841553,0.69736474752426147),(3.8196897506713867,2.8839540481567383,0.71513515710830688),(3.8198878765106201,2.8844542503356934,0.715545654296875),(3.8275024890899658,2.8958797454833984,0.72946751117706299),(3.8426809310913086,2.918654203414917,0.75721818208694458),(3.877678394317627,2.9156646728515625,0.98676037788391113),(3.8708896636962891,2.9440667629241943,0.80476206541061401),(3.7533566951751709,3.0563993453979492,0.83744716644287109),(3.8326215744018555,3.0777015686035156,0.78032195568084717),(3.8737897872924805,3.1370141506195068,1.073711633682251),(3.9638745784759521,2.690000057220459,1.1262288093566895),(4.0779590606689453,2.5847620964050293,1.1640669107437134),(4.0553789138793945,2.690000057220459,1.0858932733535767),(4.0553789138793945,2.690000057220459,1.0858932733535767),(4.0863456726074219,2.636350154876709,1.1797159910202026),(4.0911054611206055,2.690000057220459,1.184999942779541),(4.1407279968261719,2.690000057220459,1.3226549625396729),(4.0863456726074219,2.7436497211456299,1.1797159910202026),(4.0662679672241211,2.8427817821502686,1.1386541128158569),(4.0661497116088867,2.8431196212768555,1.1383769512176514),(4.0662136077880859,2.8429365158081055,1.1385272741317749),(4.0779590606689453,2.7952380180358887,1.1640669107437134),(4.0445342063903809,2.690000057220459,1.3499815464019775),(4.0935549736022949,2.690000057220459,1.5827221870422363),(4.1100001335144043,2.690000057220459,1.8200000524520874),(3.9034299850463867,2.9597158432006836,0.85635018348693848),(3.9329757690429688,2.9640986919403076,0.90084958076477051),(3.9305293560028076,2.963735818862915,0.89716506004333496),(3.9331443309783936,2.964127779006958,0.90114504098892212),(3.9381988048553467,2.9649999141693115,0.9100000262260437),(3.9641714096069336,2.9287846088409424,0.9383162260055542),(3.9641714096069336,2.9287846088409424,0.9383162260055542),(3.9798038005828857,2.9164471626281738,1.2038464546203613),(4.0134758949279785,2.9291625022888184,1.0431220531463623),(4.0236873626708984,2.918654203414917,1.062781810760498),(3.9666869640350342,2.9603481292724609,0.95723110437393188),(3.9636061191558838,2.9609658718109131,0.9509577751159668),(3.969839334487915,2.9597158432006836,0.96364980936050415),(3.9973173141479492,2.9440667629241943,1.0152379274368286),(3.9600565433502197,3.1630032062530518,1.030322790145874),(3.965939998626709,3.1442222595214844,1.3018347024917603),(4.0464181900024414,2.8844542503356934,1.1044543981552124),(4.0722341537475586,2.9296128749847412,1.1680235862731934),(4.0575642585754395,3.1706306934356689,1.2717088460922241),(4.0258173942565918,3.1421287059783936,1.5405690670013428),(4.0521950721740723,2.918403148651123,1.4413987398147583),(4.0888237953186035,2.9188823699951172,1.6785429716110229),(4.0888237953186035,2.9188823699951172,1.8200000524520874),(4.0857787132263184,2.9359226226806641,1.8200000524520874),(4.1488347053527832,2.9316823482513428,1.4193869829177856),(4.0594539642333984,3.0832343101501465,1.8200000524520874),(4.0769505500793457,3.0255553722381592,1.8200000524520874),(4.0478415489196777,3.1482160091400146,1.8200000524520874),(4.1750292778015137,3.0450644493103027,1.8200000524520874),(4.1209230422973633,3.1684153079986572,1.5243231058120728),(4.1442275047302246,3.1748566627502441,1.8200000524520874),(4.14141845703125,3.1558640003204346,1.9057036638259888),(4.1363201141357422,3.1726710796356201,1.9203236103057861),(4.1565155982971191,3.1060962677001953,1.8200000524520874),(4.1565151214599609,3.1060981750488281,1.8200000524520874),(4.1565151214599609,3.1060981750488281,1.8624114990234375),(3.6682038307189941,3.2287282943725586,0.64171034097671509),(3.5979728698730469,3.1991279125213623,0.70645153522491455),(3.6425075531005859,3.4640922546386719,0.75023084878921509),(3.7375369071960449,3.2853832244873047,0.93227082490921021),(3.8158822059631348,3.3199985027313232,0.88065862655639648),(3.8415277004241943,3.3498156070709229,1.1749336719512939),(3.6936488151550293,3.495699405670166,1.0391362905502319),(3.6062235832214355,3.7245817184448242,1.1805933713912964),(3.6769342422485352,3.7847316265106201,1.143418550491333),(3.7694425582885742,3.5425422191619873,0.99373728036880493),(3.7815091609954834,3.5499999523162842,1.2884907722473145),(3.8624110221862793,3.5999999046325684,1.2575891017913818),(3.6948819160461426,3.7337391376495361,1.412211537361145),(3.7319514751434326,3.7568120956420898,1.6804360151290894),(3.7319514751434326,3.7568120956420898,1.8200000524520874),(3.8351058959960938,3.5831246376037598,1.550932765007019),(3.8201277256011963,3.6455807685852051,1.8200000524520874),(3.8334712982177734,3.6206169128417969,1.8200000524520874),(3.8531193733215332,3.5942575931549072,1.8200000524520874),(3.76273512840271,3.7155139446258545,1.8200000524520874),(3.770747184753418,3.7944216728210449,1.388502836227417),(3.8425452709197998,3.7751369476318359,1.8200000524520874),(3.8425459861755371,3.7751362323760986,1.8200000524520874),(3.8185877799987793,3.8043291568756104,1.9784946441650391),(3.8425452709197998,3.7751369476318359,1.9301596879959106),(3.9259188175201416,3.3881769180297852,1.1374298334121704),(4.008491039276123,3.251237154006958,1.8200000524520874),(3.9225311279296875,3.3542423248291016,1.4094756841659546),(3.9212839603424072,3.4563310146331787,1.8200000524520874),(3.9603297710418701,3.377324104309082,1.6784034967422485),(4.011631965637207,3.3928611278533936,1.3856079578399658),(3.9790728092193604,3.3482155799865723,1.8200000524520874),(3.9603297710418701,3.377324104309082,1.8200000524520874),(4.1025896072387695,3.2838664054870605,1.8200000524520874),(4.1025886535644531,3.2838685512542725,1.8200000524520874),(4.1025896072387695,3.2838664054870605,1.8873718976974487),(4.1257362365722656,3.2075610160827637,1.888845682144165),(4.1257362365722656,3.2075610160827637,1.888845682144165),(4.1257362365722656,3.2075610160827637,1.9099849462509155),(4.0714607238769531,3.386483907699585,1.8200000524520874),(4.0516281127929688,3.4172847270965576,1.6701711416244507),(4.0516281127929688,3.4172847270965576,1.8200000524520874),(3.919123649597168,3.6350505352020264,1.5352892875671387),(3.9381844997406006,3.6468305587768555,1.8200000524520874),(3.9337630271911621,3.6440980434417725,1.8860404491424561),(4.0103154182434082,3.5008790493011475,1.8200000524520874),(4.010312557220459,3.5008845329284668,1.8200000524520874),(4.010312557220459,3.5008845329284668,1.9152618646621704),(3.9595274925231934,3.5958964824676514,1.8638139963150024),(3.9595274925231934,3.5958964824676514,1.8638139963150024),(3.9595274925231934,3.5958964824676514,1.895876407623291),(3.9173943996429443,3.6747219562530518,1.8200000524520874),(3.9173943996429443,3.6747219562530518,1.8439466953277588),(3.9032747745513916,3.7011377811431885,1.8200000524520874),(3.9240036010742188,3.6623568534851074,1.8609434366226196),(4.192598819732666,2.690000057220459,1.5689269304275513),(4.2100000381469727,2.690000057220459,1.8200000524520874),(4.1875929832458496,2.9321894645690918,1.6703187227249146),(4.1879773139953613,2.913602352142334,1.9774627685546875),(4.1870942115783691,2.9225647449493408,1.9782212972640991),(4.1875929832458496,2.9321894645690918,1.9696812629699707),(4.1861481666564941,2.9321706295013428,1.9790331125259399),(4.1843705177307129,2.9502229690551758,1.8200000524520874),(4.1843700408935547,2.9502251148223877,1.8200000524520874),(4.1848659515380859,2.9451918601989746,1.9664745330810547),(4.1853713989257812,2.940061092376709,1.9745461940765381),(4.1843705177307129,2.9502229690551758,1.9585579633712769),(4.7100000381469727,2.5847620964050293,0.65593314170837402),(4.7100000381469727,2.636350154876709,0.64028406143188477),(4.7100000381469727,2.690000057220459,0.63499999046325684),(4.7100000381469727,2.5847620964050293,1.1640669107437134),(4.7100000381469727,2.690000057220459,0.9100000262260437),(4.7100000381469727,2.636350154876709,1.1797159910202026),(4.7100000381469727,2.690000057220459,1.184999942779541),(4.7100000381469727,2.7436497211456299,0.64028406143188477),(4.7100000381469727,2.7952380180358887,0.65593314170837402),(4.7100000381469727,2.7436497211456299,1.1797159910202026),(4.7100000381469727,2.8427817821502686,0.68134588003158569),(4.7100000381469727,2.7952380180358887,1.1640669107437134),(4.7100000381469727,2.8427817821502686,1.1386541128158569),(4.7100000381469727,2.8844542503356934,0.715545654296875),(4.7100000381469727,2.918654203414917,0.75721818208694458),(4.7100000381469727,2.8844542503356934,1.1044543981552124),(4.7100000381469727,2.918654203414917,1.062781810760498),(4.7100000381469727,2.9440667629241943,0.80476206541061401),(4.7100000381469727,2.9597158432006836,0.85635018348693848),(4.7100000381469727,2.9649999141693115,0.9100000262260437),(4.7100000381469727,2.9597158432006836,0.96364980936050415),(4.7100000381469727,2.9440667629241943,1.0152379274368286),(3.6388430595397949,3.8664770126342773,1.8200000524520874),(3.6526803970336914,3.9677245616912842,1.5276678800582886),(3.5989999771118164,3.9134047031402588,1.8200000524520874),(3.6025075912475586,3.9092733860015869,1.8200000524520874),(3.6062235832214355,3.9062237739562988,1.8200000524520874),(3.7114477157592773,3.9348797798156738,1.8200000524520874),(3.711444616317749,3.9348833560943604,1.8200000524520874),(3.7114477157592773,3.9348797798156738,1.8642536401748657),(3.6009182929992676,4.0393190383911133,1.9022122621536255),(3.650465726852417,3.9986565113067627,1.8315623998641968),(3.6496694087982178,3.9993100166320801,1.8500510454177856),(3.668567419052124,3.9838008880615234,1.8327299356460571),(3.6769342422485352,3.9769344329833984,1.8200000524520874),(3.6730024814605713,3.980161190032959,1.8200000524520874),(3.6730027198791504,3.9801609516143799,1.8200000524520874),(3.6730024814605713,3.980161190032959,1.8238962888717651),(3.6699576377868652,3.9826600551605225,1.8299611806869507),(3.6692907810211182,3.9845328330993652,1.8200000524520874),(3.8077945709228516,3.8174808025360107,1.9834336042404175),(3.7952308654785156,3.8327896595001221,1.9812350273132324),(3.8099720478057861,3.818835973739624,1.6723217964172363),(3.8099720478057861,3.818835973739624,1.9676781892776489),(2.3900001049041748,2.690000057220459,20.899999618530273),(2.3900001049041748,2.690000057220459,21.),(2.3900001049041748,2.690000057220459,21.),(2.3900001049041748,2.690000057220459,21.),(2.3900001049041748,2.690000057220459,21.),(2.3900001049041748,2.690000057220459,21.5),(2.6671638488769531,2.5751950740814209,20.974357604980469),(2.6671638488769531,2.5751950740814209,21.5),(2.6842355728149414,2.6314728260040283,20.9727783203125),(2.6842355728149414,2.6314728260040283,21.5),(2.6842355728149414,2.7485270500183105,20.9727783203125),(2.6842355728149414,2.7485270500183105,21.5),(2.6394407749176025,2.8566710948944092,20.976055145263672),(2.6444664001464844,2.84726881980896,20.976457595825195),(2.6671638488769531,2.8048050403594971,20.974357604980469),(2.6394407749176025,2.8566710948944092,21.5),(2.6671638488769531,2.8048050403594971,21.5),(2.3900001049041748,2.9900000095367432,20.979206085205078),(2.3900001049041748,3.0059106349945068,20.878105163574219),(2.4485270977020264,2.9842355251312256,20.97669792175293),(2.3900001049041748,2.9900000095367432,21.5),(2.4485270977020264,2.9842355251312256,21.5),(2.4895172119140625,2.9718012809753418,20.97552490234375),(2.5048050880432129,2.9671638011932373,20.975086212158203),(2.5253450870513916,2.9561848640441895,20.974826812744141),(2.5048050880432129,2.9671638011932373,21.5),(2.3900001049041748,3.0197057723999023,20.977148056030273),(2.582327127456665,2.9183857440948486,20.974615097045898),(2.6021320819854736,2.9021320343017578,20.974758148193359),(2.6021320819854736,2.9021320343017578,21.5),(2.556671142578125,2.9394409656524658,20.974430084228516),(2.556671142578125,2.9394409656524658,21.5),(2.6891870498657227,2.6817445755004883,20.972318649291992),(2.690000057220459,2.690000057220459,20.972244262695312),(2.6891870498657227,2.6982555389404297,20.972318649291992),(2.690000057220459,2.690000057220459,21.5),(2.6947329044342041,2.8783352375030518,20.871807098388672),(2.7080399990081787,2.8865594863891602,20.970575332641602),(2.3900001049041748,3.3157804012298584,20.812839508056641),(2.3900001049041748,3.3431069850921631,20.909032821655273),(2.3900001049041748,3.6136837005615234,20.705450057983398),(2.3900001049041748,3.6540193557739258,20.796953201293945),(2.6940946578979492,3.1940679550170898,20.823038101196289),(2.707374095916748,3.2160797119140625,20.919677734375),(2.6914908885955811,3.5103440284729004,20.726657867431641),(2.7046563625335693,3.5461668968200684,20.819087982177734),(2.6904487609863281,3.7993712425231934,20.590688705444336),(2.9851524829864502,3.6836047172546387,20.58551025390625),(3.0000667572021484,2.690000057220459,20.817241668701172),(3.0267071723937988,2.690000057220459,20.913627624511719),(2.991962194442749,3.06203293800354,20.787919998168945),(3.0182487964630127,3.0782790184020996,20.883024215698242),(3.3051002025604248,2.8785209655761719,20.700729370117188),(3.3450608253479004,2.8867533206939697,20.792028427124023),(3.5791020393371582,3.0482349395751953,20.534008026123047),(2.9947495460510254,3.3798828125,20.708198547363281),(3.0211577415466309,3.4100086688995361,20.799823760986328),(3.2743690013885498,3.2365701198577881,20.650405883789062),(3.0111417770385742,3.7269935607910156,20.671777725219727),(3.2684755325317383,3.5488383769989014,20.542556762695312),(3.3129878044128418,3.2604379653930664,20.739505767822266),(3.5350000858306885,3.397648811340332,20.462648391723633),(3.5850000381469727,3.4285507202148438,20.543550491333008),(3.3068368434906006,3.5863420963287354,20.626949310302734),(3.4627044200897217,3.7296383380889893,20.345672607421875),(3.509547233581543,3.7750372886657715,20.421464920043945),(2.3900001049041748,4.4099998474121094,11.800000190734863),(2.725555419921875,4.376950740814209,11.800000190734863),(2.3900001049041748,4.5100002288818359,11.800000190734863),(2.3900001049041748,4.9800000190734863,13.199999809265137),(2.3900001049041748,5.0799999237060547,13.199999809265137),(2.7450642585754395,4.475029468536377,11.800000190734863),(2.8367569446563721,4.9359984397888184,13.199999809265137),(2.8562657833099365,5.0340766906738281,13.199999809265137),(3.048215389251709,4.2790727615356445,11.800000190734863),(3.0482156276702881,4.2790727615356445,11.800000190734863),(3.0864839553833008,4.3714609146118164,11.800000190734863),(3.3455808162689209,4.1201276779174805,11.800000190734863),(3.4011378288269043,4.2032747268676758,11.800000190734863),(3.2663450241088867,4.8056840896606445,13.199999809265137),(3.3046133518218994,4.8980722427368164,13.199999809265137),(2.3900001049041748,3.8939242362976074,20.557991027832031),(2.3900001049041748,3.9464974403381348,20.643054962158203),(2.5756876468658447,4.0998201370239258,20.405000686645508),(2.3900001049041748,4.299656867980957,20.238834381103516),(2.3900001049041748,4.3699479103088379,20.309963226318359),(2.5837962627410889,4.1613845825195312,20.48338508605957),(2.7035689353942871,3.8478155136108398,20.677181243896484),(2.8778223991394043,3.9981663227081299,20.425167083740234),(2.8991246223449707,4.0552916526794434,20.504430770874023),(2.9329276084899902,4.4273138046264648,19.999629974365234),(2.7578244209289551,4.2787570953369141,20.217685699462891),(2.7738866806030273,4.3481354713439941,20.287891387939453),(2.3900001049041748,4.9800000190734863,18.610000610351562),(2.3900001049041748,5.0799999237060547,18.610000610351562),(2.3900001049041748,5.0799999237060547,18.610000610351562),(2.3900001049041748,5.0799999237060547,18.610000610351562),(2.6546308994293213,5.0539360046386719,18.454557418823242),(2.6870660781860352,5.0507416725158691,18.47587776184082),(2.7059106826782227,4.9581050872802734,18.610000610351562),(2.7197058200836182,5.0571489334106445,18.610000610351562),(2.7881293296813965,4.9407877922058105,18.610000610351562),(2.8367569446563721,4.9359984397888184,18.610000610351562),(2.7692620754241943,5.0426459312438965,18.529909133911133),(2.7863104343414307,5.0409665107727051,18.567571640014648),(2.8055157661437988,5.0390748977661133,18.610000610351562),(2.895564079284668,4.9181594848632812,18.610000610351562),(2.8562657833099365,5.0340766906738281,18.610000610351562),(2.9737808704376221,4.9984288215637207,18.5074462890625),(2.9176390171051025,5.0154595375061035,18.610000610351562),(2.3900001049041748,4.6379904747009277,19.813924789428711),(2.3900001049041748,4.723055362701416,19.866497039794922),(2.5758147239685059,4.4766678810119629,20.03034782409668),(2.5839290618896484,4.5546884536743164,20.092372894287109),(2.3900001049041748,4.8972420692443848,19.220066070556641),(2.3900001049041748,4.9936285018920898,19.246707916259766),(2.5785210132598877,4.7807297706604004,19.525100708007812),(2.5867533683776855,4.8720283508300781,19.565061569213867),(2.5783352851867676,4.9518060684204102,18.914731979370117),(2.586559534072876,5.0505752563476562,18.92803955078125),(2.7482349872589111,4.6140074729919434,19.799102783203125),(2.763878345489502,4.6980252265930176,19.851028442382812),(2.9566364288330078,4.5031790733337402,20.060312271118164),(2.9365701675415039,4.7304048538208008,19.494369506835938),(2.7620329856872559,4.8679194450378418,19.21196174621582),(2.7782790660858154,4.9630250930786133,19.238248825073242),(2.8940680027008057,4.9030389785766602,18.914094924926758),(2.9604377746582031,4.8195056915283203,19.532987594604492),(2.9160797595977783,4.9996781349182129,18.927373886108398),(3.1826903820037842,3.8719184398651123,20.404104232788086),(3.2173056602478027,3.9235305786132812,20.482450485229492),(3.2413029670715332,4.3092746734619141,19.987436294555664),(3.2784779071807861,4.3799853324890137,20.047586441040039),(3.0678505897521973,4.1725730895996094,20.218290328979492),(3.0974509716033936,4.2373142242431641,20.288520812988281),(3.3639950752258301,4.0360283851623535,20.185956954956055),(3.4065277576446533,4.0948066711425781,20.254776000976562),(3.429638147354126,4.4256720542907715,19.682704925537109),(3.5656297206878662,4.1706633567810059,19.902141571044922),(3.0157804489135742,4.8928389549255371,18.610000610351562),(2.9901168346405029,4.9934735298156738,18.477605819702148),(3.0431070327758789,4.9890327453613281,18.610000610351562),(3.1264398097991943,4.952120304107666,18.480869293212891),(3.210869312286377,4.8225126266479492,18.610000610351562),(3.2845590114593506,4.7959485054016113,18.610000610351562),(3.2663450241088867,4.8056840896606445,18.610000610351562),(3.2467091083526611,4.9156374931335449,18.610000610351562),(3.2467131614685059,4.9156360626220703,18.610000610351562),(3.1847381591796875,4.9344358444213867,18.543460845947266),(3.3136837482452393,4.7854495048522949,18.610000610351562),(3.3046133518218994,4.8980722427368164,18.610000610351562),(3.3379566669464111,4.8802499771118164,18.563138961791992),(3.3540191650390625,4.8769536018371582,18.610000610351562),(3.3307902812957764,4.8840804100036621,18.586570739746094),(3.3236238956451416,4.8879108428955078,18.610000610351562),(3.3236253261566162,4.8879103660583496,18.610000610351562),(3.4173533916473389,4.8378114700317383,18.507532119750977),(3.4173476696014404,4.8378143310546875,18.507532119750977),(3.0976488590240479,4.5426487922668457,19.754999160766602),(3.1285505294799805,4.6235504150390625,19.805000305175781),(3.2488384246826172,4.6225571632385254,19.488475799560547),(3.0798828601837158,4.7881989479064941,19.214750289916992),(3.110008716583252,4.8798236846923828,19.241157531738281),(3.2103438377380371,4.8066573143005371,18.911491394042969),(3.2461667060852051,4.8990879058837891,18.924655914306641),(3.3836047649383545,4.6655106544494629,19.20515251159668),(3.4269936084747314,4.7517776489257812,19.231142044067383),(3.2863421440124512,4.7069482803344727,19.526836395263672),(3.5719184875488281,4.4841041564941406,19.402690887451172),(3.4750373363494873,4.5014657974243164,19.729547500610352),(3.4993712902069092,4.6706881523132324,18.91044807434082),(3.5478155612945557,4.7571811676025391,18.923568725585938),(4.1100001335144043,2.690000057220459,11.800000190734863),(4.0769505500793457,3.0255553722381592,11.800000190734863),(4.1750292778015137,3.0450644493103027,11.800000190734863),(3.8201277256011963,3.6455807685852051,11.800000190734863),(3.8201279640197754,3.6455807685852051,11.800000190734863),(3.9790728092193604,3.3482155799865723,11.800000190734863),(4.0714607238769531,3.386483907699585,11.800000190734863),(3.9032750129699707,3.7011377811431885,11.800000190734863),(4.2100005149841309,2.690000057220459,11.800000190734863),(4.679999828338623,2.690000057220459,13.199999809265137),(4.7800002098083496,2.690000057220459,13.199999809265137),(4.6359982490539551,3.1367568969726562,13.199999809265137),(4.734076976776123,3.1562659740447998,13.199999809265137),(4.5056838989257812,3.5663449764251709,13.199999809265137),(4.5980720520019531,3.6046133041381836,13.199999809265137),(3.5939242839813232,2.690000057220459,20.557991027832031),(3.6464972496032715,2.690000057220459,20.643054962158203),(3.6310276985168457,3.0638782978057861,20.618024826049805),(3.8103487491607666,2.8758149147033691,20.39666748046875),(3.8723726272583008,2.8839290142059326,20.474687576293945),(4.0188350677490234,2.690000057220459,20.219657897949219),(4.089963436126709,2.690000057220459,20.289947509765625),(3.9976863861083984,3.0578243732452393,20.198757171630859),(4.0678911209106445,3.0738866329193115,20.268135070800781),(3.7796297073364258,3.2329277992248535,20.347312927246094),(3.8403120040893555,3.256636381149292,20.423179626464844),(3.767437219619751,3.5413029193878174,20.229274749755859),(3.827587366104126,3.5784778594970703,20.299985885620117),(3.9982895851135254,3.3678505420684814,20.092573165893555),(4.0685205459594727,3.3974509239196777,20.157314300537109),(3.9659574031829834,3.6639952659606934,19.956027984619141),(4.0347762107849121,3.7065277099609375,20.014806747436523),(4.1256723403930664,3.7627043724060059,19.649639129638672),(4.679999828338623,2.690000057220459,18.610000610351562),(4.7800002098083496,2.690000057220459,18.610000610351562),(4.6518063545227051,2.9947328567504883,18.610000610351562),(4.6518063545227051,2.9947328567504883,18.798336029052734),(4.7510795593261719,2.9836370944976807,18.403224945068359),(4.7502989768981934,2.9915595054626465,18.402553558349609),(4.750575065612793,3.0080399513244629,18.413440704345703),(4.7486782073974609,3.0080151557922363,18.401163101196289),(4.750575065612793,3.0080399513244629,18.806558609008789),(4.6477518081665039,3.0174229145050049,18.610000610351562),(4.6359982490539551,3.1367568969726562,18.610000610351562),(4.7476582527160645,3.0183746814727783,18.407052993774414),(4.7463440895080566,3.0317156314849854,18.428045272827148),(4.7463440895080566,3.0317156314849854,18.610000610351562),(4.734076976776123,3.1562659740447998,18.610000610351562),(4.3379902839660645,2.690000057220459,19.813924789428711),(4.4230556488037109,2.690000057220459,19.866497039794922),(4.1850004196166992,2.8756875991821289,20.019821166992188),(4.2633848190307617,2.883796215057373,20.081384658813477),(4.3706879615783691,2.9904489517211914,19.719371795654297),(4.4571809768676758,3.0035688877105713,19.767814636230469),(4.5928387641906738,2.690000057220459,19.235780715942383),(4.4854493141174316,2.690000057220459,19.533683776855469),(4.5769538879394531,2.690000057220459,19.574018478393555),(4.6581048965454102,2.690000057220459,18.925910949707031),(4.6890325546264648,2.690000057220459,19.263107299804688),(4.7571487426757812,2.690000057220459,18.939706802368164),(4.506657600402832,2.9914908409118652,19.430343627929688),(4.6030392646789551,2.9940948486328125,19.114067077636719),(4.599088191986084,3.0046563148498535,19.466167449951172),(4.6996784210205078,3.0073740482330322,19.136079788208008),(4.4807300567626953,3.605100154876709,18.610000610351562),(4.4807300567626953,3.605100154876709,18.798521041870117),(4.4287490844726562,3.710280179977417,18.610000610351562),(4.6127028465270996,3.2135512828826904,18.610000610351562),(4.5972423553466797,3.3000667095184326,18.610000610351562),(4.5448498725891113,3.4372315406799316,18.610000610351562),(4.6832447052001953,3.3238372802734375,18.478260040283203),(4.6892251968383789,3.304121732711792,18.570461273193359),(4.6936283111572266,3.326707124710083,18.610000610351562),(4.7097635269165039,3.2364168167114258,18.55430793762207),(4.7097635269165039,3.2364168167114258,18.610000610351562),(4.6791763305664062,3.3372483253479004,18.490360260009766),(4.6791763305664062,3.3372483253479004,18.482233047485352),(4.6389508247375488,3.4698541164398193,18.521530151367188),(4.6389508247375488,3.4698541164398193,18.610000610351562),(4.5056838989257812,3.5663449764251709,18.610000610351562),(4.5720281600952148,3.6450607776641846,18.610000610351562),(4.5720281600952148,3.6450607776641846,18.806753158569336),(4.5980720520019531,3.6046133041381836,18.610000610351562),(4.5177755355834961,3.7548379898071289,18.484899520874023),(4.5177755355834961,3.7548379898071289,18.610000610351562),(4.5177779197692871,3.7548332214355469,18.610000610351562),(4.2051668167114258,3.1778223514556885,19.918167114257812),(4.2844314575195312,3.1991245746612549,19.975292205810547),(4.1841044425964355,3.4826903343200684,19.79191780090332),(4.3655109405517578,3.2851524353027344,19.603605270385742),(4.451777458190918,3.3111417293548584,19.646993637084961),(4.3225574493408203,3.5684754848480225,19.468837738037109),(4.2624497413635254,3.5173056125640869,19.843530654907227),(4.2014656066894531,3.8095474243164062,19.695037841796875),(4.4304051399230957,3.5743691921234131,19.156570434570312),(4.4069485664367676,3.6068367958068848,19.506341934204102),(4.4881992340087891,3.2947494983673096,19.299882888793945),(4.5679192543029785,3.2919621467590332,18.982032775878906),(4.5798234939575195,3.321157693862915,19.330009460449219),(4.66302490234375,3.3182487487792969,18.998279571533203),(4.519505500793457,3.612987756729126,19.180437088012695),(3.6062235832214355,3.9062237739562988,11.800000190734863),(3.6062238216400146,3.9062237739562988,11.800000190734863),(3.6769344806671143,3.9769346714019775,11.800000190734863),(4.0092744827270508,4.3092746734619141,13.199999809265137),(4.0799851417541504,4.3799853324890137,13.199999809265137),(3.6622557640075684,4.5940651893615723,13.199999809265137),(3.7178127765655518,4.6772122383117676,13.199999809265137),(4.2940654754638672,3.9622557163238525,13.199999809265137),(4.3772125244140625,4.0178127288818359,13.199999809265137),(4.1766681671142578,4.1103487014770508,18.610000610351562),(4.1766681671142578,4.1103487014770508,18.795814514160156),(4.0043272972106934,4.3133349418640137,18.610000610351562),(3.999657154083252,4.3188352584838867,18.610000610351562),(4.0092744827270508,4.3092746734619141,18.610000610351562),(4.0242681503295898,4.4257106781005859,18.547344207763672),(4.0527000427246094,4.2563600540161133,18.610000610351562),(4.177830696105957,4.2607598304748535,18.478553771972656),(4.068997859954834,4.3890023231506348,18.593286514282227),(4.0699477195739746,4.3899631500244141,18.610000610351562),(4.0748195648193359,4.3842248916625977,18.610000610351562),(4.0748195648193359,4.3842248916625977,18.604887008666992),(4.0799851417541504,4.3799853324890137,18.610000610351562),(4.1253161430358887,4.3247494697570801,18.551877975463867),(4.1253161430358887,4.3247494697570801,18.610000610351562),(4.1253132820129395,4.3247528076171875,18.610000610351562),(3.6821422576904297,3.8656296730041504,20.090663909912109),(3.738567590713501,3.9169673919677734,20.15532112121582),(3.8706631660461426,3.9821422100067139,19.785629272460938),(3.6169672012329102,4.235321044921875,19.958566665649414),(3.7360281944274902,4.2659573554992676,19.583995819091797),(3.8725731372833252,4.2982897758483887,19.287851333618164),(3.7948067188262939,4.3347764015197754,19.626527786254883),(4.0092744827270508,4.0674371719360352,19.4613037109375),(3.9353208541870117,4.0385675430297852,19.836967468261719),(4.1273136138916016,4.0796294212341309,19.152927398681641),(3.937314510345459,4.3685207366943359,19.317451477050781),(3.978757381439209,4.2976865768432617,18.977825164794922),(4.0799851417541504,4.1275873184204102,19.498477935791016),(4.0481352806091309,4.3678908348083496,18.993886947631836),(3.6622557640075684,4.5940651893615723,18.610000610351562),(3.5939242839813232,4.6379904747009277,18.610000610351562),(3.6294164657592773,4.6116180419921875,18.610000610351562),(3.605562686920166,4.7372112274169922,18.479927062988281),(3.6464972496032715,4.723055362701416,18.610000610351562),(3.7178127765655518,4.6772122383117676,18.610000610351562),(3.6835370063781738,4.695533275604248,18.576595306396484),(3.6835370063781738,4.695533275604248,18.610000610351562),(3.7504665851593018,4.5216727256774902,18.610000610351562),(3.7998201847076416,4.4850006103515625,18.610000610351562),(3.7998201847076416,4.4850006103515625,18.795686721801758),(3.8098762035369873,4.6016578674316406,18.462657928466797),(3.8416509628295898,4.5755810737609863,18.408666610717773),(3.861384391784668,4.563385009765625,18.416204452514648),(3.8687744140625,4.553321361541748,18.397735595703125),(3.8790674209594727,4.5448741912841797,18.398204803466797),(3.8478598594665527,4.5704855918884277,18.40327262878418),(3.8549587726593018,4.564659595489502,18.397106170654297),(3.8098762035369873,4.6016578674316406,18.610000610351562),(3.861384391784668,4.563385009765625,18.803796768188477),(3.8482425212860107,4.5701713562011719,18.609260559082031),(3.9838194847106934,4.4589061737060547,18.550346374511719),(3.9838194847106934,4.4589061737060547,18.598781585693359),(3.6235306262969971,4.5624494552612305,19.437305450439453),(3.6981663703918457,4.5051665306091309,19.097822189331055),(3.7552914619445801,4.5844316482543945,19.119125366210938),(4.2940654754638672,3.9622557163238525,18.610000610351562),(4.311830997467041,3.929018497467041,18.610000610351562),(4.2176542282104492,4.0553627014160156,18.610000610351562),(4.2974634170532227,4.1149873733520508,18.465339660644531),(4.2974634170532227,4.1149873733520508,18.610000610351562),(4.3379902839660645,3.8939242362976074,18.610000610351562),(4.4642853736877441,3.8549106121063232,18.505317687988281),(4.4172492027282715,3.9429090023040771,18.523275375366211),(4.4230556488037109,3.9464974403381348,18.610000610351562),(4.3957538604736328,3.9831244945526123,18.578554153442383),(4.3957538604736328,3.9831244945526123,18.610000610351562),(4.3772125244140625,4.0178127288818359,18.610000610351562),(4.2353310585021973,4.1906957626342773,18.398269653320312),(4.2390732765197754,4.1861357688903809,18.397615432739258),(4.2518291473388672,4.17059326171875,18.395381927490234),(4.2546882629394531,4.1723728179931641,18.416070938110352),(4.2546882629394531,4.1723728179931641,18.803928375244141),(4.2660021781921387,4.1533231735229492,18.401866912841797),(4.2426490783691406,3.8350000381469727,19.317649841308594),(4.3140072822570801,3.8791019916534424,18.968235015869141),(4.3235507011413574,3.8849999904632568,19.348550796508789),(4.3980250358581543,3.931027889251709,18.983879089355469),(4.203178882598877,4.1403121948242188,19.1766357421875)),$);
#276=IFCTRIANGULATEDFACESET(#275,$,.T.,((1,637,4),(1,2,637),(2,3,637),(3,5,637),(4,637,8),(8,637,6),(6,637,7),(5,9,637),(9,10,637),(10,11,637),(5,99,9),(9,100,10),(10,96,11),(11,103,635),(2,109,3),(1,4,133),(1,132,2),(4,8,136),(3,107,5),(6,7,139),(7,632,146),(8,6,141),(3,106,108),(3,105,106),(3,109,105),(3,108,107),(5,107,99),(9,98,100),(9,99,98),(10,100,101),(10,101,102),(10,102,92),(10,92,95),(10,95,97),(10,97,96),(635,103,673),(11,96,103),(12,13,14),(14,15,17),(15,16,17),(12,14,17),(16,18,17),(18,19,17),(17,19,20),(12,17,657),(15,655,16),(15,18,655),(16,655,18),(17,20,657),(14,115,989),(14,989,15),(15,989,18),(18,989,19),(19,989,20),(25,22,32),(24,25,60),(21,32,22),(25,26,22),(26,23,22),(22,23,31),(24,26,25),(21,22,74),(22,31,29),(31,27,29),(21,74,85),(22,28,74),(27,28,29),(22,29,28),(30,27,31),(21,85,54),(89,66,86),(57,217,36),(32,33,60),(33,62,61),(33,39,34),(33,34,62),(62,34,39),(48,49,32),(46,32,36),(49,33,32),(35,38,62),(35,62,39),(49,37,33),(35,39,38),(33,37,38),(33,38,39),(43,42,48),(40,45,41),(40,44,43),(40,41,44),(40,46,149),(44,41,223),(43,222,41),(43,44,222),(44,223,222),(41,222,223),(40,150,45),(40,32,46),(46,36,217),(40,43,32),(42,49,48),(43,48,32),(69,228,68),(69,70,53),(51,52,53),(68,228,218),(50,69,52),(52,69,53),(50,228,69),(54,57,36),(54,55,57),(72,55,54),(57,55,231),(58,56,68),(58,68,218),(58,59,56),(55,128,231),(58,232,59),(59,232,246),(21,36,32),(25,32,60),(24,60,61),(33,61,60),(21,54,36),(64,70,69),(69,68,65),(67,64,69),(66,67,69),(63,64,67),(66,69,65),(89,67,66),(90,65,56),(86,66,65),(68,56,65),(64,53,70),(24,363,26),(26,363,23),(27,363,28),(30,31,363),(23,363,31),(30,363,27),(89,364,67),(49,359,37),(42,359,49),(43,41,360),(43,360,42),(41,45,360),(45,224,360),(51,53,362),(51,361,52),(61,62,359),(62,38,359),(24,61,359),(37,359,38),(64,362,53),(63,362,64),(63,67,364),(72,85,71),(72,54,85),(72,71,73),(72,73,125),(90,126,104),(126,131,104),(74,28,75),(76,75,28),(74,77,85),(76,83,75),(74,75,83),(78,84,83),(81,83,84),(78,79,84),(79,80,81),(79,81,84),(78,80,79),(80,82,81),(74,81,77),(85,77,71),(74,83,81),(116,117,91),(87,91,88),(86,91,87),(86,65,90),(89,86,87),(89,87,88),(86,90,124),(86,116,91),(86,124,116),(90,104,124),(1,133,132),(2,132,109),(4,135,133),(4,136,135),(8,137,136),(8,141,137),(71,119,97),(71,97,95),(71,102,101),(71,101,100),(71,93,102),(71,95,93),(6,139,141),(7,143,139),(7,144,143),(7,145,144),(7,146,145),(632,724,146),(103,119,673),(667,673,119),(92,102,93),(96,97,119),(92,93,95),(96,119,103),(73,106,105),(71,100,73),(73,108,106),(107,108,111),(73,100,98),(73,98,108),(73,105,109),(73,109,132),(73,132,134),(104,131,112),(99,111,98),(99,107,111),(108,98,111),(104,112,122),(112,683,122),(112,131,140),(112,140,680),(12,77,81),(71,77,119),(81,114,113),(81,82,114),(113,114,115),(12,119,77),(12,81,113),(13,113,115),(117,120,118),(116,124,121),(116,121,117),(12,113,13),(13,115,14),(12,654,119),(124,122,121),(117,121,120),(121,123,120),(121,122,682),(121,681,123),(120,123,681),(104,122,124),(72,125,55),(90,56,126),(55,125,128),(56,59,126),(126,59,127),(126,127,131),(125,73,134),(125,134,129),(127,138,131),(128,129,245),(59,246,127),(125,129,128),(127,130,138),(127,246,130),(134,132,133),(134,133,135),(131,138,140),(134,135,142),(139,143,715),(715,143,144),(715,144,142),(716,146,724),(110,135,136),(110,136,137),(110,715,135),(110,137,715),(137,141,715),(135,715,142),(141,139,715),(138,719,140),(134,142,129),(129,142,249),(138,130,147),(142,144,145),(142,145,146),(142,146,725),(142,725,726),(138,147,719),(76,28,363),(76,366,83),(78,83,366),(78,366,80),(89,88,364),(88,91,367),(80,366,82),(82,366,114),(114,366,115),(117,367,91),(117,118,367),(118,120,992),(115,366,989),(24,359,363),(42,360,359),(51,362,361),(63,364,362),(76,363,366),(88,367,364),(118,992,367),(148,174,159),(150,151,225),(149,154,155),(149,155,150),(150,152,151),(150,153,152),(150,155,153),(157,154,149),(156,155,154),(157,149,160),(156,157,158),(157,160,158),(160,149,172),(149,159,172),(156,154,157),(159,174,172),(158,160,161),(160,168,161),(226,163,173),(148,165,174),(148,235,165),(236,187,166),(165,194,174),(165,235,195),(166,187,200),(160,171,170),(160,172,175),(160,175,171),(167,179,169),(167,169,171),(169,170,171),(172,180,175),(172,174,180),(167,171,179),(169,179,170),(171,177,179),(160,170,168),(229,173,187),(163,164,183),(163,186,173),(163,183,186),(175,176,177),(179,177,176),(175,180,176),(176,181,178),(171,175,177),(176,180,181),(180,188,181),(174,194,180),(186,183,182),(182,183,185),(184,185,183),(186,182,173),(182,187,173),(182,200,187),(156,158,461),(158,161,461),(161,168,461),(168,170,461),(162,462,164),(170,179,461),(176,178,461),(179,176,461),(164,462,183),(184,183,462),(178,181,464),(181,198,464),(184,465,185),(198,188,189),(188,191,189),(188,190,191),(191,193,192),(190,193,191),(206,193,190),(165,196,194),(165,195,196),(166,200,197),(166,197,259),(194,196,209),(197,200,215),(196,195,211),(195,262,211),(197,212,259),(180,194,190),(181,188,198),(182,185,199),(180,190,188),(182,199,201),(182,201,200),(185,202,199),(194,209,190),(199,202,201),(200,201,215),(202,203,204),(201,202,204),(201,204,214),(206,190,207),(207,190,209),(206,205,193),(206,208,205),(206,1318,208),(207,209,1316),(206,207,1318),(207,1316,1319),(207,1319,1318),(196,210,209),(196,211,210),(197,215,213),(197,213,212),(262,270,211),(209,210,1316),(210,211,1324),(213,215,1332),(211,270,1324),(213,1325,212),(270,1395,1324),(201,216,215),(201,214,216),(204,1331,214),(215,216,1332),(214,1331,216),(216,1331,1333),(216,1333,1332),(191,192,464),(192,193,503),(193,205,503),(198,189,464),(185,465,202),(189,191,464),(202,465,203),(203,504,204),(208,503,205),(208,1318,503),(204,504,1331),(156,461,360),(178,464,461),(184,462,465),(192,503,464),(203,465,504),(503,1318,1656),(504,1657,1331),(217,148,159),(217,219,148),(57,219,217),(57,231,219),(219,231,221),(58,218,220),(218,229,236),(219,235,148),(219,221,235),(218,236,220),(46,159,149),(40,149,150),(47,152,224),(45,150,224),(47,224,151),(47,151,152),(150,225,224),(224,225,151),(46,217,159),(50,52,227),(226,227,230),(226,229,228),(50,227,226),(52,230,227),(50,226,228),(218,228,229),(226,230,164),(226,173,229),(226,164,163),(230,162,164),(231,233,221),(58,220,232),(128,245,233),(128,233,231),(232,234,246),(221,233,241),(232,220,238),(232,238,234),(233,245,242),(236,237,220),(236,166,237),(235,221,239),(237,238,220),(237,240,238),(239,221,241),(240,243,238),(235,239,195),(237,166,259),(237,259,240),(239,241,260),(240,261,243),(229,187,236),(241,242,244),(234,238,243),(233,242,241),(234,243,252),(241,244,260),(243,261,264),(243,264,252),(244,242,254),(244,254,265),(153,155,360),(152,153,360),(224,152,360),(156,360,155),(52,361,230),(230,361,162),(130,246,247),(246,234,247),(129,249,245),(130,247,250),(234,252,247),(245,248,242),(247,252,253),(245,249,248),(247,253,250),(130,250,147),(142,829,249),(147,250,830),(249,829,251),(249,251,248),(250,253,256),(250,256,830),(242,248,254),(252,255,253),(254,248,257),(252,264,255),(255,258,253),(254,257,276),(248,251,257),(253,258,256),(251,838,257),(258,839,256),(257,838,279),(258,280,839),(239,260,262),(239,262,195),(240,259,263),(240,263,261),(262,260,268),(259,212,263),(263,269,261),(268,260,266),(244,266,260),(261,267,264),(244,265,266),(267,278,264),(261,269,267),(266,265,273),(267,274,278),(262,268,270),(263,212,271),(263,271,269),(268,266,272),(268,1394,270),(270,1394,1395),(212,1325,271),(271,1325,1396),(271,1396,1397),(271,1397,269),(268,272,1394),(269,1397,275),(267,269,275),(266,273,272),(267,275,274),(272,273,1401),(275,1403,274),(273,1415,1401),(274,1403,1416),(255,264,278),(254,276,265),(255,278,277),(255,277,258),(265,276,281),(278,282,277),(265,281,273),(278,274,282),(281,276,283),(282,284,277),(257,279,276),(258,277,280),(276,279,283),(277,284,280),(279,866,283),(280,284,867),(273,281,1415),(274,1416,282),(281,283,1417),(282,1418,284),(281,1417,1415),(282,1416,1418),(283,866,1421),(284,1422,867),(283,1421,1417),(284,1418,1422),(162,361,462),(355,285,376),(355,360,285),(287,285,360),(288,361,286),(287,360,461),(287,308,285),(288,286,316),(285,293,299),(285,298,290),(285,299,298),(285,290,292),(285,292,376),(290,297,291),(294,291,289),(289,291,297),(296,289,292),(294,292,290),(292,297,300),(289,297,292),(293,295,297),(295,306,297),(297,307,300),(299,297,298),(294,290,291),(293,297,299),(290,298,297),(294,289,296),(294,296,292),(287,303,302),(287,302,310),(287,310,308),(322,312,311),(305,302,311),(305,310,302),(322,311,302),(327,342,312),(322,303,324),(322,302,303),(322,327,312),(285,306,295),(285,308,306),(285,295,293),(286,384,315),(286,315,316),(288,316,318),(297,306,307),(300,307,310),(308,307,306),(300,310,312),(300,312,342),(308,310,307),(309,311,312),(309,312,310),(384,313,315),(315,313,314),(315,314,318),(317,318,314),(317,314,344),(305,309,310),(305,311,309),(315,318,316),(329,318,317),(330,317,344),(287,323,324),(287,319,325),(287,325,323),(287,320,319),(287,331,320),(287,324,303),(288,318,328),(288,328,334),(320,321,327),(320,331,321),(327,321,333),(321,331,333),(322,324,323),(304,326,325),(304,325,319),(304,319,326),(322,323,325),(322,325,326),(322,326,319),(322,319,320),(322,320,327),(329,328,318),(329,317,330),(329,330,328),(331,332,333),(332,336,333),(327,336,522),(327,333,336),(332,335,336),(335,339,336),(335,337,339),(330,528,341),(330,340,328),(328,340,334),(330,341,340),(327,346,342),(346,345,342),(301,342,345),(300,342,301),(301,345,343),(314,439,344),(345,350,343),(344,439,349),(439,440,349),(343,350,441),(330,344,347),(346,348,345),(327,522,346),(346,523,348),(330,347,528),(347,349,529),(348,530,350),(347,344,349),(348,350,345),(440,351,349),(441,350,352),(349,351,529),(350,530,352),(351,445,533),(355,353,359),(356,362,354),(353,363,359),(355,374,353),(356,383,286),(356,354,375),(357,985,366),(353,357,363),(354,365,358),(357,366,363),(358,365,367),(358,367,986),(353,409,357),(354,358,418),(357,1000,985),(356,286,362),(355,359,360),(354,362,364),(286,361,362),(364,367,365),(354,364,365),(381,371,370),(381,373,371),(355,371,374),(353,374,400),(354,406,375),(369,402,401),(373,368,374),(381,369,373),(371,373,374),(373,369,368),(374,368,401),(368,369,401),(374,401,400),(375,406,387),(406,388,387),(355,376,377),(355,377,379),(355,379,370),(355,370,371),(356,386,385),(356,385,383),(381,379,377),(380,379,381),(376,292,378),(381,378,300),(376,378,377),(381,377,378),(381,300,390),(380,372,379),(380,381,370),(379,372,370),(381,390,369),(380,370,372),(382,388,391),(382,385,386),(378,292,300),(384,383,385),(382,391,314),(382,314,385),(384,385,314),(384,314,313),(356,375,386),(382,386,388),(386,387,388),(375,387,386),(390,389,369),(369,389,423),(388,425,395),(389,396,424),(390,392,389),(300,301,390),(390,301,392),(301,343,392),(314,391,439),(439,391,393),(343,394,392),(388,395,391),(389,392,396),(426,397,395),(396,398,431),(391,395,393),(393,395,397),(393,397,442),(396,392,394),(396,394,398),(397,399,442),(353,400,403),(353,404,409),(353,403,404),(354,408,406),(354,418,408),(400,401,402),(369,423,402),(400,402,403),(404,405,409),(402,417,405),(402,404,403),(402,405,404),(402,423,417),(406,408,407),(406,407,388),(407,425,388),(407,408,422),(407,422,425),(357,409,410),(357,410,411),(357,411,412),(357,412,415),(357,415,420),(358,419,418),(357,420,1000),(358,1002,419),(405,416,409),(405,417,416),(410,414,411),(411,414,412),(412,414,413),(413,414,415),(410,416,414),(414,416,417),(409,416,410),(418,419,408),(419,422,408),(421,422,419),(414,420,415),(412,1001,415),(412,413,1001),(413,415,1001),(414,1000,420),(414,417,1000),(421,419,1002),(421,1002,422),(423,424,427),(389,424,423),(425,426,395),(425,429,426),(424,431,428),(423,427,417),(417,427,1017),(422,1018,429),(427,428,1019),(425,422,429),(424,428,427),(426,429,430),(431,435,428),(429,1020,430),(428,435,1021),(426,432,397),(424,396,431),(431,398,433),(426,430,432),(431,433,435),(397,432,399),(398,451,433),(399,432,434),(430,436,432),(435,433,437),(430,1022,436),(435,437,1027),(432,436,434),(436,438,434),(433,452,437),(436,1028,438),(286,383,384),(439,393,440),(343,441,394),(440,393,442),(441,443,394),(440,442,445),(445,442,444),(441,446,443),(394,443,398),(399,444,442),(398,443,451),(399,450,444),(444,450,449),(443,448,451),(440,445,351),(441,352,446),(445,444,447),(445,447,533),(352,586,446),(444,449,447),(446,448,443),(446,588,448),(447,449,589),(448,588,596),(449,595,589),(399,434,450),(433,451,452),(434,453,450),(451,448,454),(451,454,452),(450,453,455),(434,438,453),(438,1070,453),(437,452,1069),(452,454,456),(452,456,1069),(453,1070,457),(450,455,449),(448,596,454),(449,455,595),(454,596,458),(455,598,595),(453,457,455),(454,458,456),(455,457,598),(458,1073,456),(457,1074,598),(287,459,331),(459,467,510),(460,514,468),(287,464,459),(288,460,466),(288,463,462),(288,462,361),(287,461,464),(288,465,463),(460,468,466),(459,464,503),(462,463,465),(288,466,465),(288,334,460),(459,503,467),(467,503,1617),(468,1618,504),(467,1617,543),(489,481,480),(1617,497,498),(1617,500,497),(1617,476,500),(1617,478,476),(1617,488,478),(1617,487,488),(1617,490,487),(1617,494,491),(1617,491,490),(494,1617,496),(1674,496,1617),(488,487,492),(488,496,493),(488,492,496),(496,563,493),(468,547,1618),(545,1617,498),(466,468,504),(465,466,504),(503,1656,1617),(504,1618,1657),(331,459,332),(332,459,335),(335,459,506),(459,509,506),(459,508,509),(459,510,508),(337,505,339),(336,339,505),(335,506,337),(337,506,338),(337,338,505),(336,507,522),(338,506,505),(336,505,507),(506,507,505),(506,509,507),(507,509,508),(508,510,512),(507,508,524),(511,528,525),(460,513,514),(467,520,517),(467,512,510),(467,517,512),(468,514,515),(512,518,524),(512,516,518),(512,517,516),(508,512,524),(513,515,514),(511,525,513),(513,525,515),(515,525,521),(516,517,520),(516,520,518),(520,519,518),(515,521,544),(521,525,568),(507,524,522),(522,524,523),(523,524,526),(531,527,525),(523,526,532),(518,567,524),(524,567,526),(532,526,569),(525,527,568),(334,340,460),(340,513,460),(341,513,340),(341,528,511),(341,511,513),(346,522,523),(347,531,528),(348,523,532),(348,532,530),(347,529,531),(528,531,525),(529,535,531),(530,532,536),(529,534,535),(530,536,538),(351,534,529),(351,533,534),(352,530,538),(534,533,539),(352,538,586),(533,587,539),(531,535,527),(535,534,537),(527,535,576),(532,569,536),(535,537,576),(536,577,538),(537,534,539),(587,541,539),(538,577,540),(537,539,580),(539,541,580),(586,538,540),(467,519,520),(467,542,519),(467,543,542),(468,544,547),(468,515,544),(518,519,542),(518,542,567),(521,568,544),(542,545,567),(542,543,545),(544,548,547),(544,568,548),(545,499,546),(545,549,567),(545,546,549),(548,568,550),(546,566,549),(566,557,559),(566,559,560),(566,560,562),(489,556,557),(558,559,557),(563,564,561),(1674,563,496),(1674,564,563),(566,562,564),(566,564,1674),(549,566,1681),(549,1681,572),(566,1674,1681),(543,1617,545),(545,498,499),(547,548,1618),(566,499,501),(566,501,502),(566,502,481),(566,481,489),(566,489,557),(548,1682,1618),(546,499,566),(548,550,1682),(550,573,1682),(526,567,570),(526,570,569),(527,576,571),(527,571,568),(549,572,567),(567,572,570),(550,568,573),(568,571,573),(569,570,574),(571,576,575),(569,574,578),(570,572,1694),(571,1695,573),(570,1694,574),(571,575,1695),(578,574,1705),(572,1681,1696),(572,1696,1694),(573,1697,1682),(573,1695,1697),(574,1694,1698),(575,1699,1695),(574,1698,1705),(536,569,578),(537,579,576),(536,578,577),(537,580,579),(576,579,575),(577,578,583),(577,583,581),(579,580,584),(541,582,580),(580,582,584),(540,577,581),(540,581,606),(541,607,582),(581,585,606),(582,607,613),(579,1706,575),(578,1705,583),(579,584,1706),(575,1706,1699),(583,1705,1707),(584,1708,1706),(583,1707,1709),(584,1710,1708),(583,1709,581),(582,1710,584),(581,1709,585),(582,613,1710),(585,1709,1711),(613,1759,1710),(447,587,533),(446,586,588),(447,589,587),(586,591,588),(587,589,592),(588,590,596),(589,593,592),(591,590,588),(589,595,593),(586,540,591),(587,592,541),(540,606,591),(541,592,607),(591,606,594),(607,592,610),(591,594,590),(592,593,610),(590,594,602),(593,603,610),(458,596,597),(595,598,601),(590,597,596),(595,601,593),(458,599,1073),(598,1074,600),(458,597,599),(598,600,601),(590,602,597),(593,601,603),(602,605,597),(603,601,604),(597,605,599),(600,604,601),(600,1182,604),(599,605,1183),(606,608,594),(607,610,609),(607,609,613),(606,585,608),(594,611,602),(603,612,610),(594,608,611),(610,612,609),(585,1757,608),(613,609,1758),(613,1758,1759),(585,1711,1757),(608,1757,1760),(608,1760,611),(609,612,1761),(609,1761,1758),(612,1770,1761),(611,1760,1769),(603,604,614),(602,615,605),(603,614,612),(602,611,615),(604,1182,617),(605,616,1183),(604,617,614),(605,615,616),(612,614,1770),(611,1769,615),(615,1769,1771),(614,1772,1770),(615,1771,616),(614,617,1772),(616,621,624),(618,624,619),(618,619,620),(619,623,620),(620,623,625),(616,627,621),(616,628,627),(624,621,622),(621,627,622),(624,622,625),(619,624,623),(624,625,623),(616,1771,628),(627,628,626),(622,627,626),(626,628,629),(622,626,629),(628,631,629),(617,2350,1772),(622,2355,625),(622,629,2355),(628,1771,630),(628,630,631),(630,1771,1773),(630,1773,1775),(630,1775,631),(629,631,2355),(631,1775,2355),(633,637,634),(7,637,632),(632,637,633),(11,635,637),(635,636,637),(636,638,637),(634,637,639),(639,637,640),(637,638,641),(637,641,642),(640,637,643),(637,644,643),(637,642,645),(637,645,647),(635,669,636),(636,670,638),(638,672,641),(641,679,642),(637,646,644),(637,649,646),(637,650,649),(637,652,650),(637,653,651),(637,651,652),(637,647,648),(637,648,653),(642,684,645),(645,686,647),(647,689,648),(648,691,653),(632,633,724),(633,634,727),(634,639,731),(640,643,742),(639,640,741),(635,673,667),(635,667,668),(635,668,669),(636,669,670),(670,672,638),(641,672,676),(641,676,677),(641,677,678),(641,678,679),(642,679,684),(12,657,654),(654,657,658),(657,660,658),(657,659,660),(656,664,662),(643,644,756),(644,646,744),(652,651,694),(650,652,699),(649,650,749),(646,649,750),(651,653,696),(645,684,686),(647,687,688),(647,688,689),(648,689,690),(647,686,687),(648,690,691),(651,696,695),(651,695,694),(652,694,699),(653,691,696),(656,662,666),(656,666,664),(659,661,660),(660,661,662),(660,662,664),(658,660,663),(663,660,665),(660,664,666),(660,666,665),(20,989,657),(657,993,659),(659,993,661),(667,119,671),(94,667,671),(94,671,669),(669,671,670),(670,671,672),(94,668,667),(94,669,674),(94,674,668),(668,674,669),(671,676,672),(671,677,676),(671,685,677),(671,700,685),(677,675,678),(677,685,675),(678,675,685),(678,684,679),(633,725,724),(633,726,725),(633,727,726),(727,634,728),(728,634,729),(730,634,733),(729,634,730),(634,731,734),(634,734,733),(112,680,683),(140,718,680),(639,737,731),(639,738,737),(639,739,738),(639,741,739),(640,742,741),(680,693,683),(693,702,683),(680,718,745),(680,745,693),(119,654,671),(122,683,682),(121,682,681),(654,700,671),(654,658,700),(682,683,702),(681,682,701),(682,702,701),(681,701,703),(681,703,704),(643,740,742),(643,755,740),(643,756,755),(644,743,756),(644,744,743),(646,750,747),(678,685,684),(684,685,686),(685,687,686),(646,747,746),(646,746,744),(685,688,687),(685,700,692),(650,748,749),(650,699,748),(649,749,751),(649,751,750),(685,692,688),(688,692,689),(689,692,690),(693,698,702),(693,745,753),(694,695,697),(690,697,691),(691,697,696),(695,696,697),(690,692,697),(694,697,699),(699,697,748),(693,753,698),(697,752,748),(658,706,700),(658,663,707),(663,665,705),(701,704,703),(701,702,714),(701,712,704),(704,712,711),(658,709,706),(700,706,692),(663,705,707),(658,707,709),(705,708,707),(707,708,709),(708,710,709),(701,713,712),(701,714,713),(712,713,768),(702,698,714),(716,725,146),(140,719,718),(719,723,718),(721,740,741),(721,742,740),(718,723,745),(716,724,725),(717,727,728),(142,726,727),(142,727,732),(717,732,727),(717,728,732),(728,729,732),(729,730,732),(731,735,734),(731,737,735),(142,732,829),(719,147,736),(730,829,732),(829,733,734),(730,733,829),(719,736,723),(720,735,737),(720,738,735),(720,737,738),(721,741,742),(735,738,757),(739,741,757),(738,739,757),(734,735,831),(735,757,831),(723,736,758),(722,743,744),(746,747,757),(722,744,746),(722,746,743),(723,754,745),(757,747,750),(748,752,749),(749,752,751),(750,751,752),(745,754,753),(757,750,752),(753,754,786),(755,756,757),(741,740,757),(740,755,757),(743,746,757),(743,757,756),(723,758,754),(757,752,788),(757,788,835),(758,789,754),(120,681,992),(662,993,666),(661,993,662),(665,993,705),(665,666,993),(681,704,994),(704,711,994),(711,712,996),(692,759,697),(692,769,759),(698,753,787),(697,759,785),(698,787,773),(759,769,791),(709,710,761),(709,761,760),(709,764,763),(709,760,764),(706,709,766),(692,706,769),(706,766,769),(709,763,766),(762,766,763),(762,765,767),(762,767,766),(765,775,767),(766,767,775),(713,714,770),(698,773,714),(714,773,770),(713,770,768),(768,772,771),(768,770,772),(766,777,769),(765,776,775),(771,772,774),(770,774,772),(770,773,797),(770,798,774),(766,778,777),(766,775,778),(775,776,778),(776,779,778),(769,777,791),(778,779,780),(777,778,810),(778,780,783),(778,783,782),(778,782,810),(781,784,801),(697,785,752),(753,786,787),(752,785,788),(759,792,785),(773,787,793),(786,794,787),(785,792,790),(787,794,793),(754,789,786),(786,789,846),(788,790,845),(788,785,790),(786,846,794),(759,791,792),(792,791,795),(791,806,795),(793,794,796),(794,846,850),(792,849,790),(794,850,796),(792,795,849),(793,796,807),(796,886,807),(773,793,797),(770,797,798),(774,798,799),(793,807,797),(797,808,798),(777,806,791),(781,810,782),(777,810,806),(781,801,810),(784,802,801),(801,802,810),(802,803,811),(802,811,810),(803,804,811),(797,807,808),(798,808,799),(799,805,800),(799,808,805),(805,808,809),(807,891,808),(805,809,818),(808,818,809),(705,995,708),(708,995,710),(710,995,761),(760,761,995),(760,995,764),(762,763,995),(763,764,995),(762,995,765),(712,768,996),(768,771,996),(771,774,998),(765,997,776),(776,997,779),(779,997,780),(780,997,783),(781,782,997),(782,783,997),(781,997,784),(774,799,998),(799,800,998),(800,805,1091),(657,989,993),(681,994,992),(705,993,995),(711,996,994),(765,995,997),(771,998,996),(784,997,1092),(800,1091,998),(795,806,885),(804,812,811),(810,819,806),(803,815,804),(811,812,813),(811,813,814),(812,814,813),(803,814,815),(804,815,812),(812,815,814),(810,811,816),(811,814,817),(811,817,816),(810,826,819),(806,819,885),(810,816,824),(810,824,826),(816,817,823),(816,823,824),(807,886,891),(808,821,818),(808,822,821),(808,891,822),(818,821,820),(823,825,824),(824,825,826),(825,827,826),(826,892,819),(826,827,893),(784,1092,802),(802,1092,803),(803,1092,814),(805,818,1091),(814,1092,817),(817,1092,823),(818,820,1091),(823,1092,1232),(147,830,736),(829,734,831),(830,832,736),(829,831,833),(736,832,758),(829,833,251),(830,834,832),(830,256,834),(831,836,833),(832,834,842),(757,835,831),(758,832,837),(831,835,836),(758,837,789),(832,842,837),(836,835,848),(837,842,853),(251,833,838),(256,839,834),(838,833,840),(839,841,834),(833,836,840),(834,841,842),(838,840,862),(839,863,841),(836,843,840),(842,841,844),(836,848,843),(842,844,853),(840,843,865),(841,864,844),(788,845,835),(789,837,847),(789,847,846),(790,851,845),(846,847,852),(835,845,848),(837,853,847),(848,845,857),(853,854,847),(847,854,852),(790,849,851),(846,852,850),(849,889,851),(796,850,888),(845,851,857),(851,889,858),(852,859,850),(850,859,888),(848,855,843),(848,857,855),(853,856,854),(853,844,856),(843,855,873),(854,856,876),(851,858,857),(852,854,861),(857,858,860),(852,861,859),(859,861,918),(857,860,855),(854,876,861),(855,860,874),(861,876,877),(858,943,860),(861,877,918),(838,862,279),(839,280,863),(840,865,862),(841,863,864),(279,862,866),(280,867,863),(866,862,869),(867,868,863),(862,865,869),(863,868,864),(844,864,872),(843,873,865),(865,871,869),(864,868,870),(864,870,872),(865,873,871),(866,869,1982),(867,1983,868),(866,1982,1421),(867,1422,1983),(868,1983,1988),(869,1989,1982),(868,1988,870),(869,871,1989),(870,1988,1990),(871,1997,1989),(844,872,856),(856,872,875),(855,874,873),(856,875,876),(872,880,875),(872,870,880),(873,881,871),(873,874,881),(875,880,882),(874,883,881),(876,875,879),(860,878,874),(876,879,877),(860,943,878),(875,882,879),(874,878,883),(877,879,960),(871,881,1997),(870,1990,880),(880,1998,882),(881,883,1999),(880,1990,1998),(881,1999,1997),(879,882,884),(878,962,883),(879,884,960),(882,1998,2003),(883,2002,1999),(882,2003,884),(883,962,2002),(795,887,849),(795,885,887),(849,887,889),(796,888,886),(885,890,887),(885,906,890),(888,915,886),(889,887,916),(886,915,901),(887,890,916),(821,822,897),(822,891,896),(886,901,891),(819,906,885),(819,892,906),(826,894,892),(826,893,894),(828,898,895),(828,895,899),(828,899,898),(893,895,894),(891,901,896),(822,896,897),(821,897,902),(896,902,897),(892,894,904),(894,895,898),(894,899,900),(894,898,899),(896,910,902),(896,901,922),(902,910,903),(896,911,910),(896,922,911),(890,906,925),(894,900,905),(894,905,904),(892,904,908),(904,905,907),(892,923,906),(892,908,912),(904,907,908),(892,912,923),(907,909,908),(908,909,912),(906,923,925),(909,913,912),(912,913,914),(912,914,926),(888,859,917),(888,917,915),(889,919,858),(859,918,917),(889,916,919),(917,921,915),(915,921,929),(858,919,943),(916,947,919),(917,918,944),(917,944,921),(901,915,929),(890,920,916),(890,925,920),(916,920,947),(920,925,948),(921,951,929),(901,929,922),(910,911,932),(912,926,927),(912,934,923),(911,922,930),(911,930,932),(912,927,934),(923,941,925),(923,934,941),(924,938,937),(924,935,938),(924,937,935),(927,928,934),(928,937,934),(922,929,931),(922,931,930),(929,951,931),(930,931,932),(931,940,932),(932,940,933),(934,938,935),(934,935,936),(934,937,938),(934,936,941),(936,939,942),(925,941,948),(936,942,941),(941,942,954),(820,821,1231),(823,1232,825),(825,1232,827),(827,1232,893),(821,902,1231),(902,903,1231),(893,1232,895),(895,1232,899),(899,1232,900),(900,1232,905),(905,1232,907),(907,1234,909),(903,910,1233),(909,1234,913),(913,1234,914),(910,932,1233),(914,1234,926),(926,1234,927),(927,1234,928),(932,933,1233),(928,1234,937),(935,937,1234),(935,1234,936),(936,1234,939),(877,945,918),(943,919,946),(918,945,944),(919,947,946),(943,961,878),(943,946,961),(877,960,945),(944,945,965),(921,944,949),(920,950,947),(921,949,951),(920,948,950),(947,966,946),(944,965,949),(947,950,966),(949,970,951),(948,967,950),(931,953,940),(941,973,948),(942,952,954),(931,951,956),(931,956,953),(940,953,957),(941,954,973),(952,955,954),(954,955,974),(951,970,956),(953,956,957),(948,973,967),(956,959,957),(957,959,958),(956,971,959),(878,961,962),(946,964,961),(960,963,945),(945,963,965),(960,884,2048),(962,961,2050),(960,2048,963),(961,964,2050),(964,2052,2050),(965,963,2055),(963,2048,2051),(963,2051,2055),(946,966,964),(949,965,969),(949,969,970),(950,968,966),(950,967,968),(964,966,2056),(965,2055,969),(966,968,2056),(964,2056,2052),(969,2063,970),(967,2058,968),(956,970,972),(956,972,971),(959,971,2064),(970,2063,972),(971,972,2064),(972,2063,2065),(972,2065,2064),(933,940,1237),(939,1238,942),(942,1238,952),(952,1238,955),(940,957,1237),(957,958,1237),(958,959,2416),(959,2064,2416),(954,976,973),(954,974,976),(973,976,975),(973,975,979),(975,977,979),(973,979,978),(973,978,982),(973,983,967),(973,982,983),(978,980,982),(980,981,982),(981,984,982),(982,984,2085),(967,983,2058),(982,2085,983),(983,2086,2058),(983,2085,2086),(955,1238,974),(974,1238,976),(975,976,1238),(975,1238,977),(977,2418,979),(978,979,2418),(978,2418,980),(980,2418,981),(981,2418,984),(984,2418,2085),(820,1231,1091),(907,1232,1234),(903,1233,1231),(933,1237,1233),(939,1234,1238),(958,2416,1237),(977,1238,2418),(985,987,989),(366,985,989),(367,992,986),(986,992,994),(986,994,988),(987,993,989),(988,994,996),(358,986,1002),(985,1014,987),(986,988,1016),(987,990,993),(988,996,991),(990,995,993),(990,997,995),(990,1087,997),(991,998,1088),(987,1045,990),(988,991,1048),(991,996,998),(985,1000,1003),(986,1015,1002),(417,1017,1000),(422,1002,1018),(1000,1017,1008),(1002,1010,1018),(985,1003,1004),(985,1004,1007),(985,1007,1011),(985,1011,1012),(985,1012,1014),(986,1016,1015),(988,1042,1016),(1000,1005,1003),(999,1004,1006),(999,1007,1004),(999,1006,1007),(1000,1008,1005),(1003,1005,1004),(1004,1005,1006),(1005,1007,1006),(1005,1011,1007),(1005,1008,1013),(1002,1009,1010),(1002,1015,1009),(1009,1015,1010),(1005,1012,1011),(1005,1013,1012),(1012,1013,1014),(1008,1035,1013),(1013,1035,1014),(1015,1042,1010),(1015,1016,1042),(1010,1042,1043),(427,1019,1017),(1017,1019,1023),(429,1018,1020),(428,1021,1019),(430,1020,1022),(435,1027,1021),(1018,1024,1020),(1019,1021,1025),(1020,1026,1022),(1021,1027,1029),(1008,1017,1023),(1010,1024,1018),(1019,1025,1023),(1008,1023,1054),(1020,1024,1026),(1021,1029,1025),(1010,1055,1024),(1023,1025,1056),(1024,1057,1026),(1025,1029,1059),(436,1022,1028),(1022,1030,1028),(437,1031,1027),(438,1028,1032),(437,1069,1031),(1028,1030,1032),(1022,1026,1030),(1027,1031,1029),(1026,1060,1030),(1031,1061,1029),(1029,1061,1059),(1032,1030,1062),(1030,1060,1062),(1031,1071,1061),(987,1014,1033),(987,1033,1034),(987,1034,1038),(987,1038,1040),(987,1040,1045),(988,1044,1042),(988,1048,1044),(1014,1035,1033),(1008,1036,1035),(1008,1054,1036),(1033,1036,1034),(1033,1035,1036),(1034,1036,1037),(1034,1037,1039),(1037,1036,1038),(1034,1039,1038),(1037,1038,1039),(1036,1040,1038),(1036,1041,1040),(1036,1054,1047),(1036,1047,1041),(1010,1043,1055),(1042,1044,1043),(1043,1052,1055),(1043,1044,1052),(990,1045,1049),(990,1049,1095),(1040,1041,1045),(1041,1046,1045),(1041,1047,1046),(1044,1048,1051),(1044,1051,1052),(1045,1046,1050),(1046,1047,1050),(1045,1050,1049),(1047,1096,1050),(991,1053,1048),(991,1102,1053),(1048,1053,1051),(1051,1053,1052),(1052,1053,1098),(1052,1098,1115),(1023,1056,1054),(1024,1055,1057),(1025,1059,1056),(1054,1056,1058),(1055,1064,1057),(1052,1064,1055),(1047,1054,1058),(1056,1065,1058),(1047,1058,1114),(1026,1057,1060),(1057,1064,1066),(1060,1057,1066),(1056,1059,1065),(1061,1067,1059),(1059,1067,1065),(1060,1063,1062),(1060,1066,1063),(1061,1079,1067),(1052,1115,1064),(1058,1065,1116),(1058,1116,1114),(1067,1068,1065),(1066,1080,1063),(1064,1117,1066),(1064,1115,1117),(1066,1117,1080),(1065,1068,1116),(438,1032,1070),(456,1075,1069),(1032,1072,1070),(1032,1062,1072),(1031,1069,1071),(1069,1075,1071),(1070,1072,1076),(1071,1075,1083),(457,1070,1076),(457,1076,1074),(456,1073,1075),(1072,1084,1076),(1075,1077,1083),(1075,1073,1077),(1076,1179,1074),(1076,1084,1179),(1061,1071,1079),(1062,1078,1072),(1062,1063,1078),(1071,1083,1079),(1072,1078,1084),(1083,1085,1079),(1067,1079,1081),(1063,1082,1078),(1063,1080,1082),(1067,1081,1068),(1078,1082,1086),(1080,1144,1082),(1079,1085,1081),(1084,1078,1086),(1083,1187,1085),(1083,1077,1187),(1084,1186,1179),(1084,1086,1186),(1082,1145,1086),(1081,1085,1143),(1086,1189,1186),(1085,1187,1190),(1085,1190,1143),(1086,1145,1189),(990,1101,1087),(991,1088,1103),(1087,1089,1092),(997,1087,1092),(998,1091,1088),(1088,1091,1090),(1090,1091,1093),(1089,1094,1092),(1092,1094,1232),(1087,1127,1089),(1088,1090,1133),(1089,1168,1094),(1090,1093,1167),(1049,1050,1096),(990,1095,1097),(990,1097,1100),(990,1100,1101),(991,1103,1102),(1087,1101,1104),(1087,1104,1107),(1087,1107,1110),(1087,1110,1111),(1088,1106,1103),(1088,1123,1106),(1047,1114,1096),(1049,1096,1095),(1095,1096,1097),(1096,1099,1097),(1053,1102,1098),(1096,1100,1099),(1097,1099,1100),(1100,1105,1101),(1096,1114,1113),(1096,1113,1100),(1115,1098,1120),(1102,1103,1106),(1098,1102,1120),(1101,1105,1104),(1100,1113,1105),(1102,1106,1120),(1106,1119,1120),(1087,1111,1112),(1087,1112,1122),(1087,1122,1125),(1087,1125,1126),(1087,1126,1127),(1104,1109,1107),(1107,1109,1110),(1104,1105,1109),(1105,1113,1109),(1109,1111,1110),(1109,1112,1111),(1109,1122,1112),(1109,1113,1125),(1108,1122,1121),(1108,1121,1125),(1115,1136,1117),(1068,1139,1116),(1114,1116,1118),(1113,1114,1118),(1115,1120,1136),(1116,1139,1118),(1088,1133,1123),(1089,1130,1150),(1089,1127,1128),(1089,1128,1130),(1090,1134,1133),(1090,1166,1134),(1106,1123,1119),(1119,1123,1120),(1109,1124,1122),(1108,1125,1122),(1109,1125,1124),(1113,1126,1125),(1120,1123,1134),(1120,1135,1141),(1120,1134,1135),(1121,1122,1124),(1113,1129,1126),(1121,1124,1125),(1113,1132,1129),(1113,1140,1132),(1126,1129,1127),(1127,1129,1128),(1130,1128,1132),(1128,1129,1132),(1130,1132,1131),(1123,1133,1134),(1130,1151,1150),(1131,1150,1151),(1132,1140,1160),(1134,1164,1135),(1135,1165,1141),(1134,1166,1164),(1135,1164,1165),(1117,1137,1080),(1068,1081,1138),(1117,1136,1137),(1068,1138,1139),(1080,1137,1144),(1081,1143,1138),(1113,1118,1140),(1120,1141,1136),(1118,1139,1142),(1118,1142,1140),(1136,1147,1137),(1136,1141,1147),(1139,1148,1142),(1139,1138,1148),(1140,1142,1176),(1082,1144,1145),(1137,1146,1144),(1138,1143,1149),(1145,1144,1243),(1143,1242,1149),(1137,1147,1146),(1138,1149,1148),(1141,1177,1147),(1141,1165,1177),(1142,1148,1178),(1144,1146,1243),(1147,1266,1146),(1147,1177,1266),(1148,1149,1267),(1089,1150,1153),(1089,1153,1154),(1089,1154,1156),(1089,1156,1157),(1131,1132,1155),(1130,1131,1162),(1131,1155,1150),(1150,1155,1153),(1130,1162,1151),(1131,1151,1162),(1132,1160,1155),(1089,1157,1168),(1090,1167,1166),(1093,1171,1167),(1094,1168,1169),(1094,1169,1175),(1153,1155,1154),(1154,1155,1156),(1155,1157,1156),(1155,1159,1157),(1155,1158,1159),(1152,1159,1158),(1152,1163,1159),(1152,1158,1163),(1155,1160,1161),(1155,1161,1158),(1159,1163,1161),(1158,1161,1163),(1164,1166,1165),(1157,1159,1168),(1159,1161,1168),(1160,1170,1161),(1161,1170,1168),(1165,1166,1171),(1166,1167,1171),(1165,1171,1172),(1165,1172,1269),(1160,1173,1170),(1160,1268,1173),(1168,1170,1169),(1169,1170,1173),(1169,1173,1175),(1140,1176,1160),(1142,1178,1176),(1165,1269,1177),(1148,1267,1178),(1160,1176,1268),(1176,1178,1271),(599,1180,1073),(600,1074,1181),(1073,1180,1077),(1074,1179,1181),(1077,1180,1188),(1181,1179,1192),(600,1181,1182),(599,1183,1180),(1180,1185,1188),(1181,1192,1184),(1181,1184,1182),(1180,1183,1185),(1077,1188,1187),(1179,1186,1192),(1188,1191,1187),(1192,1186,1195),(1187,1191,1190),(1186,1189,1195),(1189,1246,1195),(1190,1191,1245),(1188,1193,1191),(1192,1195,1194),(1188,1185,1193),(1192,1194,1184),(1195,1246,1227),(1191,1196,1245),(1195,1227,1194),(1191,1193,1196),(616,1201,1183),(617,1182,1202),(616,1197,1198),(616,1198,1201),(1197,1200,1198),(1198,1200,1199),(1198,1199,1201),(1182,1184,1202),(1183,1201,1185),(1184,1225,1202),(1185,1201,1226),(618,1204,1203),(1197,618,1203),(1203,1206,1205),(1203,1204,1206),(618,620,1204),(1197,1203,1205),(1197,1205,1200),(1205,1206,1200),(616,624,2351),(620,625,2355),(620,2355,1204),(616,2351,1197),(617,1202,2350),(1197,2351,618),(1204,2355,1206),(1206,2355,1200),(1199,1208,1207),(1199,1207,1209),(1199,1200,1208),(1207,1208,1212),(1199,1209,1210),(1207,1212,1209),(1209,1213,1210),(1210,1213,1211),(1209,1212,1213),(1199,2352,1201),(1199,1210,2352),(1200,2355,1208),(1208,2355,1212),(1201,2352,1215),(1212,2355,1213),(1213,2355,1216),(618,2351,624),(1210,1215,2352),(1216,2355,1218),(1210,1211,1215),(1211,1216,1214),(1201,1215,1217),(1211,1213,1216),(1211,1214,1215),(1201,1217,1219),(1214,1218,1215),(1215,1218,1217),(1214,1216,1218),(1201,1219,1221),(1217,1218,1219),(1201,2376,1226),(1202,1225,2368),(1202,2368,2350),(1218,2355,1222),(1201,1221,2376),(1219,1220,1221),(1219,1222,1220),(1220,1224,1221),(1218,1222,1219),(1220,1222,1224),(1222,2355,1224),(1224,2355,2370),(1221,1223,2376),(1221,1224,1223),(1223,1224,2367),(1223,2367,2376),(1224,2370,2367),(1225,2388,2368),(1184,1194,1225),(1185,1226,1193),(1194,1228,1225),(1193,1226,1229),(1194,1227,1228),(1193,1229,1196),(1196,1229,1282),(1228,1227,1230),(1225,1228,2388),(1226,2389,1229),(1226,2376,2389),(1228,2390,2388),(1228,1230,2390),(1229,2391,1282),(1229,2389,2391),(1230,2431,2390),(1091,1231,1093),(1231,1233,1236),(1094,1235,1232),(1093,1231,1236),(1232,1235,1234),(1233,1240,1236),(1234,1235,1239),(1093,1236,1259),(1094,1257,1235),(1235,1291,1239),(1233,1237,1240),(1234,1239,1238),(1237,2416,1240),(1238,2420,2418),(1238,1239,2420),(1240,2416,2419),(1236,1240,1292),(1239,2445,2420),(1240,2419,2443),(1145,1243,1241),(1143,1190,1242),(1145,1241,1189),(1190,1245,1242),(1189,1241,1246),(1146,1244,1243),(1146,1266,1244),(1149,1248,1267),(1243,1247,1241),(1149,1242,1248),(1243,1244,1247),(1242,1245,1250),(1246,1241,1249),(1246,1280,1227),(1196,1281,1245),(1245,1281,1250),(1246,1249,1280),(1241,1247,1249),(1244,1274,1247),(1249,1247,1283),(1248,1250,1301),(1247,1274,1283),(1242,1250,1248),(1094,1175,1251),(1093,1258,1171),(1093,1259,1258),(1171,1258,1172),(1172,1253,1269),(1172,1258,1253),(1253,1277,1269),(1094,1251,1252),(1094,1252,1256),(1094,1256,1257),(1173,1251,1175),(1173,1268,1254),(1173,1254,1251),(1174,1252,1255),(1174,1256,1252),(1174,1255,1256),(1251,1254,1252),(1252,1254,1255),(1254,1256,1255),(1256,1260,1257),(1254,1276,1256),(1236,1261,1259),(1235,1257,1260),(1235,1260,1263),(1235,1263,1265),(1236,1288,1261),(1236,1292,1288),(1235,1265,1289),(1235,1289,1290),(1235,1290,1291),(1253,1258,1277),(1258,1259,1261),(1258,1261,1277),(1256,1276,1260),(1261,1262,1277),(1260,1276,1264),(1260,1264,1263),(1261,1288,1262),(1262,1305,1277),(1263,1264,1265),(1264,1289,1265),(1177,1270,1266),(1178,1267,1272),(1177,1269,1270),(1176,1271,1268),(1178,1272,1271),(1266,1270,1273),(1244,1266,1273),(1248,1275,1267),(1269,1277,1270),(1267,1275,1272),(1268,1271,1276),(1254,1268,1276),(1244,1273,1274),(1270,1277,1278),(1270,1278,1273),(1248,1301,1275),(1273,1278,1302),(1273,1302,1274),(1272,1275,1306),(1271,1272,1279),(1271,1279,1276),(1272,1306,1279),(1277,1305,1278),(1276,1279,1307),(1264,1276,1307),(1227,1280,1230),(1196,1282,1281),(1230,1280,1286),(1282,1287,1281),(1280,1284,1286),(1249,1283,1284),(1283,1310,1284),(1250,1281,1285),(1249,1284,1280),(1250,1285,1301),(1281,1287,1285),(1230,1286,2431),(1282,2432,1287),(1282,2391,2432),(1286,2433,2431),(1287,2432,2436),(1310,2462,2434),(1284,2434,1286),(1285,1287,2435),(1284,1310,2434),(1285,2435,1311),(1286,2434,2433),(1287,2436,2435),(1239,1291,1294),(1239,1294,1295),(1239,1295,1299),(1239,1299,1300),(1240,1293,1292),(1262,1288,1305),(1288,1293,1305),(1264,1290,1289),(1264,1307,1290),(1288,1292,1293),(1290,1307,1294),(1290,1294,1291),(1293,1297,1305),(1294,1307,1298),(1294,1298,1295),(1295,1298,1296),(1296,1298,1299),(1239,1300,2445),(1240,2443,1293),(1293,2443,1297),(1298,1300,1299),(1295,1296,2444),(1295,2444,1299),(1296,1299,2444),(1297,2443,1314),(1298,2445,1300),(1298,1315,2445),(1274,1304,1283),(1274,1302,1304),(1275,1301,1303),(1275,1303,1306),(1285,1311,1301),(1301,1311,1303),(1283,1304,1310),(1302,1312,1304),(1278,1308,1302),(1279,1306,1309),(1278,1305,1308),(1279,1309,1307),(1306,1313,1309),(1302,1308,1312),(1305,1314,1308),(1303,1313,1306),(1297,1314,1305),(1298,1307,1315),(1307,1309,1315),(1310,1304,2460),(1304,1312,2460),(1303,1311,2461),(1310,2460,2462),(1311,2463,2461),(1312,2466,2460),(1311,2435,2463),(1308,1314,2464),(1308,2464,1312),(1303,2461,1313),(1309,1313,2465),(1309,2465,1315),(1312,2464,2466),(1313,2467,2465),(1313,2461,2467),(1314,2468,2464),(1314,2443,2468),(1315,2465,2469),(1315,2469,2445),(1319,1316,1328),(1318,1319,1321),(1318,1321,1320),(1317,1322,1323),(1317,1336,1322),(1317,1323,1336),(1319,1338,1321),(1319,1328,1338),(1320,1321,1322),(1321,1336,1323),(1321,1323,1322),(210,1327,1316),(210,1324,1327),(213,1332,1326),(1316,1327,1328),(1324,1329,1327),(1326,1332,1335),(213,1326,1325),(1324,1395,1329),(1326,1330,1325),(1327,1342,1328),(1327,1329,1342),(1326,1335,1343),(1326,1343,1330),(1329,1395,1406),(1332,1333,1335),(1331,1334,1333),(1331,1346,1334),(1333,1334,1348),(1333,1348,1335),(1321,1338,1336),(1336,1339,1337),(1336,1338,1339),(1338,1341,1339),(1339,1341,1340),(1340,1341,1351),(1328,1342,1344),(1335,1352,1343),(1329,1345,1342),(1329,1406,1345),(1330,1343,1408),(1342,1354,1344),(1342,1345,1354),(1343,1352,1353),(1343,1353,1408),(1334,1346,1348),(1346,1347,1349),(1346,1349,1348),(1328,1344,1338),(1348,1349,1350),(1335,1348,1352),(1338,1355,1341),(1348,1350,1357),(1348,1357,1352),(1349,1358,1350),(1344,1355,1338),(1341,1356,1351),(1350,1358,1357),(1318,1320,1655),(1320,1322,1655),(1322,1336,1655),(1336,1337,1655),(1331,1657,1346),(1346,1657,1347),(1337,1339,1659),(1339,1340,1659),(1340,1351,1659),(1347,1660,1349),(1349,1660,1358),(1351,1356,1659),(1356,1361,1659),(1358,1660,1359),(1344,1354,1372),(1352,1367,1353),(1345,1433,1354),(1354,1375,1372),(1353,1367,1434),(1354,1433,1375),(1341,1355,1356),(1355,1362,1356),(1344,1372,1355),(1357,1358,1360),(1358,1359,1360),(1357,1360,1366),(1356,1362,1361),(1355,1364,1362),(1362,1364,1363),(1363,1364,1365),(1364,1368,1365),(1352,1357,1367),(1357,1366,1374),(1357,1374,1367),(1355,1373,1364),(1355,1372,1373),(1364,1369,1368),(1368,1369,1370),(1364,1377,1369),(1364,1373,1377),(1368,1370,1371),(1369,1371,1370),(1369,1377,1371),(1360,1379,1366),(1366,1379,1374),(1367,1374,1445),(1360,1380,1379),(1372,1375,1385),(1372,1385,1373),(1371,1377,1376),(1376,1377,1378),(1377,1383,1378),(1374,1379,1447),(1377,1382,1383),(1373,1391,1377),(1382,1384,1383),(1377,1391,1382),(1373,1385,1391),(1382,1386,1384),(1382,1391,1386),(1384,1386,1387),(1386,1391,1392),(1386,1392,1387),(1387,1392,1388),(1388,1389,1390),(1388,1392,1389),(1389,1392,1390),(1390,1392,1393),(1359,1663,1360),(1361,1362,1664),(1362,1363,1664),(1363,1365,1664),(1365,1368,1664),(1368,1371,1664),(1371,1376,1664),(1376,1378,1664),(1378,1383,1664),(1360,1663,1380),(1380,1663,1381),(1383,1384,1664),(1384,1387,1668),(1387,1388,1668),(1388,1393,1668),(1393,1449,1668),(1318,1655,1656),(1337,1659,1655),(1347,1657,1660),(1361,1665,1659),(1359,1660,1663),(1361,1664,1665),(1381,1663,1666),(1384,1668,1664),(1395,1394,1399),(1325,1330,1396),(272,1398,1394),(275,1397,1402),(1397,1396,1400),(1394,1398,1399),(1397,1400,1402),(1395,1399,1406),(1396,1330,1407),(1396,1407,1400),(1399,1398,1412),(272,1401,1398),(275,1402,1403),(1398,1401,1404),(1402,1405,1403),(1401,1415,1404),(1403,1405,1416),(1402,1400,1411),(1398,1404,1412),(1402,1411,1405),(1399,1410,1406),(1330,1408,1407),(1407,1409,1400),(1399,1412,1410),(1406,1410,1430),(1406,1430,1345),(1407,1408,1431),(1407,1431,1409),(1400,1409,1411),(1404,1413,1412),(1405,1411,1425),(1412,1437,1410),(1411,1409,1414),(1411,1414,1425),(1412,1413,1437),(1415,1417,1419),(1416,1420,1418),(1415,1419,1404),(1416,1405,1420),(1419,1417,1423),(1420,1424,1418),(1417,1421,1423),(1418,1424,1422),(1423,1421,1984),(1424,1985,1422),(1404,1419,1413),(1405,1425,1420),(1420,1425,1427),(1419,1426,1413),(1419,1423,1426),(1420,1427,1424),(1425,1456,1427),(1425,1414,1456),(1413,1426,1457),(1427,1456,1460),(1423,1428,1426),(1424,1427,1429),(1423,1984,1428),(1424,1429,1985),(1426,1428,1461),(1427,1460,1429),(1408,1353,1432),(1408,1432,1431),(1345,1430,1433),(1430,1410,1438),(1431,1436,1409),(1353,1434,1432),(1430,1440,1433),(1434,1441,1432),(1431,1432,1435),(1431,1435,1436),(1430,1438,1440),(1432,1441,1435),(1434,1367,1445),(1410,1437,1438),(1409,1436,1414),(1413,1457,1437),(1414,1436,1458),(1437,1457,1439),(1437,1439,1438),(1436,1435,1453),(1436,1453,1458),(1438,1439,1452),(1433,1443,1375),(1433,1440,1443),(1434,1445,1444),(1434,1444,1441),(1375,1442,1385),(1375,1443,1442),(1443,1440,1455),(1444,1495,1441),(1443,1496,1442),(1443,1455,1496),(1374,1447,1445),(1379,1380,1447),(1380,1381,1446),(1380,1446,1447),(1446,1448,1447),(1445,1447,1451),(1446,1479,1448),(1447,1448,1478),(1385,1471,1391),(1392,1449,1393),(1388,1390,1470),(1388,1470,1393),(1390,1393,1470),(1391,1473,1392),(1392,1473,1449),(1442,1471,1385),(1448,1479,1478),(1444,1445,1451),(1447,1478,1451),(1438,1452,1440),(1435,1441,1454),(1435,1454,1453),(1439,1465,1452),(1440,1452,1455),(1441,1495,1454),(1452,1465,1522),(1454,1466,1453),(1452,1522,1455),(1381,1666,1446),(1446,1666,1479),(1449,1472,1668),(1472,1474,1668),(1475,1477,1668),(1475,1668,1474),(1479,1666,1480),(1414,1458,1456),(1426,1461,1457),(1456,1459,1460),(1456,1458,1459),(1457,1464,1439),(1457,1461,1464),(1429,1460,2015),(1428,2016,1461),(1460,1459,1462),(1461,1468,1464),(1460,1462,2015),(1461,2016,1468),(1458,1453,1463),(1458,1463,1459),(1439,1464,1465),(1465,1464,1469),(1463,1467,1459),(1453,1466,1463),(1463,1466,1524),(1463,1524,1467),(1465,1469,1523),(1459,1467,1462),(1464,1468,1469),(1462,1467,2024),(1467,1524,1528),(1469,1468,2025),(1467,1528,2024),(1469,2025,1529),(1480,1666,1875),(1442,1496,1485),(1391,1471,1473),(1449,1473,1472),(1450,1474,1476),(1450,1476,1475),(1450,1475,1474),(1473,1475,1476),(1473,1476,1474),(1472,1473,1474),(1475,1482,1477),(1479,1480,1481),(1444,1451,1501),(1451,1478,1502),(1478,1479,1502),(1479,1481,1502),(1442,1485,1471),(1471,1490,1473),(1477,1482,1483),(1473,1490,1475),(1475,1490,1482),(1451,1502,1501),(1481,1503,1502),(1482,1491,1483),(1471,1485,1490),(1482,1490,1491),(1483,1491,1487),(1484,1488,1489),(1484,1492,1488),(1484,1489,1492),(1487,1491,1488),(1488,1491,1489),(1490,1505,1491),(1486,1505,1494),(1486,1494,1507),(1489,1491,1492),(1486,1507,1505),(1491,1494,1493),(1491,1493,1492),(1491,1507,1494),(1444,1501,1495),(1455,1498,1496),(1495,1501,1499),(1455,1522,1498),(1454,1495,1497),(1454,1497,1466),(1495,1499,1497),(1496,1500,1485),(1496,1498,1500),(1500,1498,1541),(1481,1504,1503),(1502,1503,1504),(1502,1509,1501),(1502,1504,1510),(1502,1510,1511),(1504,1508,1510),(1502,1511,1509),(1485,1512,1490),(1490,1506,1505),(1491,1505,1507),(1490,1514,1506),(1500,1512,1485),(1501,1509,1499),(1510,1544,1511),(1499,1509,1545),(1511,1546,1509),(1490,1516,1514),(1506,1514,1513),(1490,1512,1516),(1514,1516,1515),(1514,1515,1517),(1515,1516,1518),(1514,1517,1518),(1515,1518,1517),(1518,1516,1519),(1500,1547,1512),(1511,1544,1546),(1512,1551,1516),(1516,1521,1519),(1512,1547,1551),(1516,1520,1521),(1516,1551,1520),(1477,1483,1874),(1480,1875,1481),(1483,1487,1874),(1481,1875,1504),(1487,1488,1874),(1488,1492,1874),(1492,1493,1874),(1505,1874,1494),(1505,1506,1874),(1494,1874,1493),(1506,1513,1874),(1504,1875,1508),(1508,1877,1510),(1510,1877,1544),(1513,1514,1878),(1514,1518,1878),(1518,1519,1878),(1519,1521,1878),(1544,1877,1549),(1521,1553,1878),(1465,1523,1522),(1466,1497,1527),(1522,1523,1525),(1466,1527,1524),(1524,1527,1530),(1522,1525,1498),(1497,1499,1526),(1497,1526,1527),(1498,1525,1541),(1499,1545,1526),(1525,1523,1532),(1527,1531,1530),(1526,1531,1527),(1525,1532,1542),(1469,1529,1523),(1523,1529,1532),(1524,1530,1528),(1530,2163,1528),(1530,1531,1540),(1529,2156,1533),(1529,1534,1537),(1529,1533,1534),(1532,1529,1537),(1530,1540,2163),(1532,1537,1538),(1532,1538,1563),(1539,1569,1536),(1536,1569,1538),(1500,1541,1547),(1541,1543,1547),(1525,1542,1541),(1526,1545,1559),(1526,1559,1531),(1541,1542,1543),(1509,1546,1545),(1544,1548,1546),(1544,1549,1548),(1520,1553,1521),(1546,1548,1550),(1548,1549,1550),(1545,1546,1582),(1546,1550,1583),(1545,1582,1559),(1546,1583,1582),(1520,1551,1552),(1520,1552,1553),(1547,1556,1551),(1551,1554,1552),(1552,1554,1553),(1553,1554,1555),(1547,1543,1556),(1551,1556,1557),(1551,1557,1554),(1550,1584,1583),(1554,1557,1555),(1555,1557,1558),(1557,1586,1558),(1532,1561,1542),(1532,1563,1561),(1542,1561,1562),(1542,1562,1564),(1542,1564,1570),(1531,1559,1575),(1542,1577,1543),(1542,1566,1567),(1542,1567,1571),(1542,1570,1566),(1542,1571,1572),(1542,1572,1577),(1539,1535,1569),(1535,1560,1569),(1538,1569,1563),(1560,1563,1569),(1564,1565,1570),(1531,1575,1540),(1540,1575,2188),(1565,1566,1570),(1568,1572,1573),(1559,1592,1575),(1568,1577,1572),(1568,1574,1577),(1568,1573,2190),(1568,2190,1574),(1573,1574,2190),(1575,1592,2200),(1543,1577,1595),(1574,1576,1577),(1533,1613,1534),(1576,1578,1577),(1577,1578,1580),(1539,1609,1535),(1560,1607,1563),(1535,1606,1560),(1539,1536,1611),(1536,1538,1612),(1537,1612,1538),(1534,1613,1537),(1577,2194,1595),(1559,1582,1592),(1582,1583,1593),(1583,1584,1593),(1584,1585,1591),(1543,1595,1556),(1556,1596,1557),(1557,1587,1589),(1557,1589,1586),(1586,1589,1587),(1556,1595,1596),(1557,1596,1587),(1587,1596,1588),(1588,1597,1590),(1582,1593,1592),(1584,1591,1593),(1593,1591,1594),(1592,1593,2201),(1593,1594,2202),(1591,2202,1594),(1588,1596,1597),(1590,1597,1600),(1595,2294,1596),(1549,1879,1550),(1550,1879,1584),(1553,1555,1880),(1555,1558,1880),(1558,1586,1880),(1586,1587,1880),(1587,1588,1880),(1588,1590,1880),(1584,1879,1585),(1590,1600,1883),(1585,1881,1591),(1591,1881,2202),(1600,1601,1883),(1601,1603,1883),(1561,1563,1607),(1561,1607,1562),(1562,1607,1564),(1564,1608,1565),(1565,1608,1566),(1566,1608,1567),(1567,1608,1571),(1571,1610,1572),(1572,1610,1573),(1573,1614,1574),(1574,1614,1576),(1576,1614,1578),(1578,1615,1580),(1580,1616,1581),(1579,1581,1616),(1560,1606,1607),(1539,1611,1609),(1535,1609,1606),(1564,1607,1608),(1571,1608,1610),(1573,1610,1614),(1536,1612,1611),(1537,1613,1612),(1596,1598,1597),(1596,1602,1598),(1597,1598,1600),(1598,1599,1600),(1598,1602,1599),(1599,1602,1600),(1600,1602,1601),(1601,1602,1603),(1602,1604,1603),(1602,1605,1604),(1596,2295,1602),(1602,2295,1605),(1578,1614,1615),(1580,1615,1616),(1609,1611,2310),(1607,1606,2310),(1606,1609,2310),(1607,2310,1608),(1608,2310,1610),(1610,2310,1614),(1603,1604,1883),(1604,1605,1883),(1605,2295,1883),(1477,1874,1668),(1513,1878,1874),(1508,1875,1877),(1553,1880,1878),(1549,1877,1879),(1590,1883,1880),(1585,1879,1881),(1618,1619,1657),(1617,1658,1620),(1617,1633,1630),(1617,1632,1633),(1617,1630,1674),(1617,1634,1632),(1674,1630,1679),(1634,1636,1632),(1634,1645,1636),(1650,1633,1632),(1633,1637,1630),(1650,1654,1633),(1617,1620,1634),(1618,1682,1619),(1620,1635,1634),(1620,1646,1635),(1620,1648,1646),(1620,1650,1648),(1620,1654,1650),(1620,1681,1654),(1619,1690,1661),(1655,1658,1656),(1655,1659,1658),(1617,1656,1658),(1619,1660,1657),(1658,1659,1665),(1620,1658,1665),(1619,1661,1660),(1620,1665,1662),(1620,1662,1691),(1662,1813,1729),(1660,1661,1663),(1662,1665,1668),(1664,1668,1665),(1663,1667,1666),(1661,1667,1663),(1661,1814,1667),(1662,1668,1813),(1666,1667,1814),(1666,1814,1875),(1661,1727,1814),(1681,1674,1679),(1681,1680,1647),(1681,1679,1680),(1681,1647,1649),(1681,1649,1654),(1681,1684,1696),(1681,1683,1684),(1620,1683,1681),(1619,1682,1689),(1682,1697,1685),(1682,1685,1689),(1620,1686,1683),(1620,1687,1686),(1620,1688,1687),(1619,1689,1690),(1620,1691,1688),(1683,1686,1684),(1684,1686,1687),(1684,1687,1688),(1684,1688,1702),(1685,1703,1689),(1688,1691,1693),(1688,1693,1702),(1689,1692,1690),(1689,1703,1692),(1693,1720,1719),(1693,1719,1721),(1693,1721,1702),(1692,1703,1724),(1694,1696,1700),(1695,1701,1697),(1694,1700,1698),(1695,1699,1701),(1698,1713,1705),(1684,1702,1696),(1696,1702,1700),(1685,1697,1703),(1697,1701,1703),(1699,1714,1701),(1698,1700,1704),(1698,1704,1713),(1700,1702,1737),(1701,1738,1703),(1700,1737,1704),(1701,1714,1738),(1706,1712,1699),(1705,1713,1707),(1706,1708,1712),(1708,1710,1717),(1707,1718,1709),(1709,1718,1711),(1710,1759,1717),(1699,1712,1714),(1712,1708,1716),(1707,1713,1715),(1707,1715,1718),(1704,1743,1713),(1712,1744,1714),(1713,1743,1715),(1712,1716,1744),(1708,1717,1716),(1716,1717,1749),(1711,1718,1764),(1759,1765,1717),(1715,1748,1718),(1717,1765,1749),(1718,1748,1764),(1662,1720,1693),(1662,1722,1720),(1662,1693,1691),(1661,1690,1692),(1661,1692,1726),(1662,1723,1722),(1662,1725,1723),(1662,1729,1725),(1661,1726,1727),(1719,1720,1722),(1719,1722,1721),(1721,1722,1723),(1692,1724,1726),(1703,1739,1724),(1721,1723,1725),(1721,1725,1740),(1724,1739,1726),(1725,1730,1740),(1726,1739,1728),(1726,1728,1727),(1728,1739,1734),(1730,1813,1731),(1731,1813,1732),(1732,1813,1735),(1735,1813,1736),(1736,1813,1817),(1729,1813,1730),(1725,1729,1730),(1730,1733,1740),(1730,1731,1733),(1731,1732,1733),(1734,1739,1752),(1733,1732,1736),(1732,1735,1736),(1733,1736,1818),(1733,1818,1742),(1736,1817,1818),(1702,1721,1740),(1702,1740,1737),(1703,1738,1739),(1704,1737,1751),(1737,1740,1741),(1738,1750,1739),(1737,1741,1751),(1733,1742,1740),(1740,1742,1741),(1727,1728,1814),(1728,1820,1814),(1728,1734,1819),(1734,1752,1819),(1728,1819,1820),(1714,1745,1738),(1704,1751,1743),(1714,1744,1745),(1715,1743,1746),(1738,1745,1750),(1744,1755,1745),(1716,1747,1744),(1715,1746,1748),(1716,1749,1747),(1744,1747,1755),(1747,1749,1797),(1746,1798,1748),(1739,1750,1752),(1745,1753,1750),(1743,1751,1754),(1743,1754,1746),(1745,1755,1753),(1741,1854,1751),(1741,1742,1856),(1750,1855,1752),(1751,1854,1754),(1750,1753,1855),(1747,1756,1755),(1746,1857,1798),(1747,1797,1756),(1754,1857,1746),(1753,1755,1860),(1755,1756,1860),(1757,1762,1760),(1757,1711,1762),(1758,1763,1759),(1758,1761,1763),(1761,1770,1767),(1760,1766,1769),(1760,1762,1766),(1761,1767,1763),(1759,1763,1765),(1711,1764,1762),(1764,1795,1762),(1765,1763,1768),(1763,1767,1768),(1762,1795,1766),(1766,1795,1802),(1768,1767,1803),(1769,1790,1771),(1770,1772,1789),(1770,1789,1767),(1769,1766,1790),(1771,1774,1773),(1771,1777,1774),(1773,1774,1776),(1774,1777,1776),(1773,1776,1775),(1775,1776,2355),(1776,1780,2355),(1776,1777,1778),(1777,1779,1778),(1771,1791,1777),(1778,1779,1780),(1776,1778,1780),(1779,1782,1780),(1772,2350,1792),(1780,1782,2355),(1782,1785,2355),(1771,1790,1791),(1772,1792,1789),(1777,1791,1779),(1779,1781,1782),(1781,1783,1782),(1779,1791,1781),(1783,1784,1782),(1783,1786,1784),(1782,1784,1785),(1781,1791,1783),(1784,1786,1785),(1783,1787,1786),(1786,1787,1788),(1785,1786,1788),(1767,1789,1803),(1766,1802,1790),(1789,1805,1803),(1790,1802,1806),(1789,1792,1805),(1790,1806,1791),(1792,2398,1805),(1791,1806,2399),(1765,1793,1749),(1764,1748,1794),(1764,1794,1795),(1765,1768,1793),(1749,1793,1797),(1748,1798,1794),(1795,1799,1802),(1768,1803,1796),(1794,1799,1795),(1768,1796,1793),(1756,1797,1890),(1797,1793,1800),(1794,1798,1801),(1797,1800,1890),(1798,1892,1801),(1793,1796,1800),(1794,1801,1799),(1796,1808,1800),(1799,1801,1809),(1802,1807,1806),(1803,1805,1804),(1803,1804,1796),(1802,1799,1807),(1805,2398,1810),(1806,1811,2399),(1805,1810,1804),(1806,1807,1811),(1796,1804,1808),(1799,1809,1807),(1809,1903,1807),(1808,1804,1812),(1804,1810,1812),(1807,1903,1811),(1812,1810,2537),(1811,1903,2538),(1668,1874,1813),(1814,1876,1875),(1814,1815,1876),(1813,1874,1816),(1874,1885,1816),(1814,1825,1815),(1813,1816,1824),(1815,1840,1884),(1816,1885,1846),(1813,1821,1817),(1813,1823,1821),(1814,1820,1825),(1813,1822,1823),(1813,1824,1822),(1815,1825,1828),(1816,1827,1824),(1817,1821,1818),(1752,1830,1819),(1818,1821,1823),(1742,1818,1836),(1818,1823,1836),(1820,1828,1825),(1819,1830,1820),(1820,1830,1828),(1822,1824,1827),(1822,1836,1823),(1822,1827,1836),(1826,1833,1827),(1828,1830,1829),(1826,1831,1833),(1831,1832,1833),(1832,1834,1833),(1833,1834,1835),(1826,1837,1831),(1833,1836,1827),(1826,1827,1837),(1827,1834,1837),(1828,1829,1839),(1829,1830,1838),(1816,1834,1827),(1816,1835,1834),(1816,1841,1835),(1831,1837,1832),(1832,1837,1834),(1833,1835,1841),(1833,1843,1836),(1836,1843,1863),(1833,1841,1843),(1815,1828,1839),(1815,1839,1840),(1816,1842,1841),(1816,1844,1842),(1816,1846,1844),(1884,1840,1850),(1829,1838,1839),(1830,1862,1838),(1839,1850,1840),(1843,1841,1842),(1843,1842,1844),(1843,1844,1845),(1844,1846,1845),(1845,1846,1848),(1846,1847,1848),(1843,1868,1863),(1843,1845,1868),(1847,1867,1848),(1845,1848,1868),(1838,1862,1853),(1838,1853,1839),(1839,1853,1850),(1850,1853,1852),(1850,1852,1910),(1741,1856,1854),(1742,1836,1856),(1752,1855,1830),(1753,1858,1855),(1754,1854,1859),(1854,1856,1861),(1830,1855,1862),(1753,1860,1858),(1754,1859,1857),(1756,1891,1860),(1854,1861,1859),(1855,1858,1862),(1858,1860,1895),(1857,1859,1896),(1836,1863,1856),(1856,1863,1861),(1859,1861,1864),(1858,1897,1862),(1858,1895,1897),(1859,1864,1896),(1861,1863,1873),(1861,1873,1864),(1853,1862,1897),(1863,1868,1873),(1885,1847,1846),(1885,1849,1847),(1885,1851,1849),(1885,1865,1851),(1885,1866,1865),(1885,1869,1866),(1849,1851,1865),(1849,1865,1867),(1847,1849,1867),(1848,1867,1868),(1865,1866,1867),(1866,1869,1867),(1867,1869,1870),(1867,1870,1871),(1867,1871,1868),(1868,1871,1872),(1875,1876,1877),(1876,1815,1884),(1876,1884,1877),(1874,1878,1885),(1877,1886,1879),(1881,1882,2522),(1884,1886,1877),(1885,1878,1887),(1878,1880,1887),(1884,1911,1886),(1885,1887,1913),(1880,1883,1887),(1879,1888,1881),(1879,1886,1888),(1881,1888,1882),(1883,2530,1889),(1882,1888,2531),(1883,1889,1887),(1889,2530,2532),(1886,1929,1888),(1887,1889,1930),(1889,2532,1955),(1888,1953,2531),(1798,1857,1892),(1756,1890,1891),(1857,1896,1892),(1860,1891,1895),(1891,1890,1898),(1890,1893,1898),(1800,1893,1890),(1801,1892,1894),(1800,1808,1893),(1801,1894,1809),(1892,1899,1894),(1892,1896,1899),(1891,1900,1895),(1891,1898,1900),(1895,1931,1897),(1896,1864,1934),(1895,1900,1931),(1896,1934,1899),(1893,1906,1898),(1898,1937,1900),(1899,1934,1938),(1898,1906,1937),(1899,1938,1907),(1894,1899,1907),(1808,1901,1893),(1808,1812,1901),(1809,1902,1903),(1809,1894,1902),(1893,1901,1906),(1812,1904,1901),(1812,2537,1904),(1903,1905,2538),(1903,1902,1905),(1901,1904,1908),(1906,1966,1937),(1906,1908,1966),(1907,1967,1909),(1894,1907,1902),(1906,1901,1908),(1907,1909,1902),(1908,1970,1966),(1908,2542,1970),(1902,1909,1905),(1904,2542,1908),(1905,1909,2543),(1909,1971,2543),(1885,1870,1869),(1885,1871,1870),(1884,1850,1910),(1884,1910,1911),(1885,1913,1871),(1913,1887,1914),(1914,1887,1916),(1911,1912,1886),(1852,1853,1910),(1853,1912,1910),(1871,1913,1872),(1868,1872,1915),(1910,1912,1911),(1853,1917,1912),(1853,1932,1917),(1872,1913,1915),(1868,1915,1919),(1868,1919,1935),(1913,1914,1915),(1914,1919,1915),(1914,1916,1919),(1916,1918,1919),(1912,1917,1922),(1917,1932,1924),(1916,1921,1918),(1918,1920,1919),(1916,1920,1921),(1918,1921,1920),(1919,1920,1925),(1919,1928,1935),(1912,1922,1886),(1886,1922,1929),(1917,1924,1922),(1922,1924,1923),(1922,1923,1929),(1916,1887,1920),(1919,1925,1926),(1887,1925,1920),(1887,1930,1925),(1919,1926,1928),(1925,1930,1926),(1926,1927,1928),(1926,1930,1927),(1923,1942,1929),(1923,1924,1942),(1927,1930,1946),(1927,1946,1928),(1930,1945,1946),(1928,1946,1948),(1864,1873,1933),(1853,1897,1932),(1868,1935,1873),(1873,1935,1933),(1897,1931,1932),(1864,1933,1934),(1935,1941,1933),(1900,1936,1931),(1931,1939,1932),(1931,1936,1939),(1933,1940,1934),(1934,1940,1938),(1900,1937,1936),(1924,1932,1939),(1933,1941,1940),(1936,1975,1939),(1940,1969,1938),(1935,1928,1941),(1924,1939,1976),(1940,1941,1974),(1928,1977,1941),(1888,1929,1942),(1888,1942,1944),(1888,1944,1953),(1889,1945,1930),(1889,1947,1945),(1889,1949,1947),(1889,1950,1949),(1889,1955,1950),(1924,1943,1942),(1924,1976,1943),(1942,1943,1944),(1943,1976,1963),(1943,1963,1944),(1945,1948,1946),(1928,1948,1977),(1945,1947,1948),(1948,1947,1949),(1948,1949,1950),(1948,1950,1951),(1948,1951,1952),(1948,1961,1977),(1951,1950,1952),(1950,1955,1952),(1948,1952,1961),(1955,2532,1956),(1956,2532,1957),(1957,2532,1959),(1959,2532,1964),(1964,2532,1965),(1953,1954,2531),(1944,1954,1953),(1944,1963,1954),(1954,1963,1962),(1952,1955,1960),(1952,1960,1961),(1956,1957,1958),(1957,1959,1958),(1958,1959,1964),(1955,1956,1960),(1956,1958,1960),(1958,1961,1960),(1954,1962,2555),(1962,1963,2555),(1958,1964,1965),(1958,1965,2556),(1958,2556,1961),(1907,1938,1967),(1936,1937,1968),(1937,1966,1968),(1936,1968,1975),(1938,1969,1967),(1940,1974,1969),(1975,1968,1979),(1969,1972,1967),(1909,1967,1971),(1966,1970,1973),(1966,1973,1968),(1973,1970,2570),(1967,1972,1971),(1968,1973,1979),(1972,2571,1971),(1973,2577,1979),(1939,1975,1976),(1941,1977,1974),(1975,1980,1976),(1969,1974,1978),(1974,1977,1981),(1975,1979,1980),(1976,1980,1963),(1974,1981,1978),(1969,1978,1972),(1979,2576,1980),(1972,1978,2578),(1977,1961,1981),(1963,1980,2579),(1978,1981,2580),(1961,2581,1981),(1421,1982,1984),(1422,1985,1983),(1983,1986,1988),(1982,1989,1987),(1984,1982,1987),(1985,1986,1983),(1988,1991,1990),(1989,1997,1992),(1988,1986,1991),(1989,1992,1987),(1985,1993,1986),(1984,1987,1994),(1985,1429,1993),(1984,1994,1428),(1986,1993,1995),(1987,1996,1994),(1429,2015,1993),(1428,1994,2016),(1993,2017,1995),(1994,1996,2018),(1986,1995,1991),(1987,1992,1996),(1991,1995,2008),(1992,2009,1996),(1995,2019,2008),(1996,2009,2020),(1990,2000,1998),(1997,1999,2001),(1997,2001,1992),(1990,1991,2000),(1998,2000,2005),(1999,2006,2001),(1998,2005,2003),(1999,2002,2006),(2005,2004,2003),(884,2003,2004),(962,2049,2002),(884,2004,2048),(2006,2002,2049),(2005,2011,2004),(2006,2049,2012),(2004,2011,2053),(1991,2008,2000),(1992,2001,2009),(2008,2007,2000),(2000,2007,2005),(2001,2006,2010),(2009,2001,2010),(2008,2031,2007),(2008,2019,2031),(2009,2010,2032),(2007,2031,2013),(2005,2007,2011),(2006,2012,2010),(2053,2011,2014),(2007,2013,2011),(2010,2012,2035),(2013,2014,2011),(2012,2070,2035),(2015,2017,1993),(2016,1994,2018),(2015,2023,2017),(2016,2018,2022),(2015,1462,2023),(2016,2022,1468),(2017,2023,2021),(2018,2028,2022),(1995,2017,2019),(1996,2020,2018),(2017,2021,2019),(2018,2020,2028),(2021,2033,2019),(2020,2040,2028),(1462,2024,2023),(1468,2022,2025),(2024,2026,2023),(2021,2023,2026),(2022,2028,2027),(2025,2022,2027),(2024,2154,2026),(2024,1528,2154),(2025,2027,2155),(2026,2154,2176),(2021,2026,2029),(2021,2029,2033),(2028,2040,2030),(2028,2030,2027),(2026,2176,2029),(2027,2030,2177),(2029,2176,2240),(2009,2032,2020),(2019,2033,2031),(2013,2031,2034),(2020,2032,2040),(2033,2034,2031),(2040,2032,2037),(2010,2035,2032),(2032,2035,2037),(2013,2034,2036),(2013,2036,2014),(2070,2038,2035),(2014,2036,2096),(2037,2035,2038),(2034,2045,2036),(2037,2038,2044),(2036,2039,2096),(2036,2045,2039),(2033,2029,2041),(2040,2042,2030),(2033,2041,2034),(2040,2037,2042),(2034,2041,2045),(2029,2240,2041),(2030,2042,2239),(2041,2240,2043),(2042,2044,2241),(2041,2043,2045),(2037,2044,2042),(2038,2122,2044),(2039,2045,2046),(2039,2046,2123),(2045,2043,2046),(2044,2047,2241),(2044,2122,2047),(2123,2046,2246),(962,2050,2049),(2004,2053,2048),(2049,2050,2054),(2053,2051,2048),(2050,2052,2054),(2051,2059,2055),(2049,2054,2012),(2052,2069,2054),(2053,2068,2051),(2051,2068,2059),(969,2055,2057),(2052,2056,2060),(2055,2059,2057),(2056,2061,2060),(968,2061,2056),(969,2057,2063),(968,2058,2061),(2057,2066,2063),(2058,2062,2061),(2052,2060,2069),(2059,2072,2057),(2057,2072,2066),(2060,2061,2073),(2061,2062,2073),(2063,2066,2065),(2064,2065,2067),(2064,2067,2076),(2065,2066,2078),(2065,2078,2067),(2012,2054,2070),(2053,2014,2068),(2070,2054,2069),(2059,2068,2071),(2014,2096,2068),(2070,2069,2097),(2068,2096,2071),(2069,2074,2097),(2060,2074,2069),(2059,2071,2072),(2060,2073,2074),(2066,2072,2080),(2062,2075,2073),(2071,2101,2072),(2074,2073,2102),(2072,2101,2080),(2073,2075,2102),(2076,2078,2079),(2067,2078,2076),(2076,2079,2077),(2066,2080,2078),(2078,2081,2079),(2062,2094,2075),(2078,2103,2081),(2078,2080,2103),(2079,2081,2108),(2094,2083,2109),(2082,2084,2083),(2081,2103,2108),(2075,2094,2109),(2083,2084,2110),(2064,2076,2417),(2076,2077,2417),(2077,2079,2424),(2093,2426,2095),(2095,2426,2082),(2079,2108,2424),(2082,2426,2084),(2058,2086,2062),(2085,2088,2086),(2085,2087,2088),(2062,2086,2094),(2094,2086,2088),(2089,2088,2087),(2091,2088,2092),(2089,2092,2088),(2091,2094,2088),(2090,2094,2091),(2090,2095,2094),(2090,2093,2095),(2094,2095,2083),(2095,2082,2083),(2085,2421,2087),(2089,2087,2421),(2089,2421,2092),(2091,2092,2421),(2090,2091,2421),(2090,2421,2093),(2070,2097,2038),(2071,2096,2098),(2071,2098,2101),(2074,2100,2097),(2038,2097,2122),(2039,2098,2096),(2039,2123,2098),(2123,2099,2098),(2122,2097,2100),(2101,2098,2099),(2101,2099,2106),(2099,2129,2106),(2080,2101,2106),(2074,2102,2100),(2075,2115,2102),(2100,2102,2124),(2102,2115,2124),(2080,2106,2103),(2103,2105,2108),(2108,2105,2104),(2103,2107,2105),(2116,2107,2103),(2106,2116,2103),(2075,2109,2115),(2083,2110,2109),(2109,2110,2111),(2109,2111,2112),(2111,2113,2112),(2112,2113,2120),(2110,2114,2111),(2116,2140,2107),(2105,2107,2140),(2106,2129,2116),(2105,2140,2141),(2112,2144,2117),(2121,2143,2144),(2109,2117,2115),(2109,2112,2117),(2111,2142,2113),(2112,2120,2118),(2112,2118,2119),(2111,2120,2142),(2113,2142,2120),(2112,2119,2144),(2119,2121,2144),(2122,2100,2125),(2123,2126,2099),(2100,2124,2125),(2099,2126,2129),(2122,2125,2047),(2123,2246,2126),(2047,2125,2247),(2125,2127,2247),(2124,2127,2125),(2124,2145,2127),(2116,2129,2132),(2116,2132,2140),(2141,2130,2128),(2141,2140,2132),(2141,2132,2130),(2126,2131,2129),(2131,2330,2132),(2133,2330,2331),(2129,2131,2132),(2130,2132,2133),(2130,2133,2331),(2132,2330,2133),(2150,2139,2137),(2153,2134,2139),(2134,2136,2139),(2135,2139,2136),(2127,2145,2329),(2145,2137,2329),(2138,2336,2139),(2135,2336,2138),(2135,2138,2139),(2137,2139,2345),(2135,2136,2338),(2136,2336,2338),(2115,2145,2124),(2115,2117,2145),(2143,2149,2144),(2117,2137,2145),(2117,2144,2137),(2137,2144,2147),(2151,2147,2146),(2144,2149,2148),(2144,2148,2147),(2147,2148,2146),(2151,2137,2147),(2150,2137,2151),(2150,2153,2152),(2150,2152,2139),(2152,2153,2139),(2108,2104,2424),(2084,2426,2110),(2110,2426,2114),(2105,2427,2104),(2105,2141,2427),(2120,2428,2118),(2118,2428,2119),(2119,2428,2121),(2114,2428,2111),(2111,2428,2120),(2141,2128,2427),(2130,2331,2623),(2128,2130,2623),(2150,2625,2153),(2151,2146,2625),(2150,2151,2625),(2153,2625,2134),(2134,2625,2136),(2121,2428,2143),(2143,2428,2149),(2148,2149,2428),(2148,2428,2146),(2064,2417,2416),(2077,2424,2417),(2093,2421,2426),(2085,2418,2421),(2104,2427,2424),(2114,2426,2428),(2128,2623,2427),(2146,2428,2625),(2025,2155,1529),(1528,2163,2154),(1529,2155,2156),(2163,2172,2154),(2027,2177,2155),(2154,2172,2176),(2155,2177,2175),(2156,2155,2164),(2159,2164,2155),(2157,2158,2162),(2157,2161,2159),(2159,2161,2164),(2158,2164,2162),(2159,2155,2160),(2157,2162,2161),(2160,2155,2161),(2161,2155,2167),(2161,2167,2164),(2164,2167,2162),(2156,2164,2158),(2163,2166,2172),(1540,2166,2163),(2155,2168,2167),(2155,2169,2168),(2155,2175,2169),(2165,2170,2169),(2165,2171,2170),(2165,2169,2175),(2165,2175,2171),(2171,2175,2173),(2175,2174,2173),(2172,2166,2183),(2175,2178,2174),(2176,2172,2185),(2030,2239,2177),(2177,2239,2186),(2176,2185,2240),(2177,2178,2175),(2177,2179,2178),(2172,2183,2185),(2177,2186,2179),(2181,2208,2182),(2179,2186,2180),(2180,2186,2181),(2181,2186,2205),(2185,2187,2242),(2183,2187,2185),(1540,2188,2166),(1575,2200,2188),(2166,2188,2183),(2183,2188,2210),(2188,2200,2210),(2210,2200,2223),(2156,2158,1613),(2157,2159,2306),(2157,2306,2158),(2159,2160,2307),(2160,2161,2307),(2161,2162,2307),(1533,2156,1613),(1577,1580,2194),(1580,1581,2194),(1579,2194,1581),(1579,2189,2194),(2189,2192,2194),(2192,2193,2191),(2192,2191,2194),(2162,2167,2308),(2167,2168,2313),(2168,2169,2313),(2169,2170,2313),(2170,2171,2314),(2171,2173,2314),(2191,2193,2195),(2191,2195,2194),(2195,2199,2194),(2199,2196,2194),(2173,2174,2316),(2174,2178,2316),(2194,2196,2198),(2194,2198,2197),(2194,2197,2220),(2194,2220,2227),(1592,2201,2200),(1593,2202,2201),(1595,2194,2294),(2200,2201,2223),(2201,2202,2224),(2201,2224,2223),(2202,2225,2224),(2202,2226,2225),(2194,2227,2294),(2227,2296,2294),(2182,2208,2184),(2181,2205,2208),(2184,2208,2203),(2186,2204,2205),(2203,2208,2205),(2207,2209,2214),(2183,2210,2187),(2209,2213,2214),(2211,2216,2217),(2211,2217,2220),(2210,2223,2218),(2186,2217,2204),(2204,2217,2206),(2206,2217,2207),(2207,2217,2209),(2187,2210,2218),(2209,2217,2213),(2213,2217,2215),(2215,2217,2216),(2220,2217,2221),(2197,2219,2220),(2212,2220,2219),(2211,2220,2212),(2220,2221,2227),(2178,2179,2316),(2179,2180,2319),(2180,2181,2319),(2181,2182,2319),(2182,2184,2320),(2184,2203,2323),(2203,2205,2324),(2223,2222,2218),(2224,2225,2226),(2223,2224,2222),(2224,2226,2228),(2226,2229,2228),(2227,2232,2296),(2236,2302,2296),(2231,2303,2302),(2224,2228,2230),(2224,2230,2222),(2265,2230,2228),(2227,2221,2232),(2232,2233,2296),(2231,2302,2236),(2236,2296,2237),(2237,2296,2233),(2237,2276,2234),(2238,2234,2276),(2233,2235,2234),(2237,2233,2238),(2237,2238,2276),(2238,2233,2234),(2202,2522,2226),(2226,2522,2229),(2229,2523,2228),(2265,2228,2523),(2236,2237,2524),(2231,2236,2524),(2237,2234,2524),(2234,2235,2524),(2235,2277,2524),(2043,2240,2242),(2240,2185,2242),(2042,2241,2239),(2043,2242,2245),(2239,2241,2243),(2239,2243,2186),(2186,2243,2217),(2187,2244,2242),(2242,2244,2245),(2241,2248,2243),(2245,2244,2249),(2243,2248,2264),(2244,2266,2249),(2043,2245,2046),(2047,2248,2241),(2046,2245,2246),(2245,2249,2246),(2126,2246,2251),(2047,2247,2248),(2249,2251,2246),(2248,2247,2250),(2248,2250,2264),(2247,2259,2250),(2131,2251,2252),(2328,2253,2258),(2328,2252,2253),(2249,2254,2251),(2254,2257,2252),(2249,2266,2254),(2254,2268,2257),(2256,2257,2267),(2254,2252,2251),(2252,2257,2256),(2258,2256,2255),(2252,2256,2258),(2252,2258,2253),(2250,2259,2281),(2259,2348,2281),(2260,2348,2349),(2260,2261,2348),(2346,2263,2262),(2262,2263,2349),(2260,2349,2263),(2261,2290,2348),(2187,2218,2244),(2217,2243,2264),(2218,2266,2244),(2217,2264,2221),(2221,2264,2269),(2250,2269,2264),(2218,2222,2266),(2222,2230,2268),(2222,2268,2266),(2265,2270,2271),(2265,2268,2230),(2268,2271,2267),(2270,2267,2271),(2254,2266,2268),(2257,2268,2267),(2265,2271,2268),(2269,2281,2279),(2284,2279,2285),(2221,2269,2232),(2232,2279,2233),(2232,2269,2279),(2272,2233,2279),(2273,2278,2277),(2272,2279,2273),(2233,2277,2235),(2233,2275,2277),(2272,2274,2233),(2274,2275,2233),(2273,2277,2275),(2272,2273,2275),(2272,2275,2274),(2273,2279,2280),(2273,2280,2278),(2284,2280,2279),(2284,2278,2280),(2250,2281,2269),(2290,2288,2291),(2290,2293,2288),(2291,2288,2293),(2282,2293,2283),(2282,2283,2289),(2279,2281,2282),(2285,2289,2287),(2285,2282,2286),(2285,2286,2289),(2285,2279,2282),(2286,2282,2289),(2348,2282,2281),(2290,2292,2293),(2348,2290,2282),(2261,2292,2290),(2282,2290,2291),(2282,2291,2293),(2328,2525,2332),(2256,2527,2255),(2258,2255,2525),(2328,2258,2525),(2261,2529,2292),(2260,2333,2529),(2260,2529,2261),(2265,2523,2270),(2256,2267,2527),(2270,2527,2267),(2284,2285,2528),(2277,2278,2524),(2284,2528,2278),(2283,2293,2528),(2283,2528,2289),(2285,2287,2528),(2287,2289,2528),(2292,2528,2293),(1579,2309,2189),(2189,2311,2192),(2192,2312,2193),(2195,2317,2199),(2193,2315,2195),(2199,2318,2196),(2196,2321,2198),(2197,2198,2321),(2158,2306,1613),(2159,2307,2306),(2307,2162,2308),(2167,2313,2308),(2170,2314,2313),(2173,2316,2314),(1596,2294,2295),(2294,2296,2295),(2295,2296,2299),(2295,2299,2297),(2211,2212,2322),(2204,2324,2205),(2206,2207,2324),(2204,2206,2324),(2207,2214,2325),(2213,2325,2214),(2213,2215,2326),(2215,2216,2327),(2211,2327,2216),(2197,2321,2219),(2212,2219,2321),(2179,2319,2316),(2182,2320,2319),(2184,2323,2320),(2212,2321,2322),(2211,2322,2327),(2203,2324,2323),(2207,2325,2324),(2213,2326,2325),(2215,2327,2326),(2297,2299,2298),(2298,2299,2300),(2299,2304,2300),(2296,2302,2301),(2296,2301,2299),(2301,2305,2299),(2301,2302,2303),(2301,2303,2305),(2299,2303,2304),(2299,2305,2303),(1579,1616,2309),(2189,2309,2311),(2192,2311,2312),(2193,2312,2315),(2195,2315,2317),(2199,2317,2318),(2196,2318,2321),(1611,1612,2310),(1612,1613,2310),(1613,2306,2310),(1614,2310,1615),(1615,2310,1616),(1616,2310,2309),(2306,2307,2310),(2307,2308,2310),(2309,2310,2311),(2311,2310,2312),(2308,2313,2310),(2313,2314,2310),(2314,2316,2310),(2310,2315,2312),(2310,2317,2315),(2310,2318,2317),(2310,2316,2319),(2310,2319,2320),(2310,2320,2323),(2310,2327,2322),(2310,2321,2318),(2310,2322,2321),(2310,2323,2324),(2310,2324,2325),(2310,2326,2327),(2310,2325,2326),(2295,2297,2530),(2297,2298,2530),(2298,2300,2530),(2300,2304,2530),(2231,2530,2303),(2304,2303,2530),(1881,2522,2202),(2229,2522,2523),(2255,2527,2525),(2270,2523,2527),(2278,2528,2524),(2292,2529,2528),(1883,2295,2530),(2231,2524,2530),(2127,2259,2247),(2126,2251,2131),(2328,2331,2252),(2131,2252,2330),(2252,2331,2330),(2328,2332,2331),(2127,2329,2259),(2348,2329,2345),(2334,2342,2340),(2348,2341,2342),(2348,2345,2341),(2348,2342,2334),(2137,2345,2329),(2139,2336,2339),(2139,2339,2345),(2135,2338,2336),(2337,2341,2343),(2337,2343,2344),(2337,2344,2341),(2341,2345,2343),(2343,2345,2344),(2339,2344,2345),(2259,2329,2348),(2260,2335,2333),(2346,2347,2335),(2346,2335,2263),(2260,2263,2335),(2346,2349,2347),(2348,2333,2349),(2347,2349,2335),(2348,2334,2333),(2349,2333,2335),(2346,2262,2349),(2331,2332,2623),(2136,2625,2336),(2339,2336,2625),(2340,2342,2625),(2339,2625,2344),(2341,2344,2625),(2341,2625,2342),(2334,2340,2529),(2333,2334,2529),(2332,2525,2623),(2340,2625,2529),(1783,2353,1787),(2354,2377,2363),(2355,2379,2381),(1783,1791,2353),(1785,1788,2355),(1788,2357,2355),(1787,2353,2382),(1791,2382,2353),(1792,2350,2386),(2357,2359,2355),(2359,2385,2355),(1787,2356,1788),(1787,2382,2356),(2356,2358,2357),(1788,2356,2357),(2357,2358,2359),(2356,2382,2358),(2358,2382,2359),(2359,2382,2385),(2354,2363,2384),(2354,2384,2387),(2355,2385,2361),(2355,2361,2366),(2354,2387,2377),(2355,2365,2379),(2355,2366,2365),(2360,2385,2384),(2360,2384,2363),(2360,2364,2361),(2360,2361,2385),(2362,2365,2363),(2360,2363,2364),(2364,2363,2366),(2366,2363,2365),(2361,2364,2366),(2355,2371,2370),(2355,2375,2371),(2369,2376,2367),(2369,2367,2370),(2369,2372,2376),(2369,2371,2372),(2369,2370,2371),(2350,2368,2386),(2355,2381,2375),(2372,2375,2373),(2372,2373,2374),(2372,2387,2376),(2373,2381,2374),(2371,2375,2372),(2373,2375,2381),(2368,2388,2392),(2380,2381,2377),(2378,2362,2377),(2374,2380,2387),(2378,2377,2379),(2379,2377,2381),(2372,2374,2387),(2374,2381,2380),(2377,2362,2363),(2378,2365,2362),(2380,2377,2387),(2378,2379,2365),(2368,2392,2386),(2376,2387,2393),(1791,2383,2382),(1791,2387,2383),(2382,2383,2385),(2383,2384,2385),(1792,2386,2398),(1791,2399,2387),(2383,2387,2384),(2386,2392,2400),(2387,2401,2393),(2386,2400,2398),(2387,2399,2401),(2376,2393,2389),(2388,2390,2394),(2392,2388,2394),(2393,2395,2389),(2389,2395,2391),(2390,2431,2396),(2390,2396,2394),(2391,2395,2437),(2392,2394,2405),(2393,2406,2395),(2392,2405,2400),(2393,2401,2406),(2394,2396,2397),(2395,2408,2437),(2394,2397,2405),(2395,2406,2408),(1810,2398,2402),(1811,2403,2399),(2398,2400,2402),(2399,2403,2401),(2400,2407,2402),(2401,2403,2410),(1810,2402,2537),(1811,2538,2403),(2407,2404,2402),(2403,2539,2410),(2402,2404,2537),(2403,2538,2539),(2400,2405,2407),(2401,2410,2406),(2407,2405,2409),(2410,2413,2406),(2397,2409,2405),(2406,2413,2408),(2397,2479,2409),(2408,2413,2480),(2407,2409,2411),(2410,2412,2413),(2407,2411,2404),(2410,2539,2412),(2409,2414,2411),(2409,2479,2414),(2413,2415,2480),(2412,2415,2413),(2416,2417,2419),(2421,2418,2420),(2417,2422,2419),(2421,2420,2423),(2421,2423,2426),(2417,2429,2422),(2419,2422,2452),(2420,2457,2423),(2424,2427,2425),(2425,2427,2429),(2427,2623,2628),(2417,2424,2429),(2424,2425,2429),(2426,2430,2428),(2423,2430,2426),(2427,2628,2429),(2428,2430,2629),(2422,2429,2495),(2423,2500,2430),(2429,2628,2662),(2430,2667,2629),(2391,2437,2432),(2396,2431,2433),(2437,2436,2432),(2433,2434,2441),(2462,2441,2434),(2436,2442,2435),(2435,2442,2463),(2396,2433,2438),(2437,2439,2436),(2433,2441,2438),(2396,2438,2397),(2437,2408,2439),(2462,2440,2441),(2440,2483,2441),(2436,2439,2442),(2438,2441,2483),(2439,2484,2442),(2442,2484,2472),(2420,2445,2447),(2419,2451,2443),(2420,2447,2448),(2420,2448,2454),(2420,2454,2455),(2419,2452,2451),(2420,2455,2457),(2443,2449,2468),(2445,2469,2450),(2445,2450,2447),(2443,2451,2449),(2446,2448,2453),(2446,2454,2448),(2446,2453,2454),(2447,2450,2448),(2422,2493,2456),(2423,2459,2458),(2423,2458,2490),(2422,2456,2452),(2423,2457,2459),(2448,2450,2453),(2450,2454,2453),(2449,2451,2476),(2450,2455,2454),(2450,2478,2455),(2451,2456,2476),(2456,2489,2476),(2451,2452,2456),(2455,2459,2457),(2455,2478,2459),(2458,2459,2491),(2459,2478,2491),(2462,2460,2470),(2460,2466,2470),(2461,2463,2471),(2464,2468,2474),(2466,2464,2474),(2461,2471,2467),(2465,2467,2475),(2465,2475,2469),(2462,2470,2440),(2442,2472,2463),(2463,2472,2471),(2466,2473,2470),(2440,2470,2508),(2470,2473,2508),(2471,2472,2509),(2471,2509,2477),(2466,2474,2473),(2468,2476,2474),(2467,2477,2475),(2467,2471,2477),(2449,2476,2468),(2450,2469,2478),(2469,2475,2478),(2474,2476,2511),(2473,2474,2511),(2475,2477,2512),(2475,2512,2478),(2397,2438,2479),(2408,2480,2439),(2479,2438,2483),(2439,2480,2484),(2479,2483,2485),(2480,2486,2484),(2440,2481,2483),(2440,2508,2481),(2472,2484,2482),(2483,2481,2485),(2481,2508,2487),(2482,2484,2486),(2488,2648,2485),(2479,2485,2414),(2415,2486,2480),(2414,2485,2648),(2415,2649,2486),(2481,2488,2485),(2482,2486,2651),(2481,2487,2488),(2482,2651,2519),(2488,2487,2652),(2487,2518,2652),(2422,2495,2493),(2423,2490,2492),(2423,2492,2498),(2423,2498,2496),(2423,2496,2497),(2423,2497,2500),(2429,2494,2495),(2456,2493,2489),(2476,2489,2513),(2458,2491,2490),(2490,2491,2492),(2491,2498,2492),(2489,2493,2513),(2493,2494,2513),(2494,2499,2513),(2493,2495,2494),(2496,2514,2497),(2497,2514,2504),(2491,2496,2498),(2491,2514,2496),(2429,2664,2494),(2430,2668,2667),(2429,2662,2664),(2499,2520,2513),(2494,2663,2499),(2494,2664,2663),(2499,2663,2520),(2430,2501,2507),(2430,2503,2501),(2430,2507,2506),(2430,2500,2504),(2430,2504,2505),(2430,2505,2503),(2430,2506,2665),(2430,2665,2668),(2497,2504,2500),(2504,2514,2505),(2505,2514,2502),(2503,2502,2501),(2503,2505,2502),(2501,2502,2507),(2502,2506,2507),(2502,2666,2506),(2502,2521,2666),(2506,2666,2665),(2472,2482,2509),(2473,2511,2510),(2473,2510,2508),(2477,2509,2517),(2487,2508,2510),(2511,2513,2515),(2510,2511,2515),(2476,2513,2511),(2477,2517,2512),(2478,2512,2514),(2478,2514,2491),(2512,2517,2516),(2512,2516,2514),(2510,2515,2518),(2482,2519,2509),(2487,2510,2518),(2513,2520,2515),(2509,2519,2517),(2515,2686,2518),(2517,2519,2685),(2516,2517,2685),(2515,2520,2686),(2516,2687,2521),(2514,2516,2521),(2502,2514,2521),(2525,2527,2526),(2525,2526,2630),(2526,2527,2535),(1882,2531,2522),(2524,2532,2530),(2522,2531,2533),(2522,2533,2523),(2523,2533,2527),(2524,2534,2532),(2531,2555,2533),(2532,2534,2556),(2524,2528,2534),(2527,2533,2535),(2528,2536,2534),(2528,2529,2536),(2526,2535,2630),(2529,2631,2536),(2535,2601,2630),(2533,2565,2535),(2534,2536,2569),(2536,2631,2604),(1904,2537,2540),(1905,2541,2538),(1904,2540,2542),(2404,2540,2537),(2538,2541,2539),(2404,2546,2540),(2541,2547,2539),(2540,2546,2544),(1970,2542,2572),(1905,2543,2541),(2542,2544,2572),(2544,2608,2572),(2540,2544,2542),(2541,2543,2545),(2541,2545,2547),(2543,2573,2545),(2404,2411,2546),(2412,2539,2547),(2411,2548,2546),(2412,2547,2549),(2546,2548,2550),(2548,2648,2552),(2411,2414,2548),(2412,2549,2415),(2414,2648,2548),(2415,2549,2649),(2549,2553,2649),(2544,2550,2608),(2545,2609,2551),(2550,2610,2608),(2546,2550,2544),(2547,2545,2551),(2547,2551,2549),(2548,2552,2550),(2552,2650,2554),(2550,2552,2610),(2552,2554,2610),(2551,2614,2553),(2553,2614,2615),(2549,2551,2553),(1965,2532,2556),(1954,2555,2531),(1963,2579,2555),(1961,2556,2581),(2555,2579,2558),(2556,2563,2581),(2534,2559,2556),(2533,2555,2564),(2534,2560,2559),(2534,2562,2560),(2534,2566,2562),(2534,2567,2566),(2534,2569,2567),(2533,2564,2565),(2589,2558,2590),(2555,2558,2557),(2555,2557,2564),(2564,2557,2558),(2556,2559,2561),(2556,2561,2563),(2559,2560,2561),(2560,2562,2561),(2561,2562,2566),(2561,2568,2563),(2589,2564,2558),(2589,2565,2564),(2561,2566,2567),(2567,2569,2568),(2563,2568,2596),(2561,2567,2568),(2568,2569,2596),(1971,2573,2543),(1970,2572,2570),(1971,2571,2573),(2572,2574,2570),(1973,2570,2577),(2570,2574,2577),(2572,2608,2574),(2545,2573,2609),(2608,2611,2574),(2573,2571,2575),(2574,2582,2577),(2573,2575,2609),(2609,2575,2612),(2574,2611,2582),(1979,2577,2576),(1980,2576,2579),(1978,2580,2578),(1972,2578,2571),(2576,2577,2582),(2576,2583,2579),(2578,2580,2584),(2571,2578,2575),(1981,2581,2580),(2580,2581,2585),(2576,2582,2583),(2575,2578,2584),(2582,2618,2583),(2558,2583,2619),(2584,2585,2620),(2575,2584,2612),(2558,2579,2583),(2580,2585,2584),(2563,2585,2581),(2563,2621,2585),(2588,2630,2601),(2586,2588,2601),(2586,2587,2588),(2587,2707,2693),(2587,2693,2588),(2535,2565,2589),(2535,2589,2591),(2536,2596,2569),(2536,2593,2596),(2536,2598,2593),(2536,2599,2598),(2558,2619,2590),(2589,2590,2591),(2587,2590,2619),(2587,2591,2590),(2563,2594,2621),(2595,2596,2593),(2595,2594,2596),(2595,2593,2594),(2592,2593,2597),(2592,2597,2598),(2593,2598,2597),(2592,2598,2594),(2592,2594,2593),(2563,2596,2594),(2598,2599,2594),(2594,2599,2600),(2594,2603,2621),(2594,2600,2603),(2536,2604,2599),(2535,2591,2601),(2604,2631,2607),(2586,2601,2591),(2586,2591,2587),(2599,2604,2600),(2600,2604,2602),(2600,2602,2603),(2602,2607,2603),(2603,2607,2606),(2694,2605,2606),(2603,2606,2696),(2602,2604,2607),(2608,2610,2611),(2551,2609,2614),(2611,2610,2613),(2611,2618,2582),(2611,2613,2618),(2613,2616,2618),(2609,2612,2614),(2614,2612,2617),(2612,2620,2617),(2554,2613,2610),(2614,2617,2615),(2554,2706,2613),(2613,2706,2616),(2616,2706,2707),(2615,2617,2708),(2587,2616,2707),(2617,2622,2708),(2622,2709,2708),(2583,2618,2619),(2584,2620,2612),(2616,2619,2618),(2587,2619,2616),(2620,2621,2622),(2585,2621,2620),(2617,2620,2622),(2603,2622,2621),(2603,2709,2622),(2525,2624,2623),(2623,2624,2628),(2428,2629,2625),(2624,2626,2628),(2625,2629,2627),(2525,2630,2624),(2529,2625,2631),(2624,2630,2626),(2625,2627,2631),(2626,2636,2628),(2627,2629,2644),(2626,2630,2688),(2627,2699,2631),(2634,2671,2670),(2635,2672,2671),(2626,2688,2690),(2628,2636,2634),(2626,2638,2636),(2627,2639,2700),(2626,2690,2638),(2627,2644,2639),(2634,2635,2671),(2635,2659,2672),(2634,2636,2638),(2641,2681,2661),(2633,2659,2635),(2633,2635,2634),(2633,2634,2638),(2632,2633,2638),(2632,2638,2690),(2645,2646,2703),(2646,2647,2704),(2647,2644,2642),(2642,2644,2643),(2640,2641,2643),(2641,2642,2643),(2646,2639,2647),(2647,2639,2644),(2641,2661,2704),(2641,2704,2642),(2647,2642,2704),(2486,2649,2651),(2488,2650,2648),(2648,2650,2552),(2649,2656,2651),(2650,2652,2655),(2488,2652,2650),(2518,2653,2652),(2518,2686,2653),(2519,2651,2654),(2653,2655,2652),(2651,2656,2654),(2654,2658,2685),(2659,2686,2672),(2653,2686,2659),(2553,2656,2649),(2554,2650,2655),(2554,2655,2706),(2553,2615,2656),(2706,2655,2657),(2615,2660,2656),(2654,2660,2658),(2653,2657,2655),(2653,2659,2657),(2654,2656,2660),(2658,2661,2687),(2633,2657,2659),(2660,2710,2658),(2661,2710,2704),(2658,2710,2661),(2628,2670,2662),(2629,2679,2676),(2629,2676,2677),(2629,2677,2637),(2628,2634,2670),(2629,2678,2679),(2629,2682,2678),(2629,2667,2680),(2629,2680,2682),(2520,2663,2672),(2664,2662,2670),(2664,2672,2663),(2664,2670,2672),(2665,2666,2668),(2521,2681,2666),(2666,2681,2669),(2666,2669,2668),(2668,2669,2667),(2670,2671,2672),(2674,2678,2673),(2674,2673,2675),(2676,2679,2675),(2683,2673,2678),(2676,2675,2677),(2674,2675,2678),(2679,2678,2675),(2673,2680,2675),(2675,2680,2681),(2684,2682,2680),(2683,2680,2673),(2669,2680,2667),(2669,2681,2680),(2629,2637,2640),(2629,2643,2644),(2629,2640,2643),(2637,2677,2675),(2683,2682,2684),(2683,2684,2680),(2641,2675,2681),(2683,2678,2682),(2637,2675,2640),(2640,2675,2641),(2520,2672,2686),(2519,2654,2685),(2516,2685,2687),(2521,2687,2681),(2658,2687,2685),(2661,2681,2687),(2630,2689,2688),(2694,2606,2631),(2694,2631,2695),(2588,2689,2630),(2606,2607,2631),(2631,2699,2697),(2631,2697,2695),(2707,2633,2693),(2633,2690,2689),(2632,2690,2633),(2689,2690,2688),(2633,2689,2693),(2704,2698,2692),(2588,2693,2689),(2603,2696,2709),(2694,2696,2605),(2694,2695,2696),(2697,2696,2695),(2692,2698,2699),(2704,2709,2696),(2704,2696,2698),(2697,2698,2696),(2697,2699,2698),(2627,2701,2692),(2627,2700,2701),(2627,2692,2699),(2639,2701,2702),(2645,2702,2691),(2703,2701,2700),(2702,2701,2703),(2639,2692,2701),(2645,2691,2692),(2645,2639,2702),(2639,2703,2700),(2646,2692,2639),(2646,2704,2703),(2645,2703,2639),(2645,2692,2646),(2702,2705,2691),(2703,2691,2705),(2702,2703,2705),(2703,2704,2692),(2703,2692,2691),(2605,2696,2606),(2706,2657,2707),(2615,2708,2660),(2707,2657,2633),(2660,2708,2710),(2708,2709,2710),(2704,2710,2709),(472,469,497),(469,470,498),(470,471,499),(471,474,501),(473,472,477),(473,486,482),(474,475,502),(475,551,479),(472,497,500),(469,498,497),(470,499,498),(471,501,499),(472,500,476),(472,476,477),(473,477,486),(474,502,501),(475,479,502),(477,476,478),(479,481,502),(479,557,481),(473,1622,472),(469,1622,470),(470,1622,471),(472,1622,469),(471,1622,474),(474,1622,475),(473,482,1622),(483,1622,482),(475,1622,551),(551,1622,552),(483,482,487),(483,490,484),(483,484,1622),(484,485,1622),(552,1622,553),(485,1621,1622),(484,495,485),(485,1627,1621),(482,486,487),(483,487,490),(484,490,491),(486,492,487),(480,481,556),(489,480,556),(488,493,478),(477,565,486),(477,478,565),(565,478,493),(486,565,492),(484,491,494),(484,494,495),(485,495,1627),(495,494,496),(565,496,492),(495,496,565),(495,565,1627),(565,1675,1627),(551,555,479),(551,552,555),(552,553,562),(553,1622,554),(554,1622,1669),(553,554,564),(554,1669,565),(552,559,555),(552,560,559),(552,562,560),(479,555,558),(479,558,557),(556,481,557),(555,559,558),(553,564,562),(554,565,564),(565,1669,1675),(565,493,563),(565,563,561),(565,561,564),(1621,1623,1622),(1623,1624,1622),(1624,1625,1622),(1622,1672,1671),(1621,1628,1623),(1623,1629,1624),(1622,1625,1626),(1622,1626,1638),(1622,1673,1672),(1622,1640,1673),(1622,1638,1639),(1622,1639,1642),(1622,1644,1641),(1622,1641,1640),(1622,1642,1643),(1622,1643,1644),(1624,1631,1625),(1625,1634,1626),(1621,1627,1628),(1623,1628,1629),(1628,1627,1675),(1628,1675,1676),(1628,1676,1677),(1624,1629,1631),(1625,1631,1634),(1626,1634,1635),(1628,1630,1637),(1629,1632,1631),(1628,1651,1629),(1628,1637,1633),(1628,1678,1630),(1628,1677,1678),(1678,1679,1630),(1631,1632,1636),(1631,1645,1634),(1628,1633,1653),(1629,1651,1632),(1631,1636,1645),(1628,1652,1651),(1628,1653,1652),(1626,1635,1638),(1638,1646,1639),(1673,1640,1647),(1641,1649,1640),(1639,1651,1642),(1642,1652,1643),(1643,1653,1644),(1644,1654,1641),(1638,1635,1646),(1639,1646,1648),(1640,1649,1647),(1639,1648,1650),(1639,1650,1651),(1642,1651,1652),(1643,1652,1653),(1641,1654,1649),(1644,1653,1654),(1651,1650,1632),(1653,1633,1654),(1622,1670,1669),(1622,1671,1670),(1669,1670,1675),(1670,1671,1676),(1671,1672,1677),(1673,1678,1672),(1670,1676,1675),(1671,1677,1676),(1672,1678,1677),(1673,1679,1678),(1673,1680,1679),(1673,1647,1680)),$);
#277=IFCSHAPEREPRESENTATION(#20,'Body','Tessellation',(#276));
#278=IFCCARTESIANPOINT((0.,0.,0.));
#279=IFCDIRECTION((1.,0.,0.));
#280=IFCDIRECTION((0.,0.,1.));
#281=IFCAXIS2PLACEMENT3D(#278,#280,#279);
#282=IFCREPRESENTATIONMAP(#281,#277);
#283=IFCOWNERHISTORY(#3,#12,.READWRITE.,.ADDED.,1788297448,#3,#12,1788297448);
#284=IFCPROPERTYSET('3ahmq7sXD2RQK84jZrvlfK',#283,'Pset_ElementSize',$,(#285,#286,#287));
#285=IFCPROPERTYSINGLEVALUE('NominalLength',$,IFCPOSITIVELENGTHMEASURE(4.7800000000000002),$);
#286=IFCPROPERTYSINGLEVALUE('NominalWidth',$,IFCPOSITIVELENGTHMEASURE(5.0800000000000001),$);
#287=IFCPROPERTYSINGLEVALUE('NominalHeight',$,IFCPOSITIVELENGTHMEASURE(21.5),$);
#288=IFCOWNERHISTORY(#3,#12,.READWRITE.,.MODIFIED.,1788297448,#3,#12,1788297448);
#289=IFCHEATEXCHANGER('1tiOO9vIzEfgWQRyDgfNbS',#288,'Steam Generator',$,$,#290,#304,'el-edfeb8dd-0d51-4d33-bbc0-7f3c3074a6c6',$);
#290=IFCLOCALPLACEMENT(#60,#294);
#291=IFCCARTESIANPOINT((2.,14.,2.));
#292=IFCDIRECTION((0.,0.,1.));
#293=IFCDIRECTION((0.,1.,0.));
#294=IFCAXIS2PLACEMENT3D(#291,#292,#293);
#295=IFCOWNERHISTORY(#3,#12,.READWRITE.,.ADDED.,1788297448,#3,#12,1788297448);
#296=IFCRELDEFINESBYTYPE('3ydqgMCHPFAx$c00ZhvcNc',#295,$,$,(#289),#148);
#297=IFCCARTESIANPOINT((0.,0.,0.));
#298=IFCDIRECTION((1.,0.,0.));
#299=IFCDIRECTION((0.,1.,0.));
#300=IFCDIRECTION((0.,0.,1.));
#301=IFCCARTESIANTRANSFORMATIONOPERATOR3D(#298,#299,#297,1.,#300);
#302=IFCMAPPEDITEM(#282,#301);
#303=IFCSHAPEREPRESENTATION(#20,'Body','MappedRepresentation',(#302));
#304=IFCPRODUCTDEFINITIONSHAPE($,$,(#303));
#305=IFCOWNERHISTORY(#3,#12,.READWRITE.,.ADDED.,1788297448,#3,#12,1788297448);
#306=IFCDISTRIBUTIONPORT('20cnHt47bEbRuCyNjHgkFj',#305,'Primary Coolant Inlet',$,$,#309,$,.NOTDEFINED.,.NOTDEFINED.,$);
#307=IFCOWNERHISTORY(#3,#12,.READWRITE.,.MODIFIED.,1788297448,#3,#12,1788297448);
#308=IFCRELNESTS('1m39yBLPz3YBktDJ2Zickc',#307,$,$,#289,(#306,#322,#315,#329));
#309=IFCLOCALPLACEMENT(#290,#313);
#310=IFCCARTESIANPOINT((0.070000000000000062,2.6899999999999999,0.91000000000000003));
#311=IFCDIRECTION((1.,0.,0.));
#312=IFCDIRECTION((0.,1.,0.));
#313=IFCAXIS2PLACEMENT3D(#310,#311,#312);
#314=IFCOWNERHISTORY(#3,#12,.READWRITE.,.ADDED.,1788297448,#3,#12,1788297448);
#315=IFCDISTRIBUTIONPORT('04szfmFo1CDh8uTM5qswZP',#314,'Primary Coolant Outlet',$,$,#316,$,.NOTDEFINED.,.NOTDEFINED.,$);
#316=IFCLOCALPLACEMENT(#290,#320);
#317=IFCCARTESIANPOINT((4.71,2.6899999999999999,0.91000000000000003));
#318=IFCDIRECTION((1.,0.,0.));
#319=IFCDIRECTION((0.,1.,0.));
#320=IFCAXIS2PLACEMENT3D(#317,#318,#319);
#321=IFCOWNERHISTORY(#3,#12,.READWRITE.,.ADDED.,1788297448,#3,#12,1788297448);
#322=IFCDISTRIBUTIONPORT('2Bpkrpixj3X8teOZNvI5yg',#321,'Feedwater Inlet',$,$,#323,$,.SINK.,.NOTDEFINED.,$);
#323=IFCLOCALPLACEMENT(#290,#327);
#324=IFCCARTESIANPOINT((2.3900000000000001,-1.6653345369377348E-16,16.));
#325=IFCDIRECTION((0.,1.,0.));
#326=IFCDIRECTION((-1.,0.,0.));
#327=IFCAXIS2PLACEMENT3D(#324,#325,#326);
#328=IFCOWNERHISTORY(#3,#12,.READWRITE.,.ADDED.,1788297448,#3,#12,1788297448);
#329=IFCDISTRIBUTIONPORT('0O1QJ_aun4pw3cIdGuf6Gk',#328,'Steam Outlet',$,$,#330,$,.SOURCE.,.NOTDEFINED.,$);
#330=IFCLOCALPLACEMENT(#290,#334);
#331=IFCCARTESIANPOINT((2.3900000000000001,2.6899999999999999,21.5));
#332=IFCDIRECTION((0.,0.,1.));
#333=IFCDIRECTION((1.,0.,0.));
#334=IFCAXIS2PLACEMENT3D(#331,#332,#333);
#335=IFCOWNERHISTORY(#3,#12,.READWRITE.,.MODIFIED.,1788297448,#3,#12,1788297448);
#336=IFCTANKTYPE('1txY$qI9j1WxP7BsWiIqy7',#335,'ReactorPressureVessel Type',$,$,(#418),(#416),$,$,.PRESSUREVESSEL.);
#409=IFCCARTESIANPOINTLIST3D(((0.60516142845153809,1.3289253711700439,1.3650237321853638),(0.60336923599243164,0.98293709754943848,1.907284140586853),(0.54948908090591431,0.94940102100372314,2.2971453666687012),(0.50474536418914795,1.009427547454834,2.5),(0.50474536418914795,1.009427547454834,2.651317834854126),(0.511710524559021,1.0009405612945557,2.6653702259063721),(0.68482255935668945,0.79000288248062134,2.5),(0.64345115423202515,0.84041410684585571,2.6119661331176758),(0.68482255935668945,0.79000288248062134,2.5607900619506836),(0.57758092880249023,0.92067718505859375,2.7105257511138916),(0.56973797082901001,0.93023389577865601,2.7214765548706055),(0.54656624794006348,0.9584687352180481,2.7217905521392822),(0.54948908090591431,0.94940102100372314,2.7028546333312988),(0.55248010158538818,0.9512627124786377,2.7244963645935059),(0.53765428066253662,0.96932792663574219,2.71771240234375),(0.39955529570579529,1.2018537521362305,2.1089138984680176),(0.47745752334594727,1.25,1.7274575233459473),(0.63926088809967041,1.3500000238418579,1.7892608642578125),(0.56759089231491089,1.3057054281234741,2.1402006149291992),(0.42132598161697388,1.1110744476318359,2.5),(0.37337297201156616,1.1856721639633179,2.5),(0.40193134546279907,1.1473592519760132,2.5),(0.40193134546279907,1.1473592519760132,2.5328941345214844),(0.3794463574886322,1.1894257068634033,2.5907182693481445),(0.66436612606048584,1.1286729574203491,2.5),(0.58761990070343018,1.2221884727478027,2.5),(0.56977659463882446,1.2555708885192871,2.5),(0.54350316524505615,1.290818452835083,2.5),(1.3650237321853638,0.60516142845153809,1.3289253711700439),(0.96089494228363037,0.54039239883422852,2.2972843647003174),(1.0147718191146851,0.50035947561264038,2.5),(1.0147718191146851,0.50035947561264038,2.6541266441345215),(0.89347916841506958,0.59990179538726807,2.5078248977661133),(0.89347916841506958,0.59990179538726807,2.5929801464080811),(0.94239872694015503,0.55975455045700073,2.7215425968170166),(0.94871354103088379,0.55457210540771484,2.7218306064605713),(0.96089494228363037,0.54039239883422852,2.7027156352996826),(0.98153549432754517,0.52763581275939941,2.7105996608734131),(0.96761631965637207,0.53905898332595825,2.7226929664611816),(1.288895845413208,0.33767667412757874,2.1719989776611328),(1.2982140779495239,0.32129776477813721,2.6258354187011719),(1.0718708038330078,0.51837694644927979,1.9674428701400757),(1.1861212253570557,0.6769067645072937,2.010047435760498),(1.2096959352493286,0.54137074947357178,1.6346174478530884),(1.1110744476318359,0.42132598161697388,2.5),(1.1469267606735229,0.40216252207756042,2.5),(1.1469267606735229,0.40216252207756042,2.534942626953125),(1.1767426729202271,0.38622558116912842,2.5114781856536865),(1.1856721639633179,0.37337297201156616,2.5),(1.1767426729202271,0.38622558116912842,2.5426790714263916),(1.1335896253585815,0.66033107042312622,2.5),(1.2284907102584839,0.35856571793556213,2.636059045791626),(1.2221884727478027,0.58761990070343018,2.5),(1.2551729679107666,0.56998932361602783,2.5),(1.290818452835083,0.54350316524505615,2.5),(1.0305368900299072,0.7795225977897644,1.4366865158081055),(0.88355553150177002,1.0893645286560059,1.2165614366531372),(1.0128710269927979,1.202215313911438,1.3192365169525146),(1.1480939388275146,0.91716080904006958,1.5217515230178833),(1.2165614366531372,0.88355553150177002,1.0893645286560059),(1.3192365169525146,1.0128710269927979,1.202215313911438),(1.3289253711700439,1.3650237321853638,0.60516142845153809),(1.0893645286560059,1.2165614366531372,0.88355553150177002),(1.202215313911438,1.3192365169525146,1.0128710269927979),(0.76554882526397705,0.74488389492034912,2.098444938659668),(0.73223304748535156,0.99624758958816528,1.5706299543380737),(0.88147026300430298,0.74422538280487061,1.75998854637146),(1.0109525918960571,0.88468736410140991,1.8191894292831421),(0.90430492162704468,0.88529318571090698,2.1305692195892334),(0.73763418197631836,0.72780042886734009,2.5),(0.74043667316436768,0.72550052404403687,2.5109338760375977),(0.73763418197631836,0.72780042886734009,2.5053517818450928),(0.74273240566253662,0.72179567813873291,2.5),(0.74372595548629761,0.7228010892868042,2.5174856185913086),(0.73223304748535156,0.73223304748535156,2.5),(0.83003735542297363,0.92680197954177856,2.5),(0.878623366355896,0.86957651376724243,2.5),(0.87365442514419556,0.87365442514419556,2.5),(0.88331383466720581,0.86405199766159058,2.5),(0.75509971380233765,1.1043021678924561,1.9547014236450195),(0.70552992820739746,1.0734490156173706,2.3133738040924072),(0.87365442514419556,1.1165478229522705,1.6449794769287109),(0.70552992820739746,1.0734490156173706,2.5),(1.0840233564376831,0.69716101884841919,2.3135015964508057),(1.3129203319549561,0.69806110858917236,1.703848123550415),(1.0840233564376831,0.69716101884841919,2.5),(0.3433288037776947,1.8502702713012695,1.4152785539627075),(0.39022132754325867,1.5409656763076782,1.5624035596847534),(0.54137074947357178,1.6346174478530884,1.2096959352493286),(0.51837694644927979,1.9674428701400757,1.0718708038330078),(0.51586252450942993,1.9022486209869385,1.502056360244751),(0.6769067645072937,2.010047435760498,1.1861212253570557),(0.27248367667198181,1.5345315933227539,1.9033076763153076),(0.21754376590251923,1.500982403755188,2.2941911220550537),(0.14754222333431244,1.6842488050460815,2.5),(0.14754222333431244,1.6842488050460815,2.5925440788269043),(0.19030116498470306,1.543291449546814,2.5),(0.21754376590251923,1.500982403755188,2.5),(0.27429455518722534,1.3861508369445801,2.5),(0.27429455518722534,1.3861508369445801,2.6308562755584717),(0.12235870957374573,1.8428361415863037,2.0938503742218018),(0.20938956737518311,1.8397930860519409,1.7468527555465698),(0.3125700056552887,1.8954092264175415,2.1263422966003418),(0.090346843004226685,1.8339881896972656,2.5),(0.10120858252048492,1.8369903564453125,2.637808084487915),(0.073468625545501709,1.9284367561340332,2.5),(0.080212093889713287,1.906206488609314,2.5529539585113525),(0.073468625545501709,1.9284367561340332,2.5582575798034668),(0.077835530042648315,1.9140410423278809,2.5707807540893555),(0.04803679883480072,2.0122742652893066,2.5),(0.33573883771896362,1.7495088577270508,2.5),(0.2831190824508667,1.887269139289856,2.5),(0.24419385194778442,2.0512921810150146,2.5),(0.26759114861488342,1.9741616249084473,2.5),(0.45068499445915222,1.6117689609527588,1.9510430097579956),(0.40014025568962097,1.5809037685394287,2.3106558322906494),(0.55900359153747559,1.6176884174346924,1.6374112367630005),(0.45235124230384827,1.4752583503723145,2.5),(0.37507706880569458,1.6198281049728394,2.5),(0.40014025568962097,1.5809037685394287,2.5),(0.39263838529586792,1.892609715461731,1.8071045875549316),(0.33767667412757874,2.1719989776611328,1.288895845413208),(0.2123914510011673,2.5,1.4916115999221802),(0.51066255569458008,2.1982390880584717,1.3857842683792114),(0.54039239883422852,2.2972843647003174,0.96089494228363037),(0.37337297201156616,2.5,1.1856721639633179),(0.54350316524505615,2.5,1.290818452835083),(0.54039239883422852,2.7027156352996826,0.96089494228363037),(0.084018506109714508,2.1680188179016113,1.9497073888778687),(0.030779149383306503,2.1673221588134766,2.29439377784729),(0.18923850357532501,2.1708614826202393,1.6044280529022217),(0.22831681370735168,2.1939363479614258,2.3108422756195068),(0.27729701995849609,2.1945772171020508,1.9937307834625244),(0.035205446183681488,2.1425530910491943,2.5),(0.035205446183681488,2.1425530910491943,2.6903281211853027),(0.030779149383306503,2.1673221588134766,2.70560622215271),(0.033830899745225906,2.1565091609954834,2.7122890949249268),(0.032763350754976273,2.1673481464385986,2.7184524536132812),(0.032053861767053604,2.1745517253875732,2.7178428173065186),(0.030251458287239075,2.1928517818450928,2.7162940502166748),(0.23238900303840637,2.1711487770080566,2.5),(0.22831681370735168,2.1939363479614258,2.5),(0.095154106616973877,2.5,1.8168337345123291),(0.023902794346213341,2.5,2.1551194190979004),(0.28754177689552307,2.5,1.871487021446228),(0.22199057042598724,2.5,2.1827099323272705),(0.,2.5,2.5),(0.20000000298023224,2.5,2.5),(0.37409943342208862,2.1971926689147949,1.6760737895965576),(0.39540013670921326,2.5,1.5722826719284058),(0.99624758958816528,1.5706299543380737,0.73223304748535156),(0.7795225977897644,1.4366865158081055,1.0305368900299072),(0.75674855709075928,1.4226113557815552,1.4558218717575073),(0.69806110858917236,1.703848123550415,1.3129203319549561),(0.91716080904006958,1.5217515230178833,1.1480939388275146),(0.98293709754943848,1.907284140586853,0.60336923599243164),(0.74422538280487061,1.75998854637146,0.88147026300430298),(0.88468736410140991,1.8191894292831421,1.0109525918960571),(1.1165478229522705,1.6449794769287109,0.87365442514419556),(1.1043021678924561,1.9547014236450195,0.75509971380233765),(1.25,1.7274575233459473,0.47745752334594727),(1.3500000238418579,1.7892608642578125,0.63926088809967041),(0.74488389492034912,2.098444938659668,0.76554882526397705),(0.94940102100372314,2.2971453666687012,0.54948908090591431),(0.69716101884841919,2.3135015964508057,1.0840233564376831),(0.88529318571090698,2.1305692195892334,0.90430492162704468),(0.72179567813873291,2.5,0.74273240566253662),(0.94940102100372314,2.7028546333312988,0.54948908090591431),(0.69716101884841919,2.6864984035491943,1.0840233564376831),(0.86405199766159058,2.5,0.88331383466720581),(1.2018537521362305,2.1089138984680176,0.39955529570579529),(1.0734490156173706,2.3133738040924072,0.70552992820739746),(1.3057054281234741,2.1402006149291992,0.56759089231491089),(1.1856721639633179,2.5,0.37337297201156616),(1.0734490156173706,2.6866261959075928,0.70552992820739746),(1.290818452835083,2.5,0.54350316524505615),(1.5624035596847534,0.39022132754325867,1.5409656763076782),(1.9033076763153076,0.27248367667198181,1.5345315933227539),(1.7274575233459473,0.47745752334594727,1.25),(1.7892608642578125,0.63926088809967041,1.3500000238418579),(1.907284140586853,0.60336923599243164,0.98293709754943848),(1.4152785539627075,0.3433288037776947,1.8502702713012695),(1.6044280529022217,0.18923850357532501,2.1708614826202393),(1.4253641366958618,0.25333461165428162,2.6071906089782715),(1.4916115999221802,0.2123914510011673,2.5),(1.5234062671661377,0.20092999935150146,2.5),(1.543291449546814,0.19030116498470306,2.5),(1.4868628978729248,0.22046284377574921,2.5641186237335205),(1.5084152221679688,0.20894290506839752,2.5490241050720215),(1.6747391223907471,0.15042696893215179,2.5761048793792725),(1.6747391223907471,0.15042696893215179,2.5761048793792725),(1.6038566827774048,0.17192889750003815,2.5),(1.6038566827774048,0.17192889750003815,2.5),(1.3857842683792114,0.51066255569458008,2.1982390880584717),(1.502056360244751,0.51586252450942993,1.9022486209869385),(1.6760737895965576,0.37409943342208862,2.1971926689147949),(1.6374112367630005,0.55900359153747559,1.6176884174346924),(1.5722826719284058,0.39540013670921326,2.5),(1.6015337705612183,0.38485556840896606,2.5),(1.6198281049728394,0.37507706880569458,2.5),(1.6755484342575073,0.35817450284957886,2.5),(1.7468527555465698,0.20938956737518311,1.8397930860519409),(1.9497073888778687,0.084018506109714508,2.1680188179016113),(1.9937307834625244,0.27729701995849609,2.1945772171020508),(1.7296638488769531,0.13376571238040924,2.6350762844085693),(1.790587306022644,0.11528480798006058,2.6365337371826172),(1.8168337345123291,0.095154106616973877,2.5),(1.872262716293335,0.090508826076984406,2.6384878158569336),(1.871487021446228,0.28754177689552307,2.5),(1.9106677770614624,0.078858800232410431,2.5231344699859619),(1.9106677770614624,0.078858800232410431,2.5231344699859619),(1.9480746984481812,0.067511521279811859,2.5),(1.9480746984481812,0.067511521279811859,2.5),(2.0122742652893066,0.04803679883480072,2.5),(2.0512921810150146,0.24419385194778442,2.5),(1.9922282695770264,0.26211071014404297,2.5),(1.8071045875549316,0.39263838529586792,1.892609715461731),(1.9510430097579956,0.45068499445915222,1.6117689609527588),(1.4366865158081055,1.0305368900299072,0.7795225977897644),(1.4558218717575073,0.75674855709075928,1.4226113557815552),(1.5706299543380737,0.73223304748535156,0.99624758958816528),(1.6449794769287109,0.87365442514419556,1.1165478229522705),(1.6346174478530884,1.2096959352493286,0.54137074947357178),(1.703848123550415,1.3129203319549561,0.69806110858917236),(1.5217515230178833,1.1480939388275146,0.91716080904006958),(1.75998854637146,0.88147026300430298,0.74422538280487061),(1.8191894292831421,1.0109525918960571,0.88468736410140991),(1.9547014236450195,0.75509971380233765,1.1043021678924561),(1.9674428701400757,1.0718708038330078,0.51837694644927979),(2.010047435760498,1.1861212253570557,0.6769067645072937),(2.2941911220550537,0.21754376590251923,1.500982403755188),(2.1089138984680176,0.39955529570579529,1.2018537521362305),(2.1402006149291992,0.56759089231491089,1.3057054281234741),(2.2971453666687012,0.54948908090591431,0.94940102100372314),(2.7058088779449463,0.21754376590251923,1.500982403755188),(2.5,0.37337297201156616,1.1856721639633179),(2.5,0.54350316524505615,1.290818452835083),(2.7028546333312988,0.54948908090591431,0.94940102100372314),(2.0938503742218018,0.12235870957374573,1.8428361415863037),(2.1263422966003418,0.3125700056552887,1.8954092264175415),(2.29439377784729,0.030779149383306503,2.1673221588134766),(2.3108422756195068,0.22831681370735168,2.1939363479614258),(2.0653603076934814,0.042808279395103455,2.5),(2.1032829284667969,0.039073225110769272,2.5837767124176025),(2.1551194190979004,0.023902794346213341,2.5),(2.2231886386871338,0.027263548225164413,2.6625931262969971),(2.1001317501068115,0.23938357830047607,2.5),(2.1827099323272705,0.22199057042598724,2.5),(2.3106558322906494,0.40014025568962097,1.5809037685394287),(2.5,0.090346843004226685,1.8339881896972656),(2.5,0.2831190824508667,1.887269139289856),(2.70560622215271,0.030779149383306503,2.1673221588134766),(2.6891577243804932,0.22831681370735168,2.1939363479614258),(2.5,0.,2.5),(2.5,0.,2.5),(2.5,0.20000000298023224,2.5),(2.6893441677093506,0.40014025568962097,1.5809037685394287),(2.098444938659668,0.76554882526397705,0.74488389492034912),(2.2972843647003174,0.96089494228363037,0.54039239883422852),(2.1305692195892334,0.90430492162704468,0.88529318571090698),(2.3133738040924072,0.70552992820739746,1.0734490156173706),(2.1719989776611328,1.288895845413208,0.33767667412757874),(2.3135015964508057,1.0840233564376831,0.69716101884841919),(2.5,0.74273240566253662,0.72179567813873291),(2.7027156352996826,0.96089494228363037,0.54039239883422852),(2.5,0.88331383466720581,0.86405199766159058),(2.6866261959075928,0.70552992820739746,1.0734490156173706),(2.5,1.1856721639633179,0.37337297201156616),(2.5,1.290818452835083,0.54350316524505615),(2.6864984035491943,1.0840233564376831,0.69716101884841919),(1.4226113557815552,1.4558218717575073,0.75674855709075928),(1.5409656763076782,1.5624035596847534,0.39022132754325867),(1.6176884174346924,1.6374112367630005,0.55900359153747559),(1.5345315933227539,1.9033076763153076,0.27248367667198181),(1.6117689609527588,1.9510430097579956,0.45068499445915222),(1.8502702713012695,1.4152785539627075,0.3433288037776947),(1.9022486209869385,1.502056360244751,0.51586252450942993),(1.8397930860519409,1.7468527555465698,0.20938956737518311),(1.892609715461731,1.8071045875549316,0.39263838529586792),(1.500982403755188,2.2941911220550537,0.21754376590251923),(1.5809037685394287,2.3106558322906494,0.40014025568962097),(1.500982403755188,2.7058088779449463,0.21754376590251923),(1.5809037685394287,2.6893441677093506,0.40014025568962097),(1.8428361415863037,2.0938503742218018,0.12235870957374573),(1.8954092264175415,2.1263422966003418,0.3125700056552887),(1.8339881896972656,2.5,0.090346843004226685),(1.887269139289856,2.5,0.2831190824508667),(2.1982390880584717,1.3857842683792114,0.51066255569458008),(2.1708614826202393,1.6044280529022217,0.18923850357532501),(2.1971926689147949,1.6760737895965576,0.37409943342208862),(2.1680188179016113,1.9497073888778687,0.084018506109714508),(2.1945772171020508,1.9937307834625244,0.27729701995849609),(2.5,1.4916115999221802,0.2123914510011673),(2.5,1.5722826719284058,0.39540013670921326),(2.5,1.8168337345123291,0.095154106616973877),(2.5,1.871487021446228,0.28754177689552307),(2.1673221588134766,2.29439377784729,0.030779149383306503),(2.1939363479614258,2.3108422756195068,0.22831681370735168),(2.1673221588134766,2.70560622215271,0.030779149383306503),(2.1939363479614258,2.6891577243804932,0.22831681370735168),(2.5,2.1551194190979004,0.023902794346213341),(2.5,2.1827099323272705,0.22199057042598724),(2.5,2.5,0.),(2.5,2.5,0.20000000298023224),(0.50474536418914795,1.009427547454834,9.8486824035644531),(0.511710524559021,1.0009405612945557,9.834630012512207),(0.50474536418914795,1.009427547454834,10.),(0.64345115423202515,0.84041410684585571,9.8880338668823242),(0.68482255935668945,0.79000288248062134,9.9392099380493164),(0.68482255935668945,0.79000288248062134,10.),(0.57758092880249023,0.92067718505859375,9.7894744873046875),(0.56973797082901001,0.93023389577865601,9.7785234451293945),(0.54656624794006348,0.9584687352180481,9.7782096862792969),(0.55248010158538818,0.9512627124786377,9.7755041122436523),(0.54948908090591431,0.94940102100372314,9.7971458435058594),(0.53765428066253662,0.96932792663574219,9.78228759765625),(0.54948908090591431,0.94940102100372314,10.202854156494141),(0.60336923599243164,0.98293709754943848,10.592716217041016),(0.42132598161697388,1.1110744476318359,10.),(0.3794463574886322,1.1894257068634033,9.9092817306518555),(0.37337297201156616,1.1856721639633179,10.),(0.40193134546279907,1.1473592519760132,9.9671058654785156),(0.40193134546279907,1.1473592519760132,10.),(0.66436612606048584,1.1286729574203491,10.),(0.58761990070343018,1.2221884727478027,10.),(0.56977659463882446,1.2555708885192871,10.),(0.54350316524505615,1.290818452835083,10.),(0.39955529570579529,1.2018537521362305,10.391086578369141),(0.47745752334594727,1.25,10.772542953491211),(0.56759089231491089,1.3057054281234741,10.359799385070801),(0.63926088809967041,1.3500000238418579,10.710739135742188),(0.60516142845153809,1.3289253711700439,11.134976387023926),(1.0147718191146851,0.50035947561264038,9.8458728790283203),(1.0147718191146851,0.50035947561264038,10.),(0.89347916841506958,0.59990179538726807,9.9070196151733398),(0.94239872694015503,0.55975455045700073,9.7784566879272461),(0.89347916841506958,0.59990179538726807,9.9921751022338867),(0.94871354103088379,0.55457210540771484,9.7781686782836914),(0.96089494228363037,0.54039239883422852,9.7972841262817383),(0.98153549432754517,0.52763581275939941,9.7894001007080078),(0.96761631965637207,0.53905898332595825,9.7773065567016602),(0.96089494228363037,0.54039239883422852,10.202715873718262),(1.2982140779495239,0.32129776477813721,9.8741645812988281),(1.288895845413208,0.33767667412757874,10.328001022338867),(1.1110744476318359,0.42132598161697388,10.),(1.1767426729202271,0.38622558116912842,9.9573211669921875),(1.1469267606735229,0.40216252207756042,9.965057373046875),(1.1469267606735229,0.40216252207756042,10.),(1.1767426729202271,0.38622558116912842,9.9885215759277344),(1.1856721639633179,0.37337297201156616,10.),(1.1335896253585815,0.66033107042312622,10.),(1.2284907102584839,0.35856571793556213,9.8639411926269531),(1.2221884727478027,0.58761990070343018,10.),(1.2551729679107666,0.56998932361602783,10.),(1.290818452835083,0.54350316524505615,10.),(1.0718708038330078,0.51837694644927979,10.532557487487793),(1.1861212253570557,0.6769067645072937,10.48995304107666),(1.2096959352493286,0.54137074947357178,10.865382194519043),(1.3650237321853638,0.60516142845153809,11.171074867248535),(0.74043667316436768,0.72550052404403687,9.9890661239624023),(0.73763418197631836,0.72780042886734009,9.9946479797363281),(0.73763418197631836,0.72780042886734009,10.),(0.74372732639312744,0.72279995679855347,9.982513427734375),(0.74372595548629761,0.7228010892868042,9.9825143814086914),(0.74273240566253662,0.72179567813873291,10.),(0.73223304748535156,0.73223304748535156,10.),(0.83003735542297363,0.92680197954177856,10.),(0.878623366355896,0.86957651376724243,10.),(0.87365442514419556,0.87365442514419556,10.),(0.88331383466720581,0.86405199766159058,10.),(0.76554882526397705,0.74488389492034912,10.401555061340332),(0.73223304748535156,0.99624758958816528,10.929369926452637),(0.88147026300430298,0.74422538280487061,10.740011215209961),(0.90430492162704468,0.88529318571090698,10.369430541992188),(1.0109525918960571,0.88468736410140991,10.680810928344727),(0.70552992820739746,1.0734490156173706,10.),(0.70552992820739746,1.0734490156173706,10.186626434326172),(0.75509971380233765,1.1043021678924561,10.54529857635498),(0.87365442514419556,1.1165478229522705,10.855020523071289),(1.0840233564376831,0.69716101884841919,10.),(1.0840233564376831,0.69716101884841919,10.186498641967773),(1.3129203319549561,0.69806110858917236,10.796152114868164),(1.0305368900299072,0.7795225977897644,11.063313484191895),(0.88355553150177002,1.0893645286560059,11.283438682556152),(1.0128710269927979,1.202215313911438,11.180763244628906),(1.1480939388275146,0.91716080904006958,10.978248596191406),(1.3192365169525146,1.0128710269927979,11.297784805297852),(1.2165614366531372,0.88355553150177002,11.410635948181152),(1.0893645286560059,1.2165614366531372,11.61644458770752),(1.202215313911438,1.3192365169525146,11.487129211425781),(1.3289253711700439,1.3650237321853638,11.894838333129883),(0.14754222333431244,1.6842488050460815,9.9074563980102539),(0.14754222333431244,1.6842488050460815,10.),(0.19030116498470306,1.543291449546814,10.),(0.21754376590251923,1.500982403755188,10.),(0.27429455518722534,1.3861508369445801,9.8691444396972656),(0.27429455518722534,1.3861508369445801,10.),(0.21754376590251923,1.500982403755188,10.205808639526367),(0.27248367667198181,1.5345315933227539,10.596692085266113),(0.10120858252048492,1.8369903564453125,9.8621921539306641),(0.090346843004226685,1.8339881896972656,10.),(0.080212093889713287,1.906206488609314,9.9470453262329102),(0.073468625545501709,1.9284367561340332,9.941741943359375),(0.077835530042648315,1.9140410423278809,9.9292192459106445),(0.073468625545501709,1.9284367561340332,10.),(0.04803679883480072,2.0122742652893066,10.),(0.33573883771896362,1.7495088577270508,10.),(0.2831190824508667,1.887269139289856,10.),(0.24419385194778442,2.0512921810150146,10.),(0.26759114861488342,1.9741616249084473,10.),(0.12235870957374573,1.8428361415863037,10.406149864196777),(0.20938956737518311,1.8397930860519409,10.753147125244141),(0.3125700056552887,1.8954092264175415,10.3736572265625),(0.45235124230384827,1.4752583503723145,10.),(0.37507706880569458,1.6198281049728394,10.),(0.40014025568962097,1.5809037685394287,10.),(0.40014025568962097,1.5809037685394287,10.18934440612793),(0.45068499445915222,1.6117689609527588,10.548956871032715),(0.55900359153747559,1.6176884174346924,10.862588882446289),(0.39263838529586792,1.892609715461731,10.692895889282227),(0.3433288037776947,1.8502702713012695,11.084721565246582),(0.39022132754325867,1.5409656763076782,10.937596321105957),(0.54137074947357178,1.6346174478530884,11.290304183959961),(0.51586252450942993,1.9022486209869385,10.997943878173828),(0.6769067645072937,2.010047435760498,11.313879013061523),(0.51837694644927979,1.9674428701400757,11.428129196166992),(0.035205446183681488,2.1425530910491943,9.8096714019775391),(0.035205446183681488,2.1425530910491943,10.),(0.030779149383306503,2.1673221588134766,9.7943935394287109),(0.033830899745225906,2.1565091609954834,9.7877111434936523),(0.032763350754976273,2.1673481464385986,9.7815475463867188),(0.032053861767053604,2.1745517253875732,9.7821569442749023),(0.030251458287239075,2.1928517818450928,9.7837057113647461),(0.23238900303840637,2.1711487770080566,10.),(0.22831681370735168,2.1939363479614258,10.),(0.030779149383306503,2.1673221588134766,10.205606460571289),(0.084018506109714508,2.1680188179016113,10.55029296875),(0.22831681370735168,2.1939363479614258,10.189157485961914),(0.27729701995849609,2.1945772171020508,10.506269454956055),(0.18923850357532501,2.1708614826202393,10.895571708679199),(0.,2.5,10.),(0.20000000298023224,2.5,10.),(0.023902794346213341,2.5,10.344881057739258),(0.095154106616973877,2.5,10.68316650390625),(0.22199057042598724,2.5,10.317290306091309),(0.28754177689552307,2.5,10.628513336181641),(0.37409943342208862,2.1971926689147949,10.823925971984863),(0.39540013670921326,2.5,10.927717208862305),(0.33767667412757874,2.1719989776611328,11.211104393005371),(0.2123914510011673,2.5,11.008388519287109),(0.51066255569458008,2.1982390880584717,11.114215850830078),(0.54039239883422852,2.2972843647003174,11.539105415344238),(0.37337297201156616,2.5,11.314328193664551),(0.54350316524505615,2.5,11.209181785583496),(0.54039239883422852,2.7027156352996826,11.539105415344238),(0.75674855709075928,1.4226113557815552,11.044178009033203),(0.7795225977897644,1.4366865158081055,11.469463348388672),(0.69806110858917236,1.703848123550415,11.187079429626465),(0.91716080904006958,1.5217515230178833,11.351905822753906),(0.99624758958816528,1.5706299543380737,11.767766952514648),(0.74422538280487061,1.75998854637146,11.618529319763184),(0.88468736410140991,1.8191894292831421,11.489047050476074),(0.98293709754943848,1.907284140586853,11.89663028717041),(1.1165478229522705,1.6449794769287109,11.626345634460449),(1.1043021678924561,1.9547014236450195,11.744900703430176),(1.25,1.7274575233459473,12.022542953491211),(1.3500000238418579,1.7892608642578125,11.860738754272461),(0.69716101884841919,2.3135015964508057,11.415976524353027),(0.88529318571090698,2.1305692195892334,11.595695495605469),(0.74488389492034912,2.098444938659668,11.734451293945312),(0.94940102100372314,2.2971453666687012,11.95051097869873),(0.69716101884841919,2.6864984035491943,11.415976524353027),(0.86405199766159058,2.5,11.61668586730957),(0.72179567813873291,2.5,11.757267951965332),(0.94940102100372314,2.7028546333312988,11.95051097869873),(1.2018537521362305,2.1089138984680176,12.100444793701172),(1.0734490156173706,2.3133738040924072,11.794469833374023),(1.3057054281234741,2.1402006149291992,11.932409286499023),(1.1856721639633179,2.5,12.126626968383789),(1.0734490156173706,2.6866261959075928,11.794469833374023),(1.290818452835083,2.5,11.956497192382812),(1.4253641366958618,0.25333461165428162,9.8928089141845703),(1.4868628978729248,0.22046284377574921,9.9358816146850586),(1.5084152221679688,0.20894290506839752,9.9509763717651367),(1.4916115999221802,0.2123914510011673,10.),(1.5234062671661377,0.20092999935150146,10.),(1.543291449546814,0.19030116498470306,10.),(1.6747391223907471,0.15042696893215179,9.9238948822021484),(1.6747391223907471,0.15042696893215179,9.9238948822021484),(1.6038566827774048,0.17192889750003815,10.),(1.6038566827774048,0.17192889750003815,10.),(1.4152785539627075,0.3433288037776947,10.64972972869873),(1.6044280529022217,0.18923850357532501,10.32913875579834),(1.5722826719284058,0.39540013670921326,10.),(1.6015337705612183,0.38485556840896606,10.),(1.6198281049728394,0.37507706880569458,10.),(1.6755484342575073,0.35817450284957886,10.),(1.3857842683792114,0.51066255569458008,10.301760673522949),(1.502056360244751,0.51586252450942993,10.597751617431641),(1.6760737895965576,0.37409943342208862,10.302807807922363),(1.6374112367630005,0.55900359153747559,10.882311820983887),(1.7296638488769531,0.13376571238040924,9.8649234771728516),(1.790587306022644,0.11528480798006058,9.8634662628173828),(1.872262716293335,0.090508826076984406,9.8615121841430664),(1.8168337345123291,0.095154106616973877,10.),(1.871487021446228,0.28754177689552307,10.),(1.9106677770614624,0.078858800232410431,9.9768657684326172),(1.9106677770614624,0.078858800232410431,9.9768657684326172),(1.9480746984481812,0.067511521279811859,10.),(1.9480746984481812,0.067511521279811859,10.),(2.0122742652893066,0.04803679883480072,10.),(2.0512921810150146,0.24419385194778442,10.),(1.9922282695770264,0.26211071014404297,10.),(1.7468527555465698,0.20938956737518311,10.66020679473877),(1.9497073888778687,0.084018506109714508,10.331981658935547),(1.9937307834625244,0.27729701995849609,10.305422782897949),(1.8071045875549316,0.39263838529586792,10.607390403747559),(1.9510430097579956,0.45068499445915222,10.88823127746582),(1.5624035596847534,0.39022132754325867,10.959033966064453),(1.9033076763153076,0.27248367667198181,10.965468406677246),(1.7274575233459473,0.47745752334594727,11.25),(1.7892608642578125,0.63926088809967041,11.149999618530273),(1.907284140586853,0.60336923599243164,11.517063140869141),(1.4558218717575073,0.75674855709075928,11.077388763427734),(1.5706299543380737,0.73223304748535156,11.503752708435059),(1.6449794769287109,0.87365442514419556,11.383452415466309),(1.4366865158081055,1.0305368900299072,11.720477104187012),(1.5217515230178833,1.1480939388275146,11.582839012145996),(1.6346174478530884,1.2096959352493286,11.958629608154297),(1.703848123550415,1.3129203319549561,11.801939010620117),(1.8191894292831421,1.0109525918960571,11.615312576293945),(1.9547014236450195,0.75509971380233765,11.395697593688965),(1.75998854637146,0.88147026300430298,11.75577449798584),(1.9674428701400757,1.0718708038330078,11.981622695922852),(2.010047435760498,1.1861212253570557,11.823093414306641),(2.1032829284667969,0.039073225110769272,9.9162235260009766),(2.0653603076934814,0.042808279395103455,10.),(2.2231886386871338,0.027263548225164413,9.8374061584472656),(2.1551194190979004,0.023902794346213341,10.),(2.1001317501068115,0.23938357830047607,10.),(2.1827099323272705,0.22199057042598724,10.),(2.0938503742218018,0.12235870957374573,10.657163619995117),(2.1263422966003418,0.3125700056552887,10.60459041595459),(2.29439377784729,0.030779149383306503,10.332677841186523),(2.3108422756195068,0.22831681370735168,10.306063652038574),(2.3106558322906494,0.40014025568962097,10.919095993041992),(2.5,0.,10.),(2.5,0.,10.),(2.5,0.20000000298023224,10.),(2.5,0.090346843004226685,10.666011810302734),(2.5,0.2831190824508667,10.612730979919434),(2.70560622215271,0.030779149383306503,10.332677841186523),(2.6891577243804932,0.22831681370735168,10.306063652038574),(2.6893441677093506,0.40014025568962097,10.919095993041992),(2.2941911220550537,0.21754376590251923,10.999017715454102),(2.1089138984680176,0.39955529570579529,11.29814624786377),(2.1402006149291992,0.56759089231491089,11.194294929504395),(2.2971453666687012,0.54948908090591431,11.550599098205566),(2.7058088779449463,0.21754376590251923,10.999017715454102),(2.5,0.37337297201156616,11.314328193664551),(2.5,0.54350316524505615,11.209181785583496),(2.7028546333312988,0.54948908090591431,11.550599098205566),(2.1305692195892334,0.90430492162704468,11.614706993103027),(2.3133738040924072,0.70552992820739746,11.42655086517334),(2.098444938659668,0.76554882526397705,11.75511646270752),(2.2972843647003174,0.96089494228363037,11.95960807800293),(2.1719989776611328,1.288895845413208,12.162322998046875),(2.3135015964508057,1.0840233564376831,11.802839279174805),(2.5,0.88331383466720581,11.635948181152344),(2.6866261959075928,0.70552992820739746,11.42655086517334),(2.5,0.74273240566253662,11.778203964233398),(2.7027156352996826,0.96089494228363037,11.95960807800293),(2.5,1.1856721639633179,12.126626968383789),(2.5,1.290818452835083,11.956497192382812),(2.6864984035491943,1.0840233564376831,11.802839279174805),(1.4226113557815552,1.4558218717575073,11.743251800537109),(1.5409656763076782,1.5624035596847534,12.10977840423584),(1.6176884174346924,1.6374112367630005,11.940996170043945),(1.5345315933227539,1.9033076763153076,12.227516174316406),(1.6117689609527588,1.9510430097579956,12.049315452575684),(1.8502702713012695,1.4152785539627075,12.156671524047852),(1.9022486209869385,1.502056360244751,11.984137535095215),(1.8397930860519409,1.7468527555465698,12.290610313415527),(1.892609715461731,1.8071045875549316,12.107361793518066),(1.500982403755188,2.2941911220550537,12.282456398010254),(1.5809037685394287,2.3106558322906494,12.099860191345215),(1.500982403755188,2.7058088779449463,12.282456398010254),(1.5809037685394287,2.6893441677093506,12.099860191345215),(1.8428361415863037,2.0938503742218018,12.377641677856445),(1.8954092264175415,2.1263422966003418,12.187430381774902),(1.887269139289856,2.5,12.216880798339844),(1.8339881896972656,2.5,12.409652709960938),(2.1982390880584717,1.3857842683792114,11.989337921142578),(2.1708614826202393,1.6044280529022217,12.310761451721191),(2.1971926689147949,1.6760737895965576,12.125900268554688),(2.1680188179016113,1.9497073888778687,12.415981292724609),(2.1945772171020508,1.9937307834625244,12.222702980041504),(2.5,1.4916115999221802,12.28760814666748),(2.5,1.5722826719284058,12.104599952697754),(2.5,1.871487021446228,12.212458610534668),(2.5,1.8168337345123291,12.40484619140625),(2.1939363479614258,2.3108422756195068,12.271682739257812),(2.1673221588134766,2.29439377784729,12.469221115112305),(2.1939363479614258,2.6891577243804932,12.271682739257812),(2.1673221588134766,2.70560622215271,12.469221115112305),(2.5,2.1827099323272705,12.278009414672852),(2.5,2.1551194190979004,12.476097106933594),(2.5,2.5,12.300000190734863),(2.5,2.5,12.5),(0.33767667412757874,2.8280010223388672,1.288895845413208),(0.3433288037776947,3.1497297286987305,1.4152785539627075),(0.51066255569458008,2.8017609119415283,1.3857842683792114),(0.51837694644927979,3.0325572490692139,1.0718708038330078),(0.6769067645072937,2.989952564239502,1.1861212253570557),(0.51586252450942993,3.0977513790130615,1.502056360244751),(0.54137074947357178,3.3653824329376221,1.2096959352493286),(0.084018506109714508,2.8319811820983887,1.9497073888778687),(0.030779149383306503,2.8326778411865234,2.29439377784729),(0.18923850357532501,2.8291385173797607,1.6044280529022217),(0.22831681370735168,2.8060636520385742,2.3108422756195068),(0.27729701995849609,2.8054227828979492,1.9937307834625244),(0.030251458287239075,2.8071482181549072,2.7162940502166748),(0.030779149383306503,2.8326778411865234,2.70560622215271),(0.032053861767053604,2.8254482746124268,2.7178428173065186),(0.032763350754976273,2.8326518535614014,2.7184524536132812),(0.035205446183681488,2.8574469089508057,2.5),(0.033830899745225906,2.8434908390045166,2.7122890949249268),(0.035205446183681488,2.8574469089508057,2.6903281211853027),(0.04803679883480072,2.9877257347106934,2.5),(0.073468655347824097,3.0715632438659668,2.5),(0.073468655347824097,3.0715632438659668,2.5582575798034668),(0.22831681370735168,2.8060636520385742,2.5),(0.23238900303840637,2.8288512229919434,2.5),(0.24419385194778442,2.9487078189849854,2.5),(0.26759117841720581,3.0258383750915527,2.5),(0.12235870957374573,3.1571638584136963,2.0938503742218018),(0.20938956737518311,3.1602067947387695,1.7468527555465698),(0.3125700056552887,3.104590892791748,2.1263422966003418),(0.090346843004226685,3.1660118103027344,2.5),(0.10120857506990433,3.1630096435546875,2.6378078460693359),(0.12406615167856216,3.238361120223999,2.5698237419128418),(0.12406615167856216,3.238361120223999,2.6154782772064209),(0.14754228293895721,3.3157515525817871,2.5),(0.14754222333431244,3.315751314163208,2.5),(0.14754222333431244,3.315751314163208,2.5925440788269043),(0.2831190824508667,3.1127307415008545,2.5),(0.33573886752128601,3.2504911422729492,2.5),(0.37409943342208862,2.8028073310852051,1.6760737895965576),(0.39263838529586792,3.1073904037475586,1.8071045875549316),(0.45068499445915222,3.3882310390472412,1.9510430097579956),(0.40014025568962097,3.4190962314605713,2.3106558322906494),(0.55900359153747559,3.3823115825653076,1.6374112367630005),(0.37507706880569458,3.3801717758178711,2.5),(0.40014025568962097,3.4190962314605713,2.5),(0.39022132754325867,3.4590344429016113,1.5624035596847534),(0.60516142845153809,3.6710746288299561,1.3650237321853638),(0.27248367667198181,3.4654684066772461,1.9033076763153076),(0.21754376590251923,3.4990177154541016,2.2941911220550537),(0.19030116498470306,3.4567086696624756,2.5),(0.21754376590251923,3.4990177154541016,2.5),(0.27429559826850891,3.6138510704040527,2.5),(0.27429559826850891,3.6138510704040527,2.6308548450469971),(0.33265349268913269,3.7230310440063477,2.5503478050231934),(0.33265349268913269,3.7230310440063477,2.608579158782959),(0.47745752334594727,3.75,1.7274575233459473),(0.63926088809967041,3.6500000953674316,1.7892608642578125),(0.56759089231491089,3.6942944526672363,2.1402006149291992),(0.45235073566436768,3.5247406959533691,2.5),(0.54350316524505615,3.709181547164917,2.5),(0.56977665424346924,3.7444291114807129,2.5),(0.58761990070343018,3.7778115272521973,2.5),(0.39955529570579529,3.7981462478637695,2.1089138984680176),(0.60336923599243164,4.0170626640319824,1.907284140586853),(0.54948908090591431,4.0505990982055664,2.2971453666687012),(0.37337297201156616,3.8143277168273926,2.5),(0.40193110704421997,3.8526403903961182,2.5),(0.40193110704421997,3.8526403903961182,2.5328938961029053),(0.37944629788398743,3.8105742931365967,2.5907175540924072),(0.39667409658432007,3.8428051471710205,2.5464134216308594),(0.42132598161697388,3.8889255523681641,2.5),(0.5047447681427002,3.9905717372894287,2.5),(0.5047447681427002,3.9905717372894287,2.6513171195983887),(0.51487052440643311,4.0029101371765137,2.6717462539672852),(0.66436553001403809,3.8713264465332031,2.5),(0.53765451908111572,4.0306720733642578,2.7177121639251709),(0.54673373699188232,4.0417351722717285,2.721867561340332),(0.55248016119003296,4.0487375259399414,2.7244970798492432),(0.54948908090591431,4.0505990982055664,2.7028546333312988),(0.5732429027557373,4.0740370750427246,2.6168818473815918),(0.56736266613006592,4.0668716430664062,2.7218928337097168),(0.56973826885223389,4.0697665214538574,2.7214770317077637),(0.61421096324920654,4.1239566802978516,2.6481366157531738),(0.74488389492034912,2.901555061340332,0.76554882526397705),(0.98293709754943848,3.0927157402038574,0.60336923599243164),(0.88529318571090698,2.8694307804107666,0.90430492162704468),(0.99624758958816528,3.4293701648712158,0.73223304748535156),(0.74422538280487061,3.24001145362854,0.88147026300430298),(0.69806110858917236,3.296151876449585,1.3129203319549561),(0.88468736410140991,3.1808104515075684,1.0109525918960571),(1.2018537521362305,2.8910861015319824,0.39955529570579529),(1.1043021678924561,3.0452985763549805,0.75509971380233765),(1.3057054281234741,2.8597993850708008,0.56759089231491089),(1.3500000238418579,3.2107391357421875,0.63926088809967041),(1.25,3.2725424766540527,0.47745752334594727),(1.1165478229522705,3.3550205230712891,0.87365442514419556),(0.7795225977897644,3.5633134841918945,1.0305368900299072),(0.75674855709075928,3.5773887634277344,1.4558218717575073),(0.91716080904006958,3.4782483577728271,1.1480939388275146),(0.88355553150177002,3.9106354713439941,1.2165614366531372),(1.0128710269927979,3.7977848052978516,1.3192365169525146),(1.3289253711700439,3.6349761486053467,0.60516142845153809),(1.202215313911438,3.6807634830474854,1.0128710269927979),(1.0893645286560059,3.7834386825561523,0.88355553150177002),(1.1480939388275146,4.0828390121459961,1.5217515230178833),(1.2165614366531372,4.1164445877075195,1.0893645286560059),(1.3192365169525146,3.9871289730072021,1.202215313911438),(0.75509971380233765,3.8956978321075439,1.9547014236450195),(0.70552992820739746,3.9265511035919189,2.3133738040924072),(0.73223304748535156,4.0037522315979004,1.5706299543380737),(0.87365442514419556,3.8834521770477295,1.6449794769287109),(1.0109525918960571,4.1153125762939453,1.8191894292831421),(0.90430492162704468,4.1147069931030273,2.1305692195892334),(0.70552992820739746,3.9265511035919189,2.5),(0.8300400972366333,4.0732011795043945,2.5),(0.6848219633102417,4.209996223449707,2.5),(0.6848219633102417,4.209996223449707,2.5607905387878418),(1.0305368900299072,4.2204775810241699,1.4366865158081055),(1.3650237321853638,4.3948383331298828,1.3289253711700439),(0.76554882526397705,4.2551159858703613,2.098444938659668),(0.88147026300430298,4.2557744979858398,1.75998854637146),(0.96089494228363037,4.4596076011657715,2.2972843647003174),(0.73223304748535156,4.2677669525146484,2.5),(0.73763412237167358,4.2721996307373047,2.5),(0.73763412237167358,4.2721996307373047,2.5053520202636719),(0.74273240566253662,4.2782044410705566,2.5),(0.74372589588165283,4.2771987915039062,2.5174851417541504),(0.74373584985733032,4.2772068977355957,2.5174953937530518),(0.84183043241500854,4.3577113151550293,2.6182498931884766),(0.87365442514419556,4.1263456344604492,2.5),(0.87862300872802734,4.1304230690002441,2.5),(0.88331383466720581,4.1359481811523438,2.5),(0.85946506261825562,4.3721833229064941,2.5758323669433594),(0.94239825010299683,4.4402451515197754,2.7215430736541748),(0.95524144172668457,4.4507851600646973,2.7221288681030273),(0.96089494228363037,4.4596076011657715,2.7027156352996826),(0.96761620044708252,4.4609408378601074,2.7226924896240234),(1.0147765874862671,4.4996442794799805,2.5),(1.0147733688354492,4.4996418952941895,2.5),(0.98153537511825562,4.4723639488220215,2.7105996608734131),(0.9940827488899231,4.482661247253418,2.6892814636230469),(1.0147733688354492,4.4996418952941895,2.6541252136230469),(1.0840233564376831,4.3028388023376465,2.3135015964508057),(1.1861212253570557,4.3230934143066406,2.010047435760498),(1.2096959352493286,4.4586291313171387,1.6346174478530884),(1.3129203319549561,4.3019390106201172,1.703848123550415),(1.0840233564376831,4.3028388023376465,2.5),(1.1335861682891846,4.3396663665771484,2.5),(1.2221884727478027,4.4123802185058594,2.5),(1.2551740407943726,4.4300112724304199,2.5),(1.290818452835083,4.4564967155456543,2.5),(1.0718708038330078,4.4816231727600098,1.9674428701400757),(1.288895845413208,4.6623234748840332,2.1719989776611328),(1.1110744476318359,4.5786738395690918,2.5),(1.1469267606735229,4.5978374481201172,2.5),(1.1469267606735229,4.5978374481201172,2.534942626953125),(1.1856721639633179,4.6266269683837891,2.5),(1.1797354221343994,4.6153740882873535,2.5756173133850098),(1.2284911870956421,4.6414346694946289,2.6360607147216797),(1.3367712497711182,4.6993112564086914,2.6201820373535156),(1.6117689609527588,3.0489568710327148,0.45068499445915222),(1.5345315933227539,3.0966923236846924,0.27248367667198181),(1.6176884174346924,3.36258864402771,0.55900359153747559),(1.8428361415863037,2.9061496257781982,0.12235870957374573),(1.8954092264175415,2.8736577033996582,0.3125700056552887),(1.8397930860519409,3.2531471252441406,0.20938956737518311),(1.892609715461731,3.1928954124450684,0.39263838529586792),(1.5409656763076782,3.437596321105957,0.39022132754325867),(1.4226113557815552,3.5441782474517822,0.75674855709075928),(1.703848123550415,3.6870796680450439,0.69806110858917236),(1.4366865158081055,3.9694631099700928,0.7795225977897644),(1.6346174478530884,3.7903039455413818,0.54137074947357178),(1.5217515230178833,3.8519060611724854,0.91716080904006958),(1.8502702713012695,3.5847213268280029,0.3433288037776947),(1.9022486209869385,3.497943639755249,0.51586252450942993),(1.75998854637146,4.1185297966003418,0.74422538280487061),(1.9674428701400757,3.9281291961669922,0.51837694644927979),(2.010047435760498,3.8138787746429443,0.6769067645072937),(1.8191894292831421,3.9890472888946533,0.88468736410140991),(2.1945772171020508,3.0062692165374756,0.27729701995849609),(2.1680188179016113,3.0502924919128418,0.084018506109714508),(2.1971926689147949,3.3239262104034424,0.37409943342208862),(2.1708614826202393,3.3955719470977783,0.18923850357532501),(2.5,2.8172900676727295,0.22199057042598724),(2.5,2.8448805809020996,0.023902794346213341),(2.5,3.1285130977630615,0.28754177689552307),(2.5,3.1831662654876709,0.095154106616973877),(2.5,3.4277172088623047,0.39540013670921326),(2.1719989776611328,3.711104154586792,0.33767667412757874),(2.1982390880584717,3.6142158508300781,0.51066255569458008),(2.3135015964508057,3.9159767627716064,0.69716101884841919),(2.2972843647003174,4.0391049385070801,0.54039239883422852),(2.1305692195892334,4.0956950187683105,0.88529318571090698),(2.5,3.5083882808685303,0.2123914510011673),(2.5,3.709181547164917,0.54350316524505615),(2.5,3.8143277168273926,0.37337297201156616),(2.6864984035491943,3.9159767627716064,0.69716101884841919),(2.7027156352996826,4.0391049385070801,0.54039239883422852),(2.5,4.1166863441467285,0.86405199766159058),(1.4558218717575073,4.2432513236999512,1.4226113557815552),(1.5706299543380737,4.2677669525146484,0.99624758958816528),(1.6449794769287109,4.1263456344604492,1.1165478229522705),(1.5624035596847534,4.609778881072998,1.5409656763076782),(1.7892608642578125,4.3607392311096191,1.3500000238418579),(1.9547014236450195,4.2449002265930176,1.1043021678924561),(1.907284140586853,4.3966307640075684,0.98293709754943848),(1.7274575233459473,4.5225424766540527,1.25),(1.9033076763153076,4.7275161743164062,1.5345315933227539),(1.6374112367630005,4.4409961700439453,1.6176884174346924),(1.502056360244751,4.4841375350952148,1.9022486209869385),(1.3857842683792114,4.4893374443054199,2.1982390880584717),(1.4152785539627075,4.6566710472106934,1.8502702713012695),(1.6760737895965576,4.6259007453918457,2.1971926689147949),(1.6044280529022217,4.8107614517211914,2.1708614826202393),(1.4253604412078857,4.7466635704040527,2.6071887016296387),(1.4253659248352051,4.746666431427002,2.6071877479553223),(1.4916115999221802,4.7876086235046387,2.5),(1.5234060287475586,4.799069881439209,2.5),(1.5234055519104004,4.799069881439209,2.5),(1.543291449546814,4.8096990585327148,2.5),(1.4832748174667358,4.7776193618774414,2.5456135272979736),(1.5036051273345947,4.7884860038757324,2.552391529083252),(1.5084148645401001,4.7910571098327637,2.549022912979126),(1.5722826719284058,4.6045999526977539,2.5),(1.6015352010726929,4.615145206451416,2.5),(1.6198281049728394,4.6249227523803711,2.5),(1.6755448579788208,4.6418242454528809,2.5),(1.8071045875549316,4.6073617935180664,1.892609715461731),(1.7468527555465698,4.7906103134155273,1.8397930860519409),(1.9510430097579956,4.5493149757385254,1.6117689609527588),(1.9937307834625244,4.7227029800415039,2.1945772171020508),(1.871487021446228,4.7124581336975098,2.5),(1.9922295808792114,4.737889289855957,2.5),(2.0512921810150146,4.7558059692382812,2.5),(1.6038614511489868,4.8280725479125977,2.5),(1.9497073888778687,4.9159812927246094,2.1680188179016113),(1.7296663522720337,4.8662352561950684,2.6350724697113037),(1.7323248386383057,4.8670415878295898,2.6351361274719238),(1.8168337345123291,4.9048457145690918,2.5),(1.8722608089447021,4.9094910621643066,2.6384830474853516),(1.9424624443054199,4.9307861328125,2.5102448463439941),(1.9480705261230469,4.9324874877929688,2.5),(2.0122742652893066,4.9519634246826172,2.5),(2.098444938659668,4.2344512939453125,0.74488389492034912),(2.1402006149291992,4.4324092864990234,1.3057054281234741),(2.3133738040924072,4.2944698333740234,1.0734490156173706),(2.2971453666687012,4.4505109786987305,0.94940102100372314),(2.1089138984680176,4.6004447937011719,1.2018537521362305),(2.2941911220550537,4.7824563980102539,1.500982403755188),(2.5,4.2572674751281738,0.72179567813873291),(2.5,4.4564967155456543,1.290818452835083),(2.6866261959075928,4.2944698333740234,1.0734490156173706),(2.7028546333312988,4.4505109786987305,0.94940102100372314),(2.5,4.6266269683837891,1.1856721639633179),(2.7058088779449463,4.7824563980102539,1.500982403755188),(2.1263422966003418,4.6874299049377441,1.8954092264175415),(2.3106558322906494,4.5998597145080566,1.5809037685394287),(2.3108422756195068,4.7716832160949707,2.1939363479614258),(2.1001307964324951,4.7606163024902344,2.5),(2.1827099323272705,4.7780094146728516,2.5),(2.5,4.7168807983398438,1.887269139289856),(2.6893441677093506,4.5998597145080566,1.5809037685394287),(2.6891577243804932,4.7716832160949707,2.1939363479614258),(2.5,4.8000001907348633,2.5),(2.0938503742218018,4.8776412010192871,1.8428361415863037),(2.29439377784729,4.9692206382751465,2.1673221588134766),(2.0653631687164307,4.9571924209594727,2.5),(2.0653612613677979,4.9571919441223145,2.5),(2.0925564765930176,4.9598703384399414,2.5600745677947998),(2.1032848358154297,4.9609270095825195,2.5837733745574951),(2.1551194190979004,4.9760971069335938,2.5),(2.2231864929199219,4.9727363586425781,2.6625881195068359),(2.5,4.9096531867980957,1.8339881896972656),(2.70560622215271,4.9692206382751465,2.1673221588134766),(2.5,5.,2.5),(0.030251458287239075,2.8071482181549072,9.7837057113647461),(0.032053861767053604,2.8254482746124268,9.7821569442749023),(0.030779149383306503,2.8326778411865234,9.7943935394287109),(0.032763350754976273,2.8326518535614014,9.7815475463867188),(0.033830899745225906,2.8434908390045166,9.7877111434936523),(0.035205446183681488,2.8574469089508057,9.8096714019775391),(0.035205446183681488,2.8574469089508057,10.),(0.04803679883480072,2.9877257347106934,10.),(0.073468655347824097,3.0715632438659668,9.9417428970336914),(0.073468655347824097,3.0715632438659668,10.),(0.22831681370735168,2.8060636520385742,10.),(0.23238900303840637,2.8288512229919434,10.),(0.24419385194778442,2.9487078189849854,10.),(0.26759117841720581,3.0258383750915527,10.),(0.030779149383306503,2.8326778411865234,10.205606460571289),(0.084018506109714508,2.8319811820983887,10.55029296875),(0.22831681370735168,2.8060636520385742,10.189157485961914),(0.27729701995849609,2.8054227828979492,10.506269454956055),(0.18923850357532501,2.8291385173797607,10.895571708679199),(0.10120857506990433,3.1630096435546875,9.8621921539306641),(0.090346843004226685,3.1660118103027344,10.),(0.12406615167856216,3.238361120223999,9.8845224380493164),(0.12406615167856216,3.238361120223999,9.9301767349243164),(0.14754222333431244,3.315751314163208,9.9074563980102539),(0.14754222333431244,3.315751314163208,10.),(0.2831190824508667,3.1127307415008545,10.),(0.33573886752128601,3.2504911422729492,10.),(0.12235870957374573,3.1571638584136963,10.406149864196777),(0.3125700056552887,3.104590892791748,10.3736572265625),(0.20938956737518311,3.1602067947387695,10.753147125244141),(0.37409943342208862,2.8028073310852051,10.823925971984863),(0.37507706880569458,3.3801717758178711,10.),(0.40014025568962097,3.4190962314605713,10.),(0.39263838529586792,3.1073904037475586,10.692895889282227),(0.40014025568962097,3.4190962314605713,10.18934440612793),(0.45068499445915222,3.3882310390472412,10.548956871032715),(0.55900359153747559,3.3823115825653076,10.862588882446289),(0.33767667412757874,2.8280010223388672,11.211104393005371),(0.3433288037776947,3.1497297286987305,11.084721565246582),(0.51066255569458008,2.8017609119415283,11.114215850830078),(0.6769067645072937,2.989952564239502,11.313879013061523),(0.51837694644927979,3.0325572490692139,11.428129196166992),(0.51586252450942993,3.0977513790130615,10.997943878173828),(0.54137074947357178,3.3653824329376221,11.290304183959961),(0.19030116498470306,3.4567086696624756,10.),(0.21754376590251923,3.4990177154541016,10.),(0.27429559826850891,3.6138510704040527,9.869145393371582),(0.27429559826850891,3.6138510704040527,10.),(0.33265349268913269,3.7230310440063477,9.8914213180541992),(0.33265349268913269,3.7230310440063477,9.9496526718139648),(0.21754376590251923,3.4990177154541016,10.205808639526367),(0.27248367667198181,3.4654684066772461,10.596692085266113),(0.45235073566436768,3.5247406959533691,10.),(0.54350316524505615,3.709181547164917,10.),(0.56977665424346924,3.7444291114807129,10.),(0.58761990070343018,3.7778115272521973,10.),(0.47745752334594727,3.75,10.772542953491211),(0.56759089231491089,3.6942944526672363,10.359799385070801),(0.63926088809967041,3.6500000953674316,10.710739135742188),(0.37944629788398743,3.8105742931365967,9.9092826843261719),(0.39667409658432007,3.8428051471710205,9.9535865783691406),(0.37337297201156616,3.8143277168273926,10.),(0.40193110704421997,3.8526403903961182,9.9671058654785156),(0.40193110704421997,3.8526403903961182,10.),(0.42132598161697388,3.8889255523681641,10.),(0.5047447681427002,3.9905717372894287,9.8486833572387695),(0.51487052440643311,4.0029101371765137,9.8282546997070312),(0.5047447681427002,3.9905717372894287,10.),(0.66436553001403809,3.8713264465332031,10.),(0.53765451908111572,4.0306720733642578,9.7822885513305664),(0.54673373699188232,4.0417351722717285,9.778132438659668),(0.55248016119003296,4.0487375259399414,9.7755031585693359),(0.54948908090591431,4.0505990982055664,9.7971458435058594),(0.56736266613006592,4.0668716430664062,9.7781076431274414),(0.56973826885223389,4.0697665214538574,9.7785234451293945),(0.5732429027557373,4.0740370750427246,9.8831186294555664),(0.61421096324920654,4.1239566802978516,9.8518638610839844),(0.39955529570579529,3.7981462478637695,10.391086578369141),(0.54948908090591431,4.0505990982055664,10.202854156494141),(0.60336923599243164,4.0170626640319824,10.592716217041016),(0.39022132754325867,3.4590344429016113,10.937596321105957),(0.60516142845153809,3.6710746288299561,11.134976387023926),(0.88529318571090698,2.8694307804107666,11.595695495605469),(0.74488389492034912,2.901555061340332,11.734451293945312),(0.98293709754943848,3.0927157402038574,11.89663028717041),(0.74422538280487061,3.24001145362854,11.618529319763184),(0.69806110858917236,3.296151876449585,11.187079429626465),(0.88468736410140991,3.1808104515075684,11.489047050476074),(0.99624758958816528,3.4293701648712158,11.767766952514648),(1.2018537521362305,2.8910861015319824,12.100444793701172),(1.1043021678924561,3.0452985763549805,11.744900703430176),(1.3057054281234741,2.8597993850708008,11.932409286499023),(1.1165478229522705,3.3550205230712891,11.626345634460449),(1.3500000238418579,3.2107391357421875,11.860738754272461),(1.25,3.2725424766540527,12.022542953491211),(0.70552992820739746,3.9265511035919189,10.),(0.8300400972366333,4.0732011795043945,10.),(0.70552992820739746,3.9265511035919189,10.186626434326172),(0.75509971380233765,3.8956978321075439,10.54529857635498),(0.73223304748535156,4.0037522315979004,10.929369926452637),(0.87365442514419556,3.8834521770477295,10.855020523071289),(0.90430492162704468,4.1147069931030273,10.369430541992188),(1.0109525918960571,4.1153125762939453,10.680810928344727),(0.75674855709075928,3.5773887634277344,11.044178009033203),(0.7795225977897644,3.5633134841918945,11.469463348388672),(0.91716080904006958,3.4782483577728271,11.351905822753906),(0.88355553150177002,3.9106354713439941,11.283438682556152),(1.0128710269927979,3.7977848052978516,11.180763244628906),(1.202215313911438,3.6807634830474854,11.487129211425781),(1.3289253711700439,3.6349761486053467,11.894838333129883),(1.0893645286560059,3.7834386825561523,11.61644458770752),(1.1480939388275146,4.0828390121459961,10.978248596191406),(1.3192365169525146,3.9871289730072021,11.297784805297852),(1.2165614366531372,4.1164445877075195,11.410635948181152),(0.6848219633102417,4.209996223449707,9.939208984375),(0.6848219633102417,4.209996223449707,10.),(0.73223304748535156,4.2677669525146484,10.),(0.73763412237167358,4.2721996307373047,9.9946479797363281),(0.73763412237167358,4.2721996307373047,10.),(0.74372589588165283,4.2771987915039062,9.9825153350830078),(0.74373584985733032,4.2772068977355957,9.9825048446655273),(0.74273240566253662,4.2782044410705566,10.),(0.84183043241500854,4.3577113151550293,9.8817501068115234),(0.87365442514419556,4.1263456344604492,10.),(0.87862300872802734,4.1304230690002441,10.),(0.88331383466720581,4.1359481811523438,10.),(0.85946506261825562,4.3721833229064941,9.9241676330566406),(0.94239825010299683,4.4402451515197754,9.7784566879272461),(0.95524144172668457,4.4507851600646973,9.7778711318969727),(0.96089494228363037,4.4596076011657715,9.7972841262817383),(0.96761620044708252,4.4609408378601074,9.7773075103759766),(0.76554882526397705,4.2551159858703613,10.401555061340332),(0.88147026300430298,4.2557744979858398,10.740011215209961),(0.96089494228363037,4.4596076011657715,10.202715873718262),(0.98153537511825562,4.4723639488220215,9.7894001007080078),(0.9940827488899231,4.482661247253418,9.8107185363769531),(1.0147733688354492,4.4996418952941895,9.8458747863769531),(1.0147733688354492,4.4996418952941895,10.),(1.0147765874862671,4.4996442794799805,10.),(1.0840233564376831,4.3028388023376465,10.),(1.1335861682891846,4.3396663665771484,10.),(1.2221884727478027,4.4123802185058594,10.),(1.2551740407943726,4.4300112724304199,10.),(1.290818452835083,4.4564967155456543,10.),(1.0840233564376831,4.3028388023376465,10.186498641967773),(1.1861212253570557,4.3230934143066406,10.48995304107666),(1.2096959352493286,4.4586291313171387,10.865382194519043),(1.3129203319549561,4.3019390106201172,10.796152114868164),(1.1110744476318359,4.5786738395690918,10.),(1.1797354221343994,4.6153740882873535,9.9243831634521484),(1.1469267606735229,4.5978374481201172,9.965057373046875),(1.1469267606735229,4.5978374481201172,10.),(1.1856721639633179,4.6266269683837891,10.),(1.2284911870956421,4.6414346694946289,9.8639392852783203),(1.3367712497711182,4.6993112564086914,9.8798179626464844),(1.0718708038330078,4.4816231727600098,10.532557487487793),(1.288895845413208,4.6623234748840332,10.328001022338867),(1.0305368900299072,4.2204775810241699,11.063313484191895),(1.3650237321853638,4.3948383331298828,11.171074867248535),(1.6117689609527588,3.0489568710327148,12.049315452575684),(1.5345315933227539,3.0966923236846924,12.227516174316406),(1.6176884174346924,3.36258864402771,11.940996170043945),(1.8428361415863037,2.9061496257781982,12.377641677856445),(1.8954092264175415,2.8736577033996582,12.187430381774902),(1.8397930860519409,3.2531471252441406,12.290610313415527),(1.892609715461731,3.1928954124450684,12.107361793518066),(1.4226113557815552,3.5441782474517822,11.743251800537109),(1.5409656763076782,3.437596321105957,12.10977840423584),(1.703848123550415,3.6870796680450439,11.801939010620117),(1.5217515230178833,3.8519060611724854,11.582839012145996),(1.4366865158081055,3.9694631099700928,11.720477104187012),(1.6346174478530884,3.7903039455413818,11.958629608154297),(1.8502702713012695,3.5847213268280029,12.156671524047852),(1.9022486209869385,3.497943639755249,11.984137535095215),(1.8191894292831421,3.9890472888946533,11.615312576293945),(1.75998854637146,4.1185297966003418,11.75577449798584),(1.9674428701400757,3.9281291961669922,11.981622695922852),(2.010047435760498,3.8138787746429443,11.823093414306641),(2.1945772171020508,3.0062692165374756,12.222702980041504),(2.1680188179016113,3.0502924919128418,12.415981292724609),(2.1971926689147949,3.3239262104034424,12.125900268554688),(2.1708614826202393,3.3955719470977783,12.310761451721191),(2.5,2.8172900676727295,12.278009414672852),(2.5,2.8448805809020996,12.476097106933594),(2.5,3.1285130977630615,12.212458610534668),(2.5,3.1831662654876709,12.40484619140625),(2.5,3.4277172088623047,12.104599952697754),(2.1982390880584717,3.6142158508300781,11.989337921142578),(2.1719989776611328,3.711104154586792,12.162322998046875),(2.1305692195892334,4.0956950187683105,11.614706993103027),(2.3135015964508057,3.9159767627716064,11.802839279174805),(2.2972843647003174,4.0391049385070801,11.95960807800293),(2.5,3.5083882808685303,12.28760814666748),(2.5,3.709181547164917,11.956497192382812),(2.5,4.1166863441467285,11.635948181152344),(2.5,3.8143277168273926,12.126626968383789),(2.6864984035491943,3.9159767627716064,11.802839279174805),(2.7027156352996826,4.0391049385070801,11.95960807800293),(2.1371095180511475,4.9642586708068848,8.9278163909912109),(2.1322414875030518,4.9637789726257324,8.9772424697875977),(2.1581645011901855,4.9663324356079102,8.8584070205688477),(2.1907105445861816,4.9695377349853516,8.7975187301635742),(2.1894552707672119,4.969414234161377,8.8014430999755859),(2.1894214153289795,4.9694108963012695,8.8997344970703125),(2.1923563480377197,4.9696998596191406,8.7944393157958984),(2.1963033676147461,4.9700884819030762,8.9021730422973633),(2.2118003368377686,4.9716148376464844,8.8918638229370117),(2.2324676513671875,4.9736504554748535,8.8966484069824219),(2.130000114440918,4.9635581970214844,9.),(2.1322038173675537,4.9637751579284668,9.022374153137207),(2.1371095180511475,4.9642586708068848,9.0721836090087891),(2.1581645011901855,4.9663324356079102,9.1415929794311523),(2.2024273872375488,4.9706916809082031,9.1152276992797852),(2.1935796737670898,4.969820499420166,9.1994113922119141),(2.1923563480377197,4.9696998596191406,9.2055606842041016),(2.1931848526000977,4.9697813987731934,9.2065706253051758),(2.238370418548584,4.9742317199707031,8.7383708953857422),(2.2944390773773193,4.9797539710998535,8.6923561096191406),(2.3402738571166992,4.9842681884765625,8.6678571701049805),(2.238370418548584,4.9742317199707031,9.2616291046142578),(2.2944390773773193,4.9797539710998535,9.3076438903808594),(2.3397090435028076,4.9842128753662109,9.1519908905029297),(2.3394992351531982,4.98419189453125,9.3317289352416992),(2.3584070205688477,4.9860544204711914,8.6581649780273438),(2.370964527130127,4.9872913360595703,8.6543560028076172),(2.3710715770721436,4.9873018264770508,8.7867498397827148),(2.3584070205688477,4.9860544204711914,9.3418350219726562),(2.3715236186981201,4.9873461723327637,9.3458137512207031),(2.1371095180511475,5.5,8.9278163909912109),(2.1581645011901855,5.5,8.8584070205688477),(2.1923563480377197,5.5,8.7944393157958984),(2.130000114440918,5.5,9.),(2.1371095180511475,5.5,9.0721836090087891),(2.1581645011901855,5.5,9.1415929794311523),(2.1923563480377197,5.5,9.2055606842041016),(2.238370418548584,5.5,8.7383708953857422),(2.2944390773773193,5.5,8.6923561096191406),(2.3584070205688477,5.5,8.6581649780273438),(2.238370418548584,5.5,9.2616291046142578),(2.2944390773773193,5.5,9.3076438903808594),(2.3584070205688477,5.5,9.3418350219726562),(2.42781662940979,4.9928903579711914,8.6371097564697266),(2.5,5.,8.630000114440918),(2.57218337059021,4.9928903579711914,8.6371097564697266),(2.4360730648040771,4.9937038421630859,9.0169639587402344),(2.4482741355895996,4.9949054718017578,9.0554828643798828),(2.4503476619720459,4.9951095581054688,9.0717935562133789),(2.4492273330688477,4.9949994087219238,9.1147489547729492),(2.42781662940979,4.9928903579711914,9.3628902435302734),(2.4557750225067139,4.9956440925598145,9.1924495697021484),(2.4568719863891602,4.9957523345947266,9.1937618255615234),(2.4698760509490967,4.9970331192016602,9.2015151977539062),(2.5,5.,9.369999885559082),(2.57218337059021,4.9928903579711914,9.3628902435302734),(2.6611700057983398,4.984126091003418,8.6686286926269531),(2.7055609226226807,4.9797539710998535,8.6923561096191406),(2.6611700057983398,4.984126091003418,9.3313713073730469),(2.7458081245422363,4.9757900238037109,9.0155601501464844),(2.7055609226226807,4.9797539710998535,9.3076438903808594),(2.6280081272125244,4.9873924255371094,8.6540441513061523),(2.6415929794311523,4.9860544204711914,8.6581649780273438),(2.6280081272125244,4.9873924255371094,8.7960939407348633),(2.6280081272125244,4.9873924255371094,9.3459558486938477),(2.6415929794311523,4.9860544204711914,9.3418350219726562),(2.42781662940979,5.5,8.6371097564697266),(2.5,5.5,8.630000114440918),(2.57218337059021,5.5,8.6371097564697266),(2.42781662940979,5.5,9.3628902435302734),(2.5,5.5,9.),(2.5,5.5,9.369999885559082),(2.57218337059021,5.5,9.3628902435302734),(2.6415929794311523,5.5,8.6581649780273438),(2.7055609226226807,5.5,8.6923561096191406),(2.6415929794311523,5.5,9.3418350219726562),(2.7055609226226807,5.5,9.3076438903808594),(1.6374112367630005,4.4409961700439453,10.882311820983887),(1.4253604412078857,4.7466635704040527,9.8928117752075195),(1.4253659248352051,4.746666431427002,9.8928127288818359),(1.4832748174667358,4.7776193618774414,9.9543867111206055),(1.5036051273345947,4.7884860038757324,9.9476089477539062),(1.5084148645401001,4.7910571098327637,9.9509773254394531),(1.4916115999221802,4.7876086235046387,10.),(1.5234055519104004,4.799069881439209,10.),(1.543291449546814,4.8096990585327148,10.),(1.5722826719284058,4.6045999526977539,10.),(1.6015352010726929,4.615145206451416,10.),(1.6198281049728394,4.6249227523803711,10.),(1.6755448579788208,4.6418242454528809,10.),(1.3857842683792114,4.4893374443054199,10.301760673522949),(1.502056360244751,4.4841375350952148,10.597751617431641),(1.4152785539627075,4.6566710472106934,10.64972972869873),(1.6760737895965576,4.6259007453918457,10.302807807922363),(1.6044280529022217,4.8107614517211914,10.32913875579834),(1.871487021446228,4.7124581336975098,10.),(1.9922295808792114,4.737889289855957,10.),(2.0512921810150146,4.7558059692382812,10.),(1.8071045875549316,4.6073617935180664,10.607390403747559),(1.7468527555465698,4.7906103134155273,10.66020679473877),(1.9510430097579956,4.5493149757385254,10.88823127746582),(1.9937307834625244,4.7227029800415039,10.305422782897949),(1.4558218717575073,4.2432513236999512,11.077388763427734),(1.5706299543380737,4.2677669525146484,11.503752708435059),(1.6449794769287109,4.1263456344604492,11.383452415466309),(1.5624035596847534,4.609778881072998,10.959033966064453),(1.7892608642578125,4.3607392311096191,11.149999618530273),(1.9547014236450195,4.2449002265930176,11.395697593688965),(1.907284140586853,4.3966307640075684,11.517063140869141),(1.7274575233459473,4.5225424766540527,11.25),(1.9033076763153076,4.7275161743164062,10.965468406677246),(1.6038614511489868,4.8280725479125977,10.),(1.7296663522720337,4.8662352561950684,9.8649272918701172),(1.7323248386383057,4.8670415878295898,9.864863395690918),(1.8722608089447021,4.9094910621643066,9.8615169525146484),(1.8168337345123291,4.9048457145690918,10.),(1.9424624443054199,4.9307861328125,9.9897556304931641),(1.9480705261230469,4.9324874877929688,10.),(2.0122742652893066,4.9519634246826172,10.),(1.9497073888778687,4.9159812927246094,10.331981658935547),(2.1001307964324951,4.7606163024902344,10.),(2.1827099323272705,4.7780094146728516,10.),(2.1263422966003418,4.6874299049377441,10.60459041595459),(2.3106558322906494,4.5998597145080566,10.919095993041992),(2.3108422756195068,4.7716832160949707,10.306063652038574),(2.5,4.8000001907348633,10.),(2.5,4.7168807983398438,10.612730979919434),(2.6893441677093506,4.5998597145080566,10.919095993041992),(2.6891577243804932,4.7716832160949707,10.306063652038574),(2.1402006149291992,4.4324092864990234,11.194294929504395),(2.3133738040924072,4.2944698333740234,11.42655086517334),(2.2971453666687012,4.4505109786987305,11.550599098205566),(2.098444938659668,4.2344512939453125,11.75511646270752),(2.1089138984680176,4.6004447937011719,11.29814624786377),(2.2941911220550537,4.7824563980102539,10.999017715454102),(2.5,4.4564967155456543,11.209181785583496),(2.6866261959075928,4.2944698333740234,11.42655086517334),(2.7028546333312988,4.4505109786987305,11.550599098205566),(2.5,4.2572674751281738,11.778203964233398),(2.5,4.6266269683837891,11.314328193664551),(2.7058088779449463,4.7824563980102539,10.999017715454102),(2.0925564765930176,4.9598703384399414,9.9399251937866211),(2.1032848358154297,4.9609270095825195,9.9162263870239258),(2.0653612613677979,4.9571919441223145,10.),(2.0653631687164307,4.9571924209594727,10.),(2.2231864929199219,4.9727363586425781,9.8374118804931641),(2.1551194190979004,4.9760971069335938,10.),(2.0938503742218018,4.8776412010192871,10.657163619995117),(2.29439377784729,4.9692206382751465,10.332677841186523),(2.5,5.,10.),(2.5,4.9096531867980957,10.666011810302734),(2.70560622215271,4.9692206382751465,10.332677841186523),(2.8910861015319824,0.39955529570579529,1.2018537521362305),(2.8597993850708008,0.56759089231491089,1.3057054281234741),(3.0927157402038574,0.60336923599243164,0.98293709754943848),(3.0966923236846924,0.27248367667198181,1.5345315933227539),(3.2107391357421875,0.63926088809967041,1.3500000238418579),(3.2725424766540527,0.47745752334594727,1.25),(2.9061496257781982,0.12235870957374573,1.8428361415863037),(2.8736577033996582,0.3125700056552887,1.8954092264175415),(3.0502924919128418,0.084018506109714508,2.1680188179016113),(3.0062692165374756,0.27729701995849609,2.1945772171020508),(2.7768113613128662,0.027263548225164413,2.6625931262969971),(2.8448805809020996,0.023902794346213341,2.5),(2.8967170715332031,0.039073225110769272,2.5837767124176025),(2.8789589405059814,0.037324201315641403,2.5954494476318359),(2.8172900676727295,0.22199057042598724,2.5),(2.8998684883117676,0.23938359320163727,2.5),(2.9320113658905029,0.042549401521682739,2.5058064460754395),(2.9346396923065186,0.042808279395103455,2.5),(2.9877257347106934,0.04803679883480072,2.5),(3.0519254207611084,0.067511528730392456,2.5),(2.9487078189849854,0.24419385194778442,2.5),(3.0077714920043945,0.26211065053939819,2.5),(3.0489568710327148,0.45068499445915222,1.6117689609527588),(3.2531471252441406,0.20938956737518311,1.8397930860519409),(3.3955719470977783,0.18923850357532501,2.1708614826202393),(3.095327615737915,0.08067747950553894,2.5792839527130127),(3.127737283706665,0.090508848428726196,2.6384873390197754),(3.1831662654876709,0.095154106616973877,2.5),(3.1285130977630615,0.28754177689552307,2.5),(3.2703356742858887,0.1337655782699585,2.6350758075714111),(3.3961420059204102,0.17192851006984711,2.5),(3.1928954124450684,0.39263838529586792,1.892609715461731),(3.3239262104034424,0.37409943342208862,2.1971926689147949),(3.36258864402771,0.55900359153747559,1.6176884174346924),(3.3244519233703613,0.35817462205886841,2.5),(3.3801717758178711,0.37507706880569458,2.5),(3.3984661102294922,0.38485553860664368,2.5),(3.4277172088623047,0.39540013670921326,2.5),(2.901555061340332,0.76554882526397705,0.74488389492034912),(2.8694307804107666,0.90430492162704468,0.88529318571090698),(3.0452985763549805,0.75509971380233765,1.1043021678924561),(2.8280010223388672,1.288895845413208,0.33767667412757874),(2.989952564239502,1.1861212253570557,0.6769067645072937),(3.0325572490692139,1.0718708038330078,0.51837694644927979),(3.24001145362854,0.88147026300430298,0.74422538280487061),(3.1808104515075684,1.0109525918960571,0.88468736410140991),(3.4293701648712158,0.73223304748535156,0.99624758958816528),(3.3550205230712891,0.87365442514419556,1.1165478229522705),(3.296151876449585,1.3129203319549561,0.69806110858917236),(3.3653824329376221,1.2096959352493286,0.54137074947357178),(3.437596321105957,0.39022132754325867,1.5409656763076782),(3.6349761486053467,0.60516142845153809,1.3289253711700439),(3.5847213268280029,0.3433288037776947,1.8502702713012695),(3.711104154586792,0.33767667412757874,2.1719989776611328),(3.4567086696624756,0.19030116498470306,2.5),(3.4765942096710205,0.2009301632642746,2.5),(3.5083882808685303,0.2123914510011673,2.5),(3.4915850162506104,0.2089429646730423,2.5490231513977051),(3.5746347904205322,0.25333395600318909,2.6071889400482178),(3.6746218204498291,0.30677822232246399,2.6218509674072266),(3.497943639755249,0.51586252450942993,1.9022486209869385),(3.6142158508300781,0.51066255569458008,2.1982390880584717),(3.7715096473693848,0.35856586694717407,2.6360573768615723),(3.709181547164917,0.54350316524505615,2.5),(3.7448270320892334,0.56998932361602783,2.5),(3.7778115272521973,0.58761990070343018,2.5),(3.7903039455413818,0.54137074947357178,1.6346174478530884),(3.8138787746429443,0.6769067645072937,2.010047435760498),(3.9281291961669922,0.51837694644927979,1.9674428701400757),(4.0391049385070801,0.54039239883422852,2.2972843647003174),(3.8143277168273926,0.37337297201156616,2.5),(3.8530728816986084,0.40216225385665894,2.5),(3.8530728816986084,0.40216225385665894,2.5349423885345459),(3.8071074485778809,0.37759333848953247,2.5919265747070312),(3.8889255523681641,0.42132598161697388,2.5),(3.8664095401763916,0.66033047437667847,2.5),(3.9852299690246582,0.50036090612411499,2.5),(3.9852299690246582,0.50036090612411499,2.6541285514831543),(3.9929702281951904,0.50671321153640747,2.6672806739807129),(4.0184650421142578,0.52763611078262329,2.710599422454834),(4.032383918762207,0.53905904293060303,2.7226924896240234),(4.0391049385070801,0.54039239883422852,2.7027156352996826),(4.0576009750366211,0.55975425243377686,2.7215423583984375),(4.0985589027404785,0.59336757659912109,2.6794743537902832),(4.1245074272155762,0.61466312408447266,2.6244866847991943),(3.5633134841918945,1.0305368900299072,0.7795225977897644),(3.5441782474517822,0.75674855709075928,1.4226113557815552),(3.6807634830474854,1.0128710269927979,1.202215313911438),(3.6710746288299561,1.3650237321853638,0.60516142845153809),(3.4782483577728271,1.1480939388275146,0.91716080904006958),(3.7834386825561523,0.88355553150177002,1.0893645286560059),(3.8519060611724854,0.91716080904006958,1.5217515230178833),(3.9694631099700928,0.7795225977897644,1.4366865158081055),(3.7977848052978516,1.3192365169525146,1.0128710269927979),(3.9106354713439941,1.2165614366531372,0.88355553150177002),(3.9871289730072021,1.202215313911438,1.3192365169525146),(4.1164445877075195,1.0893645286560059,1.2165614366531372),(3.6870796680450439,0.69806110858917236,1.703848123550415),(3.9159767627716064,0.69716101884841919,2.3135015964508057),(4.1185297966003418,0.74422538280487061,1.75998854637146),(3.9890472888946533,0.88468736410140991,1.8191894292831421),(4.0956950187683105,0.88529318571090698,2.1305692195892334),(3.9159767627716064,0.69716101884841919,2.5),(4.1166863441467285,0.86405199766159058,2.5),(4.1213769912719727,0.86957681179046631,2.5),(2.8017609119415283,1.3857842683792114,0.51066255569458008),(2.8291385173797607,1.6044280529022217,0.18923850357532501),(2.8028073310852051,1.6760737895965576,0.37409943342208862),(2.8319811820983887,1.9497073888778687,0.084018506109714508),(2.8054227828979492,1.9937307834625244,0.27729701995849609),(3.1497297286987305,1.4152785539627075,0.3433288037776947),(3.0977513790130615,1.502056360244751,0.51586252450942993),(3.3823115825653076,1.6374112367630005,0.55900359153747559),(3.1602067947387695,1.7468527555465698,0.20938956737518311),(3.1073904037475586,1.8071045875549316,0.39263838529586792),(3.3882310390472412,1.9510430097579956,0.45068499445915222),(2.8326778411865234,2.29439377784729,0.030779149383306503),(2.8060636520385742,2.3108422756195068,0.22831681370735168),(2.8326778411865234,2.70560622215271,0.030779149383306503),(2.8060636520385742,2.6891577243804932,0.22831681370735168),(3.1571638584136963,2.0938503742218018,0.12235870957374573),(3.104590892791748,2.1263422966003418,0.3125700056552887),(3.4190962314605713,2.3106558322906494,0.40014025568962097),(3.1660118103027344,2.5,0.090346843004226685),(3.1127307415008545,2.5,0.2831190824508667),(3.4190962314605713,2.6893441677093506,0.40014025568962097),(3.5773887634277344,1.4558218717575073,0.75674855709075928),(3.4590344429016113,1.5624035596847534,0.39022132754325867),(3.4654684066772461,1.9033076763153076,0.27248367667198181),(3.6500000953674316,1.7892608642578125,0.63926088809967041),(3.75,1.7274575233459473,0.47745752334594727),(4.0037522315979004,1.5706299543380737,0.73223304748535156),(3.8834521770477295,1.6449794769287109,0.87365442514419556),(4.0828390121459961,1.5217515230178833,1.1480939388275146),(3.8956978321075439,1.9547014236450195,0.75509971380233765),(4.0170626640319824,1.907284140586853,0.60336923599243164),(4.1153125762939453,1.8191894292831421,1.0109525918960571),(3.4990177154541016,2.2941911220550537,0.21754376590251923),(3.6942944526672363,2.1402006149291992,0.56759089231491089),(3.4990177154541016,2.7058088779449463,0.21754376590251923),(3.709181547164917,2.5,0.54350316524505615),(3.7981462478637695,2.1089138984680176,0.39955529570579529),(3.9265511035919189,2.3133738040924072,0.70552992820739746),(4.0505990982055664,2.2971453666687012,0.54948908090591431),(4.1147069931030273,2.1305692195892334,0.90430492162704468),(3.8143277168273926,2.5,0.37337297201156616),(3.9265511035919189,2.6866261959075928,0.70552992820739746),(4.0505990982055664,2.7028546333312988,0.54948908090591431),(4.1300287246704102,0.61919426918029785,2.6331954002380371),(4.3948383331298828,1.3289253711700439,1.3650237321853638),(4.2344512939453125,0.74488389492034912,2.098444938659668),(4.2677669525146484,0.99624758958816528,1.5706299543380737),(4.3966307640075684,0.98293709754943848,1.907284140586853),(4.4505109786987305,0.94940102100372314,2.2971453666687012),(4.2572674751281738,0.72179567813873291,2.5),(4.2623653411865234,0.72779989242553711,2.5),(4.2623653411865234,0.72779989242553711,2.5053513050079346),(4.2562627792358398,0.72279179096221924,2.5174942016601562),(4.2562737464904785,0.72280091047286987,2.5174827575683594),(4.2677669525146484,0.73223304748535156,2.5),(4.1263456344604492,0.87365442514419556,2.5),(4.1699633598327637,0.92680251598358154,2.5),(4.3151822090148926,0.7900087833404541,2.5),(4.3151822090148926,0.7900087833404541,2.5607953071594238),(4.3585209846496582,0.84281718730926514,2.6213088035583496),(4.4302616119384766,0.93023324012756348,2.7214772701263428),(4.4420671463012695,0.94461840391159058,2.7235431671142578),(4.4658489227294922,0.97359657287597656,2.6365327835083008),(4.4505109786987305,0.94940102100372314,2.7028546333312988),(4.4475197792053223,0.9512627124786377,2.7244970798492432),(4.4623456001281738,0.96932816505432129,2.71771240234375),(4.1263456344604492,1.1165478229522705,1.6449794769287109),(4.2449002265930176,1.1043021678924561,1.9547014236450195),(4.2944698333740234,1.0734490156173706,2.3133738040924072),(4.3607392311096191,1.3500000238418579,1.7892608642578125),(4.4324092864990234,1.3057054281234741,2.1402006149291992),(4.2944698333740234,1.0734490156173706,2.5),(4.3356304168701172,1.1286687850952148,2.5),(4.4123802185058594,1.2221884727478027,2.5),(4.4302239418029785,1.2555720806121826,2.5),(4.4564967155456543,1.290818452835083,2.5),(4.4952564239501953,1.009429931640625,2.5),(4.4893760681152344,1.0022648572921753,2.6631793975830078),(4.4952564239501953,1.009429931640625,2.6513159275054932),(4.6004447937011719,1.2018537521362305,2.1089138984680176),(4.5225424766540527,1.25,1.7274575233459473),(4.5786738395690918,1.1110744476318359,2.5),(4.5980682373046875,1.1473588943481445,2.5),(4.5980682373046875,1.1473588943481445,2.5328946113586426),(4.6266269683837891,1.1856721639633179,2.5),(4.6205534934997559,1.1894257068634033,2.5907187461853027),(4.6637988090515137,1.2703315019607544,2.6072261333465576),(4.2204775810241699,1.4366865158081055,1.0305368900299072),(4.2432513236999512,1.4226113557815552,1.4558218717575073),(4.3019390106201172,1.703848123550415,1.3129203319549561),(4.4586291313171387,1.6346174478530884,1.2096959352493286),(4.2557744979858398,1.75998854637146,0.88147026300430298),(4.3230934143066406,2.010047435760498,1.1861212253570557),(4.609778881072998,1.5409656763076782,1.5624035596847534),(4.4816231727600098,1.9674428701400757,1.0718708038330078),(4.4841375350952148,1.9022486209869385,1.502056360244751),(4.6566710472106934,1.8502702713012695,1.4152785539627075),(4.4409961700439453,1.6176884174346924,1.6374112367630005),(4.5493149757385254,1.6117689609527588,1.9510430097579956),(4.5998597145080566,1.5809037685394287,2.3106558322906494),(4.7275161743164062,1.5345315933227539,1.9033076763153076),(4.7824563980102539,1.500982403755188,2.2941911220550537),(4.5476489067077637,1.475258469581604,2.5),(4.5998597145080566,1.5809037685394287,2.5),(4.6249227523803711,1.6198281049728394,2.5),(4.7257065773010254,1.3861525058746338,2.5),(4.725705623626709,1.3861509561538696,2.5),(4.725705623626709,1.3861509561538696,2.6308562755584717),(4.7824563980102539,1.500982403755188,2.5),(4.8096990585327148,1.543291449546814,2.5),(4.6073617935180664,1.892609715461731,1.8071045875549316),(4.7906103134155273,1.8397930860519409,1.7468527555465698),(4.6874299049377441,1.8954092264175415,2.1263422966003418),(4.6642603874206543,1.7495075464248657,2.5),(4.7168807983398438,1.887269139289856,2.5),(4.7324090003967285,1.9741624593734741,2.5),(4.7558059692382812,2.0512921810150146,2.5),(4.2551159858703613,2.098444938659668,0.76554882526397705),(4.3028388023376465,2.3135015964508057,1.0840233564376831),(4.4596076011657715,2.2972843647003174,0.96089494228363037),(4.2782044410705566,2.5,0.74273240566253662),(4.1359481811523438,2.5,0.88331383466720581),(4.4564967155456543,2.5,1.290818452835083),(4.3028388023376465,2.6864984035491943,1.0840233564376831),(4.4596076011657715,2.7027156352996826,0.96089494228363037),(4.4893374443054199,2.1982390880584717,1.3857842683792114),(4.6623234748840332,2.1719989776611328,1.288895845413208),(4.6266269683837891,2.5,1.1856721639633179),(4.7876086235046387,2.5,1.4916115999221802),(4.6259007453918457,2.1971926689147949,1.6760737895965576),(4.8107614517211914,2.1708614826202393,1.6044280529022217),(4.7227029800415039,2.1945772171020508,1.9937307834625244),(4.7716832160949707,2.1939363479614258,2.3108422756195068),(4.767611026763916,2.1711475849151611,2.5),(4.7716832160949707,2.1939363479614258,2.5),(4.6045999526977539,2.5,1.5722826719284058),(4.7124581336975098,2.5,1.871487021446228),(4.7780094146728516,2.5,2.1827099323272705),(4.8000001907348633,2.5,2.5),(4.8524584770202637,1.6842503547668457,2.5),(4.8568234443664551,1.6986401081085205,2.5034329891204834),(4.8524584770202637,1.6842503547668457,2.5925431251525879),(4.8776412010192871,1.8428361415863037,2.0938503742218018),(4.9096531867980957,1.8339881896972656,2.5),(4.8987917900085449,1.8369902372360229,2.6378054618835449),(4.9265308380126953,1.9284337759017944,2.5),(4.9164004325866699,1.8950387239456177,2.5873079299926758),(4.9265308380126953,1.9284337759017944,2.558255672454834),(4.9519634246826172,2.0122742652893066,2.5),(4.9159812927246094,2.1680188179016113,1.9497073888778687),(4.9692206382751465,2.1673221588134766,2.29439377784729),(4.9647951126098633,2.1425580978393555,2.5),(4.9647951126098633,2.1425580978393555,2.6903312206268311),(4.9661693572998047,2.1565115451812744,2.7122876644134521),(4.9692206382751465,2.1673221588134766,2.70560622215271),(4.9665017127990723,2.1598832607269287,2.7142055034637451),(4.9672369956970215,2.1673481464385986,2.7184500694274902),(4.968379020690918,2.1789467334747314,2.7174687385559082),(4.9697480201721191,2.1928443908691406,2.7162911891937256),(4.9048457145690918,2.5,1.8168337345123291),(4.9760971069335938,2.5,2.1551194190979004),(5.,2.5,2.5),(5.,2.5,2.5),(5.,2.5,2.5),(2.7768113613128662,0.027263548225164413,9.8374061584472656),(2.8789589405059814,0.037324201315641403,9.9045505523681641),(2.8967170715332031,0.039073225110769272,9.9162235260009766),(2.8448805809020996,0.023902794346213341,10.),(2.8172900676727295,0.22199057042598724,10.),(2.8998684883117676,0.23938359320163727,10.),(2.9320113658905029,0.042549401521682739,9.9941930770874023),(2.9346396923065186,0.042808279395103455,10.),(2.9877257347106934,0.04803679883480072,10.),(3.0519254207611084,0.067511528730392456,10.),(2.9487078189849854,0.24419385194778442,10.),(3.0077714920043945,0.26211065053939819,10.),(2.9061496257781982,0.12235870957374573,10.657163619995117),(2.8736577033996582,0.3125700056552887,10.60459041595459),(3.0502924919128418,0.084018506109714508,10.331981658935547),(3.0062692165374756,0.27729701995849609,10.305422782897949),(3.0489568710327148,0.45068499445915222,10.88823127746582),(3.095327615737915,0.08067747950553894,9.92071533203125),(3.127737283706665,0.090508848428726196,9.8615121841430664),(3.1831662654876709,0.095154106616973877,10.),(3.1285130977630615,0.28754177689552307,10.),(3.2703356742858887,0.1337655782699585,9.8649234771728516),(3.3961420059204102,0.17192851006984711,10.),(3.2531471252441406,0.20938956737518311,10.66020679473877),(3.3955719470977783,0.18923850357532501,10.32913875579834),(3.3244519233703613,0.35817462205886841,10.),(3.3801717758178711,0.37507706880569458,10.),(3.3984661102294922,0.38485553860664368,10.),(3.4277172088623047,0.39540013670921326,10.),(3.1928954124450684,0.39263838529586792,10.607390403747559),(3.3239262104034424,0.37409943342208862,10.302807807922363),(3.36258864402771,0.55900359153747559,10.882311820983887),(2.8910861015319824,0.39955529570579529,11.29814624786377),(2.8597993850708008,0.56759089231491089,11.194294929504395),(3.0927157402038574,0.60336923599243164,11.517063140869141),(3.0966923236846924,0.27248367667198181,10.965468406677246),(3.2107391357421875,0.63926088809967041,11.149999618530273),(3.2725424766540527,0.47745752334594727,11.25),(2.8694307804107666,0.90430492162704468,11.614706993103027),(3.0452985763549805,0.75509971380233765,11.395697593688965),(2.901555061340332,0.76554882526397705,11.75511646270752),(2.8280010223388672,1.288895845413208,12.162322998046875),(2.989952564239502,1.1861212253570557,11.823093414306641),(3.0325572490692139,1.0718708038330078,11.981622695922852),(3.1808104515075684,1.0109525918960571,11.615312576293945),(3.4293701648712158,0.73223304748535156,11.503752708435059),(3.3550205230712891,0.87365442514419556,11.383452415466309),(3.24001145362854,0.88147026300430298,11.75577449798584),(3.296151876449585,1.3129203319549561,11.801939010620117),(3.3653824329376221,1.2096959352493286,11.958629608154297),(3.4915850162506104,0.2089429646730423,9.9509773254394531),(3.4567086696624756,0.19030116498470306,10.),(3.4765942096710205,0.2009301632642746,10.),(3.5083882808685303,0.2123914510011673,10.),(3.5746347904205322,0.25333395600318909,9.8928108215332031),(3.6746218204498291,0.30677822232246399,9.8781490325927734),(3.5847213268280029,0.3433288037776947,10.64972972869873),(3.711104154586792,0.33767667412757874,10.328001022338867),(3.7715096473693848,0.35856586694717407,9.8639430999755859),(3.709181547164917,0.54350316524505615,10.),(3.7448270320892334,0.56998932361602783,10.),(3.7778115272521973,0.58761990070343018,10.),(3.497943639755249,0.51586252450942993,10.597751617431641),(3.6142158508300781,0.51066255569458008,10.301760673522949),(3.8071074485778809,0.37759333848953247,9.9080734252929688),(3.8143277168273926,0.37337297201156616,10.),(3.8530728816986084,0.40216225385665894,9.965057373046875),(3.8530728816986084,0.40216225385665894,10.),(3.8530731201171875,0.40216249227523804,10.),(3.8889255523681641,0.42132598161697388,10.),(3.8664095401763916,0.66033047437667847,10.),(3.9852299690246582,0.50036090612411499,9.8458709716796875),(3.9929702281951904,0.50671321153640747,9.8327188491821289),(3.9852299690246582,0.50036090612411499,10.),(4.0184650421142578,0.52763611078262329,9.7894001007080078),(4.032383918762207,0.53905904293060303,9.7773075103759766),(4.0391049385070801,0.54039239883422852,9.7972841262817383),(4.0576009750366211,0.55975425243377686,9.7784576416015625),(4.0985589027404785,0.59336757659912109,9.820526123046875),(4.1245074272155762,0.61466312408447266,9.8755130767822266),(3.8138787746429443,0.6769067645072937,10.48995304107666),(3.9281291961669922,0.51837694644927979,10.532557487487793),(3.7903039455413818,0.54137074947357178,10.865382194519043),(4.0391049385070801,0.54039239883422852,10.202715873718262),(3.437596321105957,0.39022132754325867,10.959033966064453),(3.6349761486053467,0.60516142845153809,11.171074867248535),(3.6870796680450439,0.69806110858917236,10.796152114868164),(3.9159767627716064,0.69716101884841919,10.),(4.1166863441467285,0.86405199766159058,10.),(4.1213769912719727,0.86957681179046631,10.),(3.9159767627716064,0.69716101884841919,10.186498641967773),(4.1185297966003418,0.74422538280487061,10.740011215209961),(4.0956950187683105,0.88529318571090698,10.369430541992188),(3.9890472888946533,0.88468736410140991,10.680810928344727),(3.5441782474517822,0.75674855709075928,11.077388763427734),(3.6807634830474854,1.0128710269927979,11.297784805297852),(3.5633134841918945,1.0305368900299072,11.720477104187012),(3.4782483577728271,1.1480939388275146,11.582839012145996),(3.6710746288299561,1.3650237321853638,11.894838333129883),(3.8519060611724854,0.91716080904006958,10.978248596191406),(3.7834386825561523,0.88355553150177002,11.410635948181152),(3.9694631099700928,0.7795225977897644,11.063313484191895),(3.7977848052978516,1.3192365169525146,11.487129211425781),(3.9106354713439941,1.2165614366531372,11.61644458770752),(3.9871289730072021,1.202215313911438,11.180763244628906),(4.1164445877075195,1.0893645286560059,11.283438682556152),(2.8017609119415283,1.3857842683792114,11.989337921142578),(2.8291385173797607,1.6044280529022217,12.310761451721191),(2.8028073310852051,1.6760737895965576,12.125900268554688),(2.8319811820983887,1.9497073888778687,12.415981292724609),(2.8054227828979492,1.9937307834625244,12.222702980041504),(3.0977513790130615,1.502056360244751,11.984137535095215),(3.1497297286987305,1.4152785539627075,12.156671524047852),(3.3823115825653076,1.6374112367630005,11.940996170043945),(3.1073904037475586,1.8071045875549316,12.107361793518066),(3.1602067947387695,1.7468527555465698,12.290610313415527),(3.3882310390472412,1.9510430097579956,12.049315452575684),(2.8060636520385742,2.3108422756195068,12.271682739257812),(2.8326778411865234,2.29439377784729,12.469221115112305),(2.8060636520385742,2.6891577243804932,12.271682739257812),(2.8326778411865234,2.70560622215271,12.469221115112305),(3.104590892791748,2.1263422966003418,12.187430381774902),(3.1571638584136963,2.0938503742218018,12.377641677856445),(3.4190962314605713,2.3106558322906494,12.099860191345215),(3.1127307415008545,2.5,12.216880798339844),(3.1660118103027344,2.5,12.409652709960938),(3.4190962314605713,2.6893441677093506,12.099860191345215),(3.5773887634277344,1.4558218717575073,11.743251800537109),(3.4590344429016113,1.5624035596847534,12.10977840423584),(3.4654684066772461,1.9033076763153076,12.227516174316406),(3.6500000953674316,1.7892608642578125,11.860738754272461),(3.75,1.7274575233459473,12.022542953491211),(3.8834521770477295,1.6449794769287109,11.626345634460449),(4.0828390121459961,1.5217515230178833,11.351905822753906),(4.0037522315979004,1.5706299543380737,11.767766952514648),(4.1153125762939453,1.8191894292831421,11.489047050476074),(3.8956978321075439,1.9547014236450195,11.744900703430176),(4.0170626640319824,1.907284140586853,11.89663028717041),(3.4990177154541016,2.2941911220550537,12.282456398010254),(3.6942944526672363,2.1402006149291992,11.932409286499023),(3.4990177154541016,2.7058088779449463,12.282456398010254),(3.709181547164917,2.5,11.956497192382812),(4.1147069931030273,2.1305692195892334,11.595695495605469),(3.7981462478637695,2.1089138984680176,12.100444793701172),(3.9265511035919189,2.3133738040924072,11.794469833374023),(4.0505990982055664,2.2971453666687012,11.95051097869873),(3.8143277168273926,2.5,12.126626968383789),(3.9265511035919189,2.6866261959075928,11.794469833374023),(4.0505990982055664,2.7028546333312988,11.95051097869873),(4.1300287246704102,0.61919426918029785,9.8668050765991211),(4.2562627792358398,0.72279179096221924,9.9825057983398438),(4.2562737464904785,0.72280091047286987,9.9825172424316406),(4.2572674751281738,0.72179567813873291,10.),(4.2623653411865234,0.72779989242553711,9.9946489334106445),(4.2623653411865234,0.72779989242553711,10.),(4.2677669525146484,0.73223304748535156,10.),(4.1263456344604492,0.87365442514419556,10.),(4.1699633598327637,0.92680251598358154,10.),(4.3151822090148926,0.7900087833404541,9.9392051696777344),(4.3585209846496582,0.84281718730926514,9.8786916732788086),(4.3151822090148926,0.7900087833404541,10.),(4.4302616119384766,0.93023324012756348,9.7785234451293945),(4.4420671463012695,0.94461840391159058,9.7764577865600586),(4.4475197792053223,0.9512627124786377,9.7755031585693359),(4.4505109786987305,0.94940102100372314,9.7971458435058594),(4.4623456001281738,0.96932816505432129,9.78228759765625),(4.4658489227294922,0.97359657287597656,9.8634672164916992),(4.2344512939453125,0.74488389492034912,10.401555061340332),(4.2677669525146484,0.99624758958816528,10.929369926452637),(4.4505109786987305,0.94940102100372314,10.202854156494141),(4.3966307640075684,0.98293709754943848,10.592716217041016),(4.2944698333740234,1.0734490156173706,10.),(4.3356304168701172,1.1286687850952148,10.),(4.4123802185058594,1.2221884727478027,10.),(4.4302239418029785,1.2555720806121826,10.),(4.4564967155456543,1.290818452835083,10.),(4.2944698333740234,1.0734490156173706,10.186626434326172),(4.2449002265930176,1.1043021678924561,10.54529857635498),(4.1263456344604492,1.1165478229522705,10.855020523071289),(4.4324092864990234,1.3057054281234741,10.359799385070801),(4.3607392311096191,1.3500000238418579,10.710739135742188),(4.4893760681152344,1.0022648572921753,9.8368206024169922),(4.4952564239501953,1.009429931640625,9.8486843109130859),(4.4952569007873535,1.0094302892684937,10.),(4.4952564239501953,1.009429931640625,10.),(4.5786738395690918,1.1110744476318359,10.),(4.6205534934997559,1.1894257068634033,9.9092817306518555),(4.5980682373046875,1.1473588943481445,9.9671058654785156),(4.5980682373046875,1.1473588943481445,10.),(4.6266269683837891,1.1856721639633179,10.),(4.6637988090515137,1.2703315019607544,9.8927736282348633),(4.6637988090515137,1.2703315019607544,9.9465904235839844),(4.6004447937011719,1.2018537521362305,10.391086578369141),(4.5225424766540527,1.25,10.772542953491211),(4.3948383331298828,1.3289253711700439,11.134976387023926),(4.9734354019165039,2.2302839756011963,8.94635009765625),(4.9732551574707031,2.2284524440765381,8.9649457931518555),(4.9729151725769043,2.2249999046325684,9.),(4.9732551574707031,2.2284524440765381,9.0350542068481445),(4.9734354019165039,2.2302839756011963,9.05364990234375),(4.9774794578552246,2.271345853805542,8.8472185134887695),(4.9749765396118164,2.2459330558776855,8.8947620391845703),(4.9808478355407715,2.3055455684661865,8.8055458068847656),(4.9749765396118164,2.2459330558776855,9.1052379608154297),(4.9774794578552246,2.271345853805542,9.1527814865112305),(4.9792819023132324,2.2896454334259033,9.0351905822753906),(4.9792819023132324,2.2896454334259033,9.113011360168457),(4.9808478355407715,2.3055455684661865,9.1944541931152344),(4.9836521148681641,2.3340182304382324,9.2125692367553711),(4.9840035438537598,2.3375849723815918,9.2190208435058594),(4.9843816757202148,2.3414211273193359,8.7761039733886719),(4.984952449798584,2.3472182750701904,8.7713460922241211),(4.9869208335876465,2.3672058582305908,8.7606630325317383),(4.9896349906921387,2.3947620391845703,8.7459335327148438),(4.9906420707702637,2.4049868583679199,8.7428312301635742),(4.9906420707702637,2.4049868583679199,8.8497486114501953),(4.9857292175292969,2.3551058769226074,9.0990104675292969),(4.9869966506958008,2.3679740428924561,9.0804996490478516),(4.9881420135498047,2.3796052932739258,9.0496883392333984),(4.9843816757202148,2.3414211273193359,9.2238960266113281),(4.984952449798584,2.3472182750701904,9.2286539077758789),(4.9869208335876465,2.3672058582305908,9.2393369674682617),(4.9896349906921387,2.3947620391845703,9.2540664672851562),(4.9906420707702637,2.4049868583679199,9.2571687698364258),(4.9840831756591797,2.6616067886352539,8.7785882949829102),(4.9841046333312988,2.6613881587982178,8.8587274551391602),(4.9830131530761719,2.6724696159362793,8.8362483978271484),(4.9835386276245117,2.6671340465545654,8.8434991836547852),(4.9808478355407715,2.6944544315338135,8.8055458068847656),(4.9774794578552246,2.728654146194458,8.8472185134887695),(4.9795923233032227,2.7072014808654785,8.9027271270751953),(4.9763579368591309,2.7400434017181396,8.9156074523925781),(4.9842023849487305,2.6603958606719971,9.2224054336547852),(4.9774794578552246,2.728654146194458,9.1527814865112305),(4.9808478355407715,2.6944544315338135,9.1944541931152344),(4.9947161674499512,2.44635009765625,8.7302837371826172),(5.,2.5,8.7250003814697266),(4.9947161674499512,2.55364990234375,8.7302837371826172),(4.9929156303405762,2.5719282627105713,8.8939228057861328),(4.9932703971862793,2.568328857421875,8.9492721557617188),(4.9947161674499512,2.44635009765625,9.2697162628173828),(4.9950461387634277,2.550295352935791,9.0221481323242188),(4.9954209327697754,2.5464909076690674,9.0040979385375977),(4.9960575103759766,2.5400278568267822,9.0508041381835938),(4.9956026077270508,2.5446484088897705,9.050537109375),(4.9960322380065918,2.5402843952178955,9.0724763870239258),(4.9958786964416504,2.5418465137481689,9.0646238327026367),(4.9962882995605469,2.5376863479614258,9.1063261032104492),(4.9958395957946777,2.5422420501708984,9.0951156616210938),(5.,2.5,9.2749996185302734),(5.,2.5,9.2749996185302734),(4.9947161674499512,2.55364990234375,9.2697162628173828),(4.9902334213256836,2.5991611480712891,8.7440900802612305),(4.9896349906921387,2.6052379608154297,8.7459335327148438),(4.9879970550537109,2.6218671798706055,8.75482177734375),(4.984952449798584,2.6527817249298096,8.7713460922241211),(4.9902563095092773,2.5989313125610352,8.809967041015625),(4.9877157211303711,2.6247265338897705,9.0561943054199219),(4.9904093742370605,2.5973737239837646,9.2564525604248047),(4.9896349906921387,2.6052379608154297,9.2540664672851562),(4.9875411987304688,2.6264963150024414,9.2427034378051758),(4.984952449798584,2.6527817249298096,9.2286539077758789),(5.5,2.2302839756011963,8.94635009765625),(5.5,2.2249999046325684,9.),(5.5,2.2302839756011963,9.05364990234375),(5.5,2.271345853805542,8.8472185134887695),(5.5,2.2459330558776855,8.8947620391845703),(5.5,2.3055455684661865,8.8055458068847656),(5.5,2.3472182750701904,8.7713460922241211),(5.5,2.3947620391845703,8.7459335327148438),(5.5,2.2459330558776855,9.1052379608154297),(5.5,2.271345853805542,9.1527814865112305),(5.5,2.3055455684661865,9.1944541931152344),(5.5,2.3472182750701904,9.2286539077758789),(5.5,2.3947620391845703,9.2540664672851562),(5.5,2.44635009765625,8.7302837371826172),(5.5,2.5,8.7250003814697266),(5.5,2.55364990234375,8.7302837371826172),(5.5,2.44635009765625,9.2697162628173828),(5.5,2.5,9.),(5.5,2.5,9.2749996185302734),(5.5,2.55364990234375,9.2697162628173828),(5.5,2.6052379608154297,8.7459335327148438),(5.5,2.6527817249298096,8.7713460922241211),(5.5,2.6944544315338135,8.8055458068847656),(5.5,2.728654146194458,8.8472185134887695),(5.5,2.6052379608154297,9.2540664672851562),(5.5,2.6527817249298096,9.2286539077758789),(5.5,2.728654146194458,9.1527814865112305),(5.5,2.6944544315338135,9.1944541931152344),(4.4409961700439453,1.6176884174346924,10.862588882446289),(4.5476489067077637,1.475258469581604,10.),(4.5998597145080566,1.5809037685394287,10.),(4.6249227523803711,1.6198281049728394,10.),(4.725705623626709,1.3861509561538696,9.8691434860229492),(4.7257065773010254,1.3861525058746338,10.),(4.725705623626709,1.3861509561538696,10.),(4.7824563980102539,1.500982403755188,10.),(4.8096990585327148,1.543291449546814,10.),(4.5998597145080566,1.5809037685394287,10.18934440612793),(4.5493149757385254,1.6117689609527588,10.548956871032715),(4.7824563980102539,1.500982403755188,10.205808639526367),(4.7275161743164062,1.5345315933227539,10.596692085266113),(4.6642603874206543,1.7495075464248657,10.),(4.7168807983398438,1.887269139289856,10.),(4.7324090003967285,1.9741624593734741,10.),(4.7558059692382812,2.0512921810150146,10.),(4.6073617935180664,1.892609715461731,10.692895889282227),(4.7906103134155273,1.8397930860519409,10.753147125244141),(4.6874299049377441,1.8954092264175415,10.3736572265625),(4.2432513236999512,1.4226113557815552,11.044178009033203),(4.2204775810241699,1.4366865158081055,11.469463348388672),(4.3019390106201172,1.703848123550415,11.187079429626465),(4.4586291313171387,1.6346174478530884,11.290304183959961),(4.2557744979858398,1.75998854637146,11.618529319763184),(4.3230934143066406,2.010047435760498,11.313879013061523),(4.609778881072998,1.5409656763076782,10.937596321105957),(4.4841375350952148,1.9022486209869385,10.997943878173828),(4.4816231727600098,1.9674428701400757,11.428129196166992),(4.6566710472106934,1.8502702713012695,11.084721565246582),(4.767611026763916,2.1711475849151611,10.),(4.7716832160949707,2.1939363479614258,10.),(4.6259007453918457,2.1971926689147949,10.823925971984863),(4.7227029800415039,2.1945772171020508,10.506269454956055),(4.7716832160949707,2.1939363479614258,10.189157485961914),(4.8107614517211914,2.1708614826202393,10.895571708679199),(4.8000001907348633,2.5,10.),(4.6045999526977539,2.5,10.927717208862305),(4.7780094146728516,2.5,10.317290306091309),(4.7124581336975098,2.5,10.628513336181641),(4.3028388023376465,2.3135015964508057,11.415976524353027),(4.4596076011657715,2.2972843647003174,11.539105415344238),(4.2551159858703613,2.098444938659668,11.734451293945312),(4.1359481811523438,2.5,11.61668586730957),(4.4564967155456543,2.5,11.209181785583496),(4.3028388023376465,2.6864984035491943,11.415976524353027),(4.4596076011657715,2.7027156352996826,11.539105415344238),(4.2782044410705566,2.5,11.757267951965332),(4.4893374443054199,2.1982390880584717,11.114215850830078),(4.6623234748840332,2.1719989776611328,11.211104393005371),(4.6266269683837891,2.5,11.314328193664551),(4.7876086235046387,2.5,11.008388519287109),(4.8524584770202637,1.6842503547668457,9.9074573516845703),(4.8524584770202637,1.6842503547668457,10.),(4.8568234443664551,1.6986401081085205,9.9965667724609375),(4.8987917900085449,1.8369902372360229,9.8621940612792969),(4.9096531867980957,1.8339881896972656,10.),(4.9164004325866699,1.8950387239456177,9.9126920700073242),(4.9265308380126953,1.9284337759017944,9.9417448043823242),(4.9265308380126953,1.9284337759017944,10.),(4.9519634246826172,2.0122742652893066,10.),(4.8776412010192871,1.8428361415863037,10.406149864196777),(4.9647951126098633,2.1425580978393555,9.8096685409545898),(4.9647951126098633,2.1425580978393555,10.),(4.9661693572998047,2.1565115451812744,9.7877120971679688),(4.9665017127990723,2.1598832607269287,9.7857942581176758),(4.9672369956970215,2.1673481464385986,9.7815494537353516),(4.9692206382751465,2.1673221588134766,9.7943935394287109),(4.968379020690918,2.1789467334747314,9.7825307846069336),(4.9697480201721191,2.1928443908691406,9.7837085723876953),(4.9692206382751465,2.1673221588134766,10.205606460571289),(4.9159812927246094,2.1680188179016113,10.55029296875),(5.,2.5,10.),(5.,2.5,10.),(5.,2.5,10.),(4.9760971069335938,2.5,10.344881057739258),(4.9048457145690918,2.5,10.68316650390625),(2.8054227828979492,3.0062692165374756,0.27729701995849609),(2.8319811820983887,3.0502924919128418,0.084018506109714508),(2.8028073310852051,3.3239262104034424,0.37409943342208862),(2.8291385173797607,3.3955719470977783,0.18923850357532501),(3.1571638584136963,2.9061496257781982,0.12235870957374573),(3.104590892791748,2.8736577033996582,0.3125700056552887),(3.3882310390472412,3.0489568710327148,0.45068499445915222),(3.1602067947387695,3.2531471252441406,0.20938956737518311),(3.1073904037475586,3.1928954124450684,0.39263838529586792),(3.3823115825653076,3.36258864402771,0.55900359153747559),(2.8280010223388672,3.711104154586792,0.33767667412757874),(2.8017609119415283,3.6142158508300781,0.51066255569458008),(2.989952564239502,3.8138787746429443,0.6769067645072937),(3.0325572490692139,3.9281291961669922,0.51837694644927979),(2.8694307804107666,4.0956950187683105,0.88529318571090698),(3.1497297286987305,3.5847213268280029,0.3433288037776947),(3.0977513790130615,3.497943639755249,0.51586252450942993),(3.296151876449585,3.6870796680450439,0.69806110858917236),(3.24001145362854,4.1185297966003418,0.74422538280487061),(3.3653824329376221,3.7903039455413818,0.54137074947357178),(3.1808104515075684,3.9890472888946533,0.88468736410140991),(3.6942944526672363,2.8597993850708008,0.56759089231491089),(3.4654684066772461,3.0966923236846924,0.27248367667198181),(3.6500000953674316,3.2107391357421875,0.63926088809967041),(3.75,3.2725424766540527,0.47745752334594727),(3.7981462478637695,2.8910861015319824,0.39955529570579529),(3.8956978321075439,3.0452985763549805,0.75509971380233765),(4.0170626640319824,3.0927157402038574,0.60336923599243164),(4.1147069931030273,2.8694307804107666,0.90430492162704468),(4.0037522315979004,3.4293701648712158,0.73223304748535156),(3.8834521770477295,3.3550205230712891,0.87365442514419556),(4.1153125762939453,3.1808104515075684,1.0109525918960571),(3.4590344429016113,3.437596321105957,0.39022132754325867),(3.5773887634277344,3.5441782474517822,0.75674855709075928),(3.6710746288299561,3.6349761486053467,0.60516142845153809),(3.5633134841918945,3.9694631099700928,0.7795225977897644),(3.4782483577728271,3.8519060611724854,0.91716080904006958),(3.6807634830474854,3.9871289730072021,1.202215313911438),(3.7977848052978516,3.6807634830474854,1.0128710269927979),(4.0828390121459961,3.4782483577728271,1.1480939388275146),(3.9106354713439941,3.7834386825561523,0.88355553150177002),(3.7834386825561523,4.1164445877075195,1.0893645286560059),(3.8519060611724854,4.0828390121459961,1.5217515230178833),(3.9871289730072021,3.7977848052978516,1.3192365169525146),(4.1164445877075195,3.9106354713439941,1.2165614366531372),(3.9890472888946533,4.1153125762939453,1.8191894292831421),(4.0956950187683105,4.1147069931030273,2.1305692195892334),(2.901555061340332,4.2344512939453125,0.74488389492034912),(2.8597993850708008,4.4324092864990234,1.3057054281234741),(3.0452985763549805,4.2449002265930176,1.1043021678924561),(3.0927157402038574,4.3966307640075684,0.98293709754943848),(2.8910861015319824,4.6004447937011719,1.2018537521362305),(3.2107391357421875,4.3607392311096191,1.3500000238418579),(3.3550205230712891,4.1263456344604492,1.1165478229522705),(3.4293701648712158,4.2677669525146484,0.99624758958816528),(3.0966923236846924,4.7275161743164062,1.5345315933227539),(3.2725424766540527,4.5225424766540527,1.25),(2.8736577033996582,4.6874299049377441,1.8954092264175415),(3.0489568710327148,4.5493149757385254,1.6117689609527588),(3.0062692165374756,4.7227029800415039,2.1945772171020508),(2.8172900676727295,4.7780094146728516,2.5),(2.8998692035675049,4.7606163024902344,2.5),(2.9487078189849854,4.7558059692382812,2.5),(3.007770299911499,4.7378897666931152,2.5),(3.36258864402771,4.4409961700439453,1.6176884174346924),(3.1928954124450684,4.6073617935180664,1.892609715461731),(3.2531471252441406,4.7906103134155273,1.8397930860519409),(3.3239262104034424,4.6259007453918457,2.1971926689147949),(3.3955719470977783,4.8107614517211914,2.1708614826202393),(3.1285130977630615,4.7124581336975098,2.5),(3.3801717758178711,4.6249227523803711,2.5),(3.3984646797180176,4.615145206451416,2.5),(3.4277172088623047,4.6045999526977539,2.5),(3.3244554996490479,4.6418242454528809,2.5),(2.9061496257781982,4.8776412010192871,1.8428361415863037),(3.0502924919128418,4.9159812927246094,2.1680188179016113),(2.7768135070800781,4.9727363586425781,2.6625881195068359),(2.8448805809020996,4.9760971069335938,2.5),(2.8967149257659912,4.9609270095825195,2.583773136138916),(2.9093828201293945,4.9596796035766602,2.5557901859283447),(2.9346387386322021,4.9571919441223145,2.5),(2.9346368312835693,4.9571924209594727,2.5),(2.9877257347106934,4.9519634246826172,2.5),(3.0519294738769531,4.9324874877929688,2.5),(3.1277403831481934,4.9094905853271484,2.6384801864624023),(3.1831662654876709,4.9048457145690918,2.5),(3.2703330516815186,4.8662352561950684,2.6350715160369873),(3.3137137889862061,4.8530759811401367,2.588496208190918),(3.3961403369903564,4.8280720710754395,2.5),(3.3961381912231445,4.8280730247497559,2.5),(3.5441782474517822,4.2432513236999512,1.4226113557815552),(3.6349761486053467,4.3948383331298828,1.3289253711700439),(3.437596321105957,4.609778881072998,1.5409656763076782),(3.9694631099700928,4.2204775810241699,1.4366865158081055),(3.6870796680450439,4.3019390106201172,1.703848123550415),(3.709181547164917,4.4564967155456543,2.5),(3.7778115272521973,4.4123802185058594,2.5),(3.744826078414917,4.4300112724304199,2.5),(3.497943639755249,4.4841375350952148,1.9022486209869385),(3.5847213268280029,4.6566710472106934,1.8502702713012695),(3.6142158508300781,4.4893374443054199,2.1982390880584717),(3.711104154586792,4.6623234748840332,2.1719989776611328),(3.4567086696624756,4.8096990585327148,2.5),(3.4765961170196533,4.7990689277648926,2.5),(3.4855170249938965,4.7943005561828613,2.5291767120361328),(3.5083882808685303,4.7876086235046387,2.5),(3.4915854930877686,4.7910571098327637,2.5490219593048096),(3.5746345520019531,4.746666431427002,2.6071887016296387),(3.6823093891143799,4.689112663269043,2.5),(3.6590182781219482,4.7015619277954102,2.6195633411407471),(3.7715103626251221,4.6414337158203125,2.6360552310943604),(3.7903039455413818,4.4586291313171387,1.6346174478530884),(3.8138787746429443,4.3230934143066406,2.010047435760498),(3.9159767627716064,4.3028388023376465,2.3135015964508057),(4.1185297966003418,4.2557744979858398,1.75998854637146),(4.0391049385070801,4.4596076011657715,2.2972843647003174),(3.8664131164550781,4.3396668434143066,2.5),(3.9159767627716064,4.3028388023376465,2.5),(4.1213774681091309,4.1304230690002441,2.5),(4.1166863441467285,4.1359481811523438,2.5),(4.032383918762207,4.4609408378601074,2.7226917743682861),(4.0576014518737793,4.4402451515197754,2.7215423583984375),(4.0391049385070801,4.4596076011657715,2.7027156352996826),(3.9281291961669922,4.4816231727600098,1.9674428701400757),(3.8143277168273926,4.6266269683837891,2.5),(3.8530733585357666,4.5978374481201172,2.5),(3.8530740737915039,4.597836971282959,2.5),(3.8530733585357666,4.5978374481201172,2.534942626953125),(3.8212881088256836,4.6148266792297363,2.5743474960327148),(3.8889255523681641,4.5786738395690918,2.5),(3.9852278232574463,4.499640941619873,2.5),(3.9852242469787598,4.4996438026428223,2.5),(3.9852278232574463,4.499640941619873,2.5),(3.9852278232574463,4.499640941619873,2.6541264057159424),(4.0184640884399414,4.4723644256591797,2.7105996608734131),(4.0205545425415039,4.4706487655639648,2.7124159336090088),(4.2551159858703613,2.901555061340332,0.76554882526397705),(4.3230934143066406,2.989952564239502,1.1861212253570557),(4.2557744979858398,3.24001145362854,0.88147026300430298),(4.3019390106201172,3.296151876449585,1.3129203319549561),(4.4586291313171387,3.3653824329376221,1.2096959352493286),(4.4893374443054199,2.8017609119415283,1.3857842683792114),(4.4816231727600098,3.0325572490692139,1.0718708038330078),(4.6623234748840332,2.8280010223388672,1.288895845413208),(4.4841375350952148,3.0977513790130615,1.502056360244751),(4.6566710472106934,3.1497297286987305,1.4152785539627075),(4.4409961700439453,3.3823115825653076,1.6374112367630005),(4.6259007453918457,2.8028073310852051,1.6760737895965576),(4.8107614517211914,2.8291385173797607,1.6044280529022217),(4.7227029800415039,2.8054227828979492,1.9937307834625244),(4.7716832160949707,2.8060636520385742,2.3108422756195068),(4.767611026763916,2.8288524150848389,2.5),(4.7716832160949707,2.8060636520385742,2.5),(4.7558059692382812,2.9487078189849854,2.5),(4.7324090003967285,3.0258376598358154,2.5),(4.6073617935180664,3.1073904037475586,1.8071045875549316),(4.5493149757385254,3.3882310390472412,1.9510430097579956),(4.5998597145080566,3.4190962314605713,2.3106558322906494),(4.7906103134155273,3.1602067947387695,1.7468527555465698),(4.6874299049377441,3.104590892791748,2.1263422966003418),(4.6249227523803711,3.3801717758178711,2.5),(4.5998597145080566,3.4190962314605713,2.5),(4.7168807983398438,3.1127307415008545,2.5),(4.6642603874206543,3.2504923343658447,2.5),(4.2204775810241699,3.5633134841918945,1.0305368900299072),(4.2432513236999512,3.5773887634277344,1.4558218717575073),(4.3948383331298828,3.6710746288299561,1.3650237321853638),(4.609778881072998,3.4590344429016113,1.5624035596847534),(4.3607392311096191,3.6500000953674316,1.7892608642578125),(4.4324092864990234,3.6942944526672363,2.1402006149291992),(4.4123802185058594,3.7778115272521973,2.5),(4.4564967155456543,3.709181547164917,2.5),(4.4302239418029785,3.7444281578063965,2.5),(4.1263456344604492,3.8834521770477295,1.6449794769287109),(4.2449002265930176,3.8956978321075439,1.9547014236450195),(4.2944698333740234,3.9265511035919189,2.3133738040924072),(4.2677669525146484,4.0037522315979004,1.5706299543380737),(4.3966307640075684,4.0170626640319824,1.907284140586853),(4.4505109786987305,4.0505990982055664,2.2971453666687012),(4.2944698333740234,3.9265511035919189,2.5),(4.1699604988098145,4.0732007026672363,2.5),(4.3356313705444336,3.8713304996490479,2.5),(4.4623465538024902,4.0306711196899414,2.7177131175994873),(4.3927884101867676,4.1154279708862305,2.6691558361053467),(4.4302616119384766,4.0697665214538574,2.7214772701263428),(4.4357419013977051,4.0630888938903809,2.7224366664886475),(4.4475197792053223,4.0487375259399414,2.7244977951049805),(4.4505109786987305,4.0505990982055664,2.7028546333312988),(4.5225424766540527,3.75,1.7274575233459473),(4.7275161743164062,3.4654684066772461,1.9033076763153076),(4.7824563980102539,3.4990177154541016,2.2941911220550537),(4.5476493835449219,3.52474045753479,2.5),(4.8096990585327148,3.4567086696624756,2.5),(4.7824563980102539,3.4990177154541016,2.5),(4.725703239440918,3.6138529777526855,2.5),(4.725703239440918,3.6138529777526855,2.6308536529541016),(4.6004447937011719,3.7981462478637695,2.1089138984680176),(4.6266269683837891,3.8143277168273926,2.5),(4.5980691909790039,3.85263991355896,2.5),(4.5980691909790039,3.85263991355896,2.5328934192657471),(4.6205534934997559,3.8105742931365967,2.5907177925109863),(4.5786738395690918,3.8889255523681641,2.5),(4.4952569007873535,3.9905695915222168,2.5),(4.4952578544616699,3.9905681610107422,2.5),(4.4952569007873535,3.9905695915222168,2.6513152122497559),(4.9159812927246094,2.8319811820983887,1.9497073888778687),(4.9692206382751465,2.8326778411865234,2.29439377784729),(4.9697480201721191,2.8071556091308594,2.7162911891937256),(4.968379020690918,2.8210532665252686,2.7174687385559082),(4.9692206382751465,2.8326778411865234,2.70560622215271),(4.9672369956970215,2.8326518535614014,2.7184500694274902),(4.9647951126098633,2.8574419021606445,2.5),(4.9665017127990723,2.8401167392730713,2.7142055034637451),(4.9661693572998047,2.8434884548187256,2.7122876644134521),(4.9647951126098633,2.8574419021606445,2.6903312206268311),(4.9519634246826172,2.9877257347106934,2.5),(4.9265308380126953,3.0715663433074951,2.5),(4.9265308380126953,3.0715663433074951,2.558255672454834),(4.8776412010192871,3.1571638584136963,2.0938503742218018),(4.9096531867980957,3.1660118103027344,2.5),(4.9139618873596191,3.1130001544952393,2.5943009853363037),(4.8987917900085449,3.1630096435546875,2.6378052234649658),(4.8524584770202637,3.3157494068145752,2.5),(4.8579263687133789,3.2977237701416016,2.5162632465362549),(4.8524584770202637,3.3157494068145752,2.5925426483154297),(4.8579263687133789,3.2977237701416016,2.5978846549987793),(4.2344512939453125,4.2551159858703613,2.098444938659668),(4.1263456344604492,4.1263456344604492,2.5),(4.2623658180236816,4.2721996307373047,2.5),(4.2623658180236816,4.2721996307373047,2.5053517818450928),(4.2677669525146484,4.2677669525146484,2.5),(4.2572674751281738,4.2782044410705566,2.5),(4.2562737464904785,4.2771992683410645,2.5174860954284668),(4.1281213760375977,4.3823709487915039,2.6491117477416992),(4.1934785842895508,4.3287339210510254,2.5750410556793213),(4.3151755332946777,4.2099995613098145,2.5),(4.3151712417602539,4.2100043296813965,2.5),(4.3151755332946777,4.2099995613098145,2.5607881546020508),(2.8054227828979492,3.0062692165374756,12.222702980041504),(2.8319811820983887,3.0502924919128418,12.415981292724609),(2.8028073310852051,3.3239262104034424,12.125900268554688),(2.8291385173797607,3.3955719470977783,12.310761451721191),(3.104590892791748,2.8736577033996582,12.187430381774902),(3.1571638584136963,2.9061496257781982,12.377641677856445),(3.3882310390472412,3.0489568710327148,12.049315452575684),(3.1073904037475586,3.1928954124450684,12.107361793518066),(3.1602067947387695,3.2531471252441406,12.290610313415527),(3.3823115825653076,3.36258864402771,11.940996170043945),(2.8017609119415283,3.6142158508300781,11.989337921142578),(2.8280010223388672,3.711104154586792,12.162322998046875),(2.8694307804107666,4.0956950187683105,11.614706993103027),(2.989952564239502,3.8138787746429443,11.823093414306641),(3.0325572490692139,3.9281291961669922,11.981622695922852),(3.0977513790130615,3.497943639755249,11.984137535095215),(3.1497297286987305,3.5847213268280029,12.156671524047852),(3.296151876449585,3.6870796680450439,11.801939010620117),(3.1808104515075684,3.9890472888946533,11.615312576293945),(3.24001145362854,4.1185297966003418,11.75577449798584),(3.3653824329376221,3.7903039455413818,11.958629608154297),(3.6942944526672363,2.8597993850708008,11.932409286499023),(3.4654684066772461,3.0966923236846924,12.227516174316406),(3.6500000953674316,3.2107391357421875,11.860738754272461),(3.75,3.2725424766540527,12.022542953491211),(4.1147069931030273,2.8694307804107666,11.595695495605469),(3.7981462478637695,2.8910861015319824,12.100444793701172),(3.8956978321075439,3.0452985763549805,11.744900703430176),(4.0170626640319824,3.0927157402038574,11.89663028717041),(3.8834521770477295,3.3550205230712891,11.626345634460449),(4.1153125762939453,3.1808104515075684,11.489047050476074),(4.0037522315979004,3.4293701648712158,11.767766952514648),(4.0956950187683105,4.1147069931030273,10.369430541992188),(3.9890472888946533,4.1153125762939453,10.680810928344727),(3.5773887634277344,3.5441782474517822,11.743251800537109),(3.4590344429016113,3.437596321105957,12.10977840423584),(3.6710746288299561,3.6349761486053467,11.894838333129883),(3.4782483577728271,3.8519060611724854,11.582839012145996),(3.6807634830474854,3.9871289730072021,11.297784805297852),(3.5633134841918945,3.9694631099700928,11.720477104187012),(3.7977848052978516,3.6807634830474854,11.487129211425781),(4.0828390121459961,3.4782483577728271,11.351905822753906),(3.9106354713439941,3.7834386825561523,11.61644458770752),(3.8519060611724854,4.0828390121459961,10.978248596191406),(3.7834386825561523,4.1164445877075195,11.410635948181152),(3.9871289730072021,3.7977848052978516,11.180763244628906),(4.1164445877075195,3.9106354713439941,11.283438682556152),(2.761629581451416,4.9742317199707031,8.7383708953857422),(2.7863807678222656,4.9717941284179688,8.7685298919677734),(2.7737143039703369,4.9730415344238281,8.8763513565063477),(2.8076436519622803,4.9696998596191406,8.7944393157958984),(2.8418354988098145,4.9663324356079102,8.8584070205688477),(2.8563601970672607,4.9649019241333008,8.9062891006469727),(2.853950023651123,4.9651393890380859,8.9362220764160156),(2.8540852069854736,4.9651260375976562,8.9409942626953125),(2.8628904819488525,4.9642586708068848,8.9278163909912109),(2.7574491500854492,4.9746437072753906,9.1776247024536133),(2.7522344589233398,4.9751572608947754,9.1859025955200195),(2.7522344589233398,4.9751572608947754,9.1859025955200195),(2.754453182220459,4.9749388694763184,9.2447166442871094),(2.761786937713623,4.9742164611816406,9.2391328811645508),(2.761629581451416,4.9742317199707031,9.2616291046142578),(2.7919902801513672,4.9712414741516113,9.2246341705322266),(2.7836711406707764,4.9720606803894043,9.2295331954956055),(2.8076436519622803,4.9696998596191406,9.2055606842041016),(2.8486557006835938,4.965660572052002,9.0178022384643555),(2.8493857383728027,4.9655885696411133,9.0314521789550781),(2.869999885559082,4.9635586738586426,9.),(2.861459493637085,4.9643998146057129,9.0727710723876953),(2.862391471862793,4.9643077850341797,9.0726823806762695),(2.8624887466430664,4.9642982482910156,9.0726728439331055),(2.8626284599304199,4.9642844200134277,9.0730476379394531),(2.8628904819488525,4.9642586708068848,9.0721836090087891),(2.8418354988098145,4.9663324356079102,9.1415929794311523),(2.761629581451416,5.5,8.7383708953857422),(2.8076436519622803,5.5,8.7944393157958984),(2.8418354988098145,5.5,8.8584070205688477),(2.8628904819488525,5.5,8.9278163909912109),(2.761629581451416,5.5,9.2616291046142578),(2.8076436519622803,5.5,9.2055606842041016),(2.869999885559082,5.5,9.),(2.8628904819488525,5.5,9.0721836090087891),(2.8418354988098145,5.5,9.1415929794311523),(2.8172900676727295,4.7780094146728516,10.),(2.8998692035675049,4.7606163024902344,10.),(2.9487078189849854,4.7558059692382812,10.),(3.007770299911499,4.7378897666931152,10.),(2.8736577033996582,4.6874299049377441,10.60459041595459),(3.0489568710327148,4.5493149757385254,10.88823127746582),(3.0062692165374756,4.7227029800415039,10.305422782897949),(3.36258864402771,4.4409961700439453,10.882311820983887),(3.1285130977630615,4.7124581336975098,10.),(3.3801717758178711,4.6249227523803711,10.),(3.3984646797180176,4.615145206451416,10.),(3.4277172088623047,4.6045999526977539,10.),(3.3244554996490479,4.6418242454528809,10.),(3.1928954124450684,4.6073617935180664,10.607390403747559),(3.2531471252441406,4.7906103134155273,10.66020679473877),(3.3239262104034424,4.6259007453918457,10.302807807922363),(3.3955719470977783,4.8107614517211914,10.32913875579834),(2.8597993850708008,4.4324092864990234,11.194294929504395),(3.0452985763549805,4.2449002265930176,11.395697593688965),(3.0927157402038574,4.3966307640075684,11.517063140869141),(2.901555061340332,4.2344512939453125,11.75511646270752),(2.8910861015319824,4.6004447937011719,11.29814624786377),(3.2107391357421875,4.3607392311096191,11.149999618530273),(3.3550205230712891,4.1263456344604492,11.383452415466309),(3.4293701648712158,4.2677669525146484,11.503752708435059),(3.0966923236846924,4.7275161743164062,10.965468406677246),(3.2725424766540527,4.5225424766540527,11.25),(2.7768135070800781,4.9727363586425781,9.8374118804931641),(2.8967149257659912,4.9609270095825195,9.9162263870239258),(2.9093828201293945,4.9596796035766602,9.9442100524902344),(2.8448805809020996,4.9760971069335938,10.),(2.9346368312835693,4.9571924209594727,10.),(2.9346387386322021,4.9571919441223145,10.),(2.9877257347106934,4.9519634246826172,10.),(3.0519294738769531,4.9324874877929688,10.),(2.9061496257781982,4.8776412010192871,10.657163619995117),(3.0502924919128418,4.9159812927246094,10.331981658935547),(3.1277403831481934,4.9094905853271484,9.8615198135375977),(3.1831662654876709,4.9048457145690918,10.),(3.2703330516815186,4.8662352561950684,9.8649282455444336),(3.3137137889862061,4.8530759811401367,9.911503791809082),(3.3961381912231445,4.8280730247497559,10.),(3.3961403369903564,4.8280720710754395,10.),(3.709181547164917,4.4564967155456543,10.),(3.7778115272521973,4.4123802185058594,10.),(3.744826078414917,4.4300112724304199,10.),(3.6870796680450439,4.3019390106201172,10.796152114868164),(3.4915854930877686,4.7910571098327637,9.9509782791137695),(3.4567086696624756,4.8096990585327148,10.),(3.4765961170196533,4.7990689277648926,10.),(3.4855170249938965,4.7943005561828613,9.9708232879638672),(3.5083882808685303,4.7876086235046387,10.),(3.5746345520019531,4.746666431427002,9.8928117752075195),(3.6590182781219482,4.7015619277954102,9.880436897277832),(3.6823093891143799,4.689112663269043,10.),(3.7715103626251221,4.6414337158203125,9.8639450073242188),(3.497943639755249,4.4841375350952148,10.597751617431641),(3.5847213268280029,4.6566710472106934,10.64972972869873),(3.6142158508300781,4.4893374443054199,10.301760673522949),(3.711104154586792,4.6623234748840332,10.328001022338867),(3.8664131164550781,4.3396668434143066,10.),(3.9159767627716064,4.3028388023376465,10.),(4.1213774681091309,4.1304230690002441,10.),(4.1166863441467285,4.1359481811523438,10.),(4.032383918762207,4.4609408378601074,9.7773075103759766),(4.0576014518737793,4.4402451515197754,9.7784566879272461),(4.0391049385070801,4.4596076011657715,9.7972841262817383),(3.8138787746429443,4.3230934143066406,10.48995304107666),(3.9159767627716064,4.3028388023376465,10.186498641967773),(3.7903039455413818,4.4586291313171387,10.865382194519043),(4.1185297966003418,4.2557744979858398,10.740011215209961),(4.0391049385070801,4.4596076011657715,10.202715873718262),(3.8212881088256836,4.6148266792297363,9.9256525039672852),(3.8143277168273926,4.6266269683837891,10.),(3.8530733585357666,4.5978374481201172,9.965057373046875),(3.8530733585357666,4.5978374481201172,10.),(3.8889255523681641,4.5786738395690918,10.),(3.9852278232574463,4.499640941619873,9.8458738327026367),(4.0184640884399414,4.4723644256591797,9.7894001007080078),(4.0205545425415039,4.4706487655639648,9.7875843048095703),(3.9852242469787598,4.4996438026428223,10.),(3.9852278232574463,4.499640941619873,10.),(3.9852278232574463,4.499640941619873,10.),(3.9281291961669922,4.4816231727600098,10.532557487487793),(3.5441782474517822,4.2432513236999512,11.077388763427734),(3.6349761486053467,4.3948383331298828,11.171074867248535),(3.437596321105957,4.609778881072998,10.959033966064453),(3.9694631099700928,4.2204775810241699,11.063313484191895),(4.9749765396118164,2.7540669441223145,8.8947620391845703),(4.9734354019165039,2.7697160243988037,8.94635009765625),(4.9732890129089355,2.7712011337280273,8.9614276885986328),(4.9747638702392578,2.756227970123291,8.9381170272827148),(4.9732861518859863,2.7712323665618896,9.0382528305053711),(4.9734354019165039,2.7697160243988037,9.05364990234375),(4.9729151725769043,2.7750000953674316,9.),(4.9749765396118164,2.7540669441223145,9.1052379608154297),(5.5,2.7540669441223145,8.8947620391845703),(5.5,2.7697160243988037,8.94635009765625),(5.5,2.7697160243988037,9.05364990234375),(5.5,2.7750000953674316,9.),(5.5,2.7540669441223145,9.1052379608154297),(4.4409961700439453,3.3823115825653076,10.862588882446289),(4.767611026763916,2.8288524150848389,10.),(4.7716832160949707,2.8060636520385742,10.),(4.7558059692382812,2.9487078189849854,10.),(4.7324090003967285,3.0258376598358154,10.),(4.6259007453918457,2.8028073310852051,10.823925971984863),(4.7227029800415039,2.8054227828979492,10.506269454956055),(4.7716832160949707,2.8060636520385742,10.189157485961914),(4.8107614517211914,2.8291385173797607,10.895571708679199),(4.6249227523803711,3.3801717758178711,10.),(4.5998597145080566,3.4190962314605713,10.),(4.7168807983398438,3.1127307415008545,10.),(4.6642603874206543,3.2504923343658447,10.),(4.6073617935180664,3.1073904037475586,10.692895889282227),(4.5998597145080566,3.4190962314605713,10.18934440612793),(4.5493149757385254,3.3882310390472412,10.548956871032715),(4.6874299049377441,3.104590892791748,10.3736572265625),(4.7906103134155273,3.1602067947387695,10.753147125244141),(4.3230934143066406,2.989952564239502,11.313879013061523),(4.2551159858703613,2.901555061340332,11.734451293945312),(4.2557744979858398,3.24001145362854,11.618529319763184),(4.3019390106201172,3.296151876449585,11.187079429626465),(4.4586291313171387,3.3653824329376221,11.290304183959961),(4.4893374443054199,2.8017609119415283,11.114215850830078),(4.4816231727600098,3.0325572490692139,11.428129196166992),(4.6623234748840332,2.8280010223388672,11.211104393005371),(4.4841375350952148,3.0977513790130615,10.997943878173828),(4.6566710472106934,3.1497297286987305,11.084721565246582),(4.4123802185058594,3.7778115272521973,10.),(4.4564967155456543,3.709181547164917,10.),(4.4302239418029785,3.7444281578063965,10.),(4.4324092864990234,3.6942944526672363,10.359799385070801),(4.3607392311096191,3.6500000953674316,10.710739135742188),(4.2944698333740234,3.9265511035919189,10.),(4.1699604988098145,4.0732007026672363,10.),(4.3356313705444336,3.8713304996490479,10.),(4.4623465538024902,4.0306711196899414,9.78228759765625),(4.3927884101867676,4.1154279708862305,9.8308439254760742),(4.4302616119384766,4.0697665214538574,9.7785224914550781),(4.4357419013977051,4.0630888938903809,9.7775630950927734),(4.4475197792053223,4.0487375259399414,9.7755022048950195),(4.4505109786987305,4.0505990982055664,9.7971458435058594),(4.2944698333740234,3.9265511035919189,10.186626434326172),(4.2449002265930176,3.8956978321075439,10.54529857635498),(4.1263456344604492,3.8834521770477295,10.855020523071289),(4.2677669525146484,4.0037522315979004,10.929369926452637),(4.4505109786987305,4.0505990982055664,10.202854156494141),(4.3966307640075684,4.0170626640319824,10.592716217041016),(4.5476493835449219,3.52474045753479,10.),(4.8096990585327148,3.4567086696624756,10.),(4.7824563980102539,3.4990177154541016,10.),(4.725703239440918,3.6138529777526855,9.8691463470458984),(4.725703239440918,3.6138529777526855,10.),(4.5225424766540527,3.75,10.772542953491211),(4.7824563980102539,3.4990177154541016,10.205808639526367),(4.7275161743164062,3.4654684066772461,10.596692085266113),(4.6205534934997559,3.8105742931365967,9.9092826843261719),(4.6266269683837891,3.8143277168273926,10.),(4.5980691909790039,3.85263991355896,9.967106819152832),(4.5980691909790039,3.85263991355896,10.),(4.5786738395690918,3.8889255523681641,10.),(4.4952569007873535,3.9905695915222168,9.8486852645874023),(4.4952569007873535,3.9905695915222168,10.),(4.4952578544616699,3.9905681610107422,10.),(4.6004447937011719,3.7981462478637695,10.391086578369141),(4.2432513236999512,3.5773887634277344,11.044178009033203),(4.2204775810241699,3.5633134841918945,11.469463348388672),(4.3948383331298828,3.6710746288299561,11.134976387023926),(4.609778881072998,3.4590344429016113,10.937596321105957),(4.9697480201721191,2.8071556091308594,9.7837085723876953),(4.968379020690918,2.8210532665252686,9.7825307846069336),(4.9672369956970215,2.8326518535614014,9.7815494537353516),(4.9692206382751465,2.8326778411865234,9.7943935394287109),(4.9665017127990723,2.8401167392730713,9.7857942581176758),(4.9661693572998047,2.8434884548187256,9.7877120971679688),(4.9647951126098633,2.8574419021606445,9.8096685409545898),(4.9647951126098633,2.8574419021606445,10.),(4.9519634246826172,2.9877257347106934,10.),(4.9265308380126953,3.0715663433074951,9.9417448043823242),(4.9265308380126953,3.0715663433074951,10.),(4.9692206382751465,2.8326778411865234,10.205606460571289),(4.9159812927246094,2.8319811820983887,10.55029296875),(4.9139618873596191,3.1130001544952393,9.9056987762451172),(4.8987917900085449,3.1630096435546875,9.8621950149536133),(4.9096531867980957,3.1660118103027344,10.),(4.8524584770202637,3.3157494068145752,9.9074573516845703),(4.8579263687133789,3.2977237701416016,9.9021158218383789),(4.8524584770202637,3.3157494068145752,10.),(4.8579263687133789,3.2977237701416016,9.9837369918823242),(4.8776412010192871,3.1571638584136963,10.406149864196777),(4.1263456344604492,4.1263456344604492,10.),(4.2623658180236816,4.2721996307373047,9.9946479797363281),(4.2623658180236816,4.2721996307373047,10.),(4.2677669525146484,4.2677669525146484,10.),(4.2562737464904785,4.2771992683410645,9.982513427734375),(4.2572674751281738,4.2782044410705566,10.),(4.1281213760375977,4.3823709487915039,9.8508872985839844),(4.1934785842895508,4.3287339210510254,9.9249582290649414),(4.3151755332946777,4.2099995613098145,9.9392118453979492),(4.3151755332946777,4.2099995613098145,10.),(4.3151712417602539,4.2100043296813965,10.),(4.2344512939453125,4.2551159858703613,10.401555061340332)),$);
#410=IFCTRIANGULATEDFACESET(#409,$,.T.,((1,17,88),(1,66,17),(16,21,94),(21,24,100),(21,99,94),(21,100,99),(3,65,73),(2,65,3),(3,73,70),(7,75,8),(3,70,7),(13,7,9),(7,8,9),(3,7,13),(11,14,13),(10,11,13),(10,13,8),(3,13,4),(5,13,6),(15,6,13),(12,15,13),(12,13,14),(4,13,5),(13,9,8),(2,16,17),(3,21,16),(16,93,17),(2,17,66),(2,3,16),(19,81,80),(19,80,18),(19,28,81),(21,22,23),(21,23,24),(24,23,22),(3,22,21),(4,20,22),(3,4,22),(4,5,20),(27,26,25),(27,25,81),(28,118,27),(28,27,81),(44,56,29),(30,73,65),(42,65,67),(30,65,42),(33,70,72),(33,72,71),(33,71,70),(37,74,73),(31,32,37),(30,37,73),(37,35,74),(30,31,37),(34,31,36),(34,32,31),(34,36,32),(36,35,37),(36,37,39),(36,39,38),(37,38,39),(32,38,37),(32,36,38),(48,50,184),(49,40,185),(49,185,184),(49,184,41),(50,41,184),(48,188,41),(48,184,188),(30,42,40),(30,40,49),(42,67,44),(42,44,182),(42,182,40),(43,195,85),(84,55,194),(43,84,194),(43,194,195),(30,46,31),(30,49,46),(31,46,45),(45,46,47),(46,49,47),(47,49,52),(51,84,86),(51,54,84),(48,41,50),(49,41,52),(84,54,55),(51,53,54),(57,56,66),(1,57,66),(1,152,57),(59,58,82),(57,152,63),(58,153,82),(57,60,56),(56,60,29),(59,85,220),(59,220,61),(63,62,219),(57,63,60),(59,61,58),(58,61,64),(58,64,155),(60,63,219),(64,61,225),(2,67,65),(2,66,67),(69,81,79),(69,80,81),(56,67,66),(69,79,84),(59,82,68),(69,68,80),(7,70,75),(71,72,73),(70,73,72),(71,73,74),(76,81,83),(77,79,81),(76,77,81),(79,86,84),(77,86,79),(76,78,77),(80,82,18),(18,82,153),(80,68,82),(81,25,83),(76,83,25),(44,67,56),(43,85,68),(59,68,85),(43,69,84),(43,68,69),(51,86,77),(20,394,22),(24,394,100),(24,22,394),(15,319,6),(11,319,14),(12,14,319),(12,319,15),(8,75,319),(10,319,11),(10,8,319),(5,319,20),(5,6,319),(27,415,26),(26,325,25),(35,366,74),(31,366,36),(31,45,366),(36,366,35),(41,188,345),(189,345,188),(45,47,345),(47,52,345),(54,353,199),(52,41,345),(53,353,54),(70,71,366),(71,74,366),(70,366,75),(76,325,78),(51,77,369),(77,78,369),(76,25,325),(51,369,53),(1,88,89),(88,87,89),(1,89,152),(117,153,154),(89,87,90),(87,122,90),(89,90,157),(91,117,154),(91,154,92),(90,163,157),(91,92,124),(16,94,93),(88,93,102),(93,94,101),(94,95,104),(95,97,96),(94,99,98),(97,98,99),(94,98,95),(95,98,97),(94,104,101),(101,129,102),(102,129,131),(101,104,130),(101,130,129),(93,101,102),(88,102,87),(112,116,103),(87,102,131),(121,133,103),(112,103,132),(95,96,104),(96,105,104),(104,105,109),(104,108,106),(106,108,107),(104,109,108),(106,107,109),(109,107,108),(104,106,130),(106,110,134),(112,111,116),(112,114,111),(112,132,114),(17,93,88),(19,116,28),(19,115,116),(115,117,121),(115,103,116),(18,117,115),(18,153,117),(19,18,115),(116,120,118),(28,116,118),(118,120,119),(116,111,120),(119,120,111),(91,121,117),(115,121,103),(91,149,121),(87,131,122),(123,122,131),(123,126,122),(123,619,610),(123,610,126),(90,122,125),(91,124,149),(122,126,125),(124,150,149),(124,127,150),(90,125,163),(124,92,165),(125,167,163),(124,165,127),(125,126,128),(126,610,128),(150,612,648),(127,612,150),(125,128,167),(127,165,169),(128,693,167),(127,169,612),(129,143,131),(123,131,143),(129,130,144),(129,144,143),(130,147,144),(103,133,132),(133,149,145),(132,133,146),(132,146,148),(133,145,146),(106,134,130),(110,135,134),(130,134,135),(130,135,136),(136,138,139),(135,137,136),(137,138,136),(136,139,140),(130,136,147),(136,140,147),(114,141,113),(114,132,141),(132,142,141),(132,148,142),(141,142,148),(123,143,619),(143,617,619),(143,144,617),(144,147,618),(144,618,617),(145,648,621),(146,620,148),(146,621,620),(145,621,146),(147,623,618),(147,622,623),(148,620,632),(148,632,633),(121,149,133),(145,149,150),(145,150,648),(89,157,152),(152,157,151),(154,155,158),(153,155,154),(63,152,151),(58,155,153),(155,159,158),(157,163,156),(157,156,151),(154,158,92),(92,158,166),(158,160,166),(63,151,62),(151,161,62),(62,161,272),(159,271,162),(64,159,155),(64,271,159),(151,156,161),(159,162,160),(156,171,161),(171,274,161),(160,162,173),(158,159,160),(163,167,164),(156,163,164),(92,166,165),(165,166,170),(160,172,166),(166,172,170),(167,693,168),(167,168,164),(164,168,174),(170,172,175),(165,170,169),(169,170,695),(170,175,695),(156,164,171),(160,173,172),(164,174,171),(171,174,280),(172,173,176),(172,176,175),(168,700,174),(174,700,282),(175,176,702),(99,100,394),(97,99,394),(96,97,406),(96,406,105),(105,406,109),(106,109,406),(106,406,110),(119,111,409),(114,113,409),(114,409,111),(27,118,415),(118,119,415),(110,441,135),(140,441,147),(135,441,137),(137,441,138),(139,441,140),(138,441,139),(113,141,442),(141,148,442),(44,29,177),(29,179,177),(29,221,179),(180,220,197),(177,179,178),(179,221,181),(180,197,218),(179,181,232),(179,232,178),(180,218,233),(180,233,228),(40,182,183),(40,183,185),(177,202,182),(182,202,183),(185,189,188),(185,183,186),(185,186,189),(184,185,188),(183,207,193),(191,193,207),(186,183,193),(186,193,187),(44,177,182),(194,198,196),(194,196,195),(195,197,85),(197,220,85),(195,217,197),(195,196,217),(194,55,198),(54,199,55),(55,199,198),(196,198,199),(199,200,201),(196,199,201),(183,202,203),(183,203,207),(177,178,202),(209,204,196),(202,239,203),(202,178,239),(217,204,240),(190,192,211),(190,212,192),(191,207,205),(205,207,206),(192,212,211),(190,211,212),(206,207,208),(207,210,208),(209,196,201),(209,201,216),(207,203,213),(207,213,210),(203,243,213),(213,243,214),(203,245,243),(209,216,204),(216,215,247),(204,216,247),(197,217,218),(196,204,217),(217,240,218),(60,221,29),(60,219,221),(61,222,225),(61,220,222),(180,222,220),(219,226,221),(225,222,227),(219,62,223),(219,223,226),(64,225,271),(225,227,224),(225,224,271),(226,229,258),(226,181,221),(180,228,222),(222,228,227),(226,258,181),(227,228,260),(226,223,229),(227,230,224),(223,276,229),(224,230,277),(229,276,262),(230,288,277),(227,260,230),(178,232,231),(232,236,231),(233,218,249),(181,234,232),(181,258,234),(233,261,228),(232,234,236),(233,249,237),(234,258,264),(233,237,261),(231,236,235),(235,236,1235),(234,238,236),(249,257,237),(234,264,238),(261,237,267),(236,238,1235),(237,257,1236),(238,264,1273),(237,1236,267),(203,239,241),(203,241,245),(178,231,239),(204,242,240),(204,248,242),(239,250,241),(231,250,239),(240,251,249),(240,242,251),(243,245,244),(244,245,246),(204,247,248),(245,241,255),(245,255,246),(247,256,248),(248,256,242),(240,249,218),(241,250,252),(241,252,255),(231,235,250),(242,253,251),(242,256,253),(250,1241,252),(235,1241,250),(251,1242,257),(251,253,1242),(252,1246,255),(255,1246,1245),(253,256,1249),(256,1250,1249),(249,251,257),(258,229,259),(258,259,264),(228,261,260),(260,261,266),(260,266,263),(229,262,259),(260,263,230),(230,263,288),(262,268,259),(262,293,268),(263,269,288),(259,265,264),(263,266,270),(264,265,1273),(261,267,266),(266,267,1274),(266,1274,270),(259,268,265),(263,270,269),(265,268,1276),(268,293,1276),(269,270,1340),(186,345,189),(186,187,345),(191,487,193),(191,205,487),(205,206,487),(187,193,487),(199,353,200),(200,496,201),(208,210,487),(210,213,487),(213,214,487),(206,208,487),(201,496,216),(216,496,215),(214,243,511),(243,244,511),(244,246,511),(215,512,247),(247,512,256),(246,255,511),(255,1245,548),(1245,1248,548),(256,549,1250),(62,272,223),(271,273,162),(224,273,271),(223,272,276),(272,161,274),(162,273,275),(162,275,173),(272,274,278),(273,279,275),(224,277,273),(272,278,276),(273,277,279),(276,278,289),(277,290,279),(274,284,278),(275,279,285),(278,291,289),(278,284,291),(279,292,285),(171,280,274),(275,281,173),(173,281,176),(274,280,284),(275,285,281),(174,282,280),(176,281,283),(176,283,702),(280,282,286),(281,287,283),(280,286,284),(281,285,287),(284,297,291),(284,286,297),(285,298,287),(282,773,286),(283,287,774),(286,299,297),(286,773,299),(287,300,774),(262,276,289),(277,288,290),(262,289,293),(288,294,290),(288,269,294),(289,295,293),(290,294,296),(279,290,292),(289,291,295),(290,296,292),(291,301,295),(292,296,302),(1276,293,1341),(269,1340,294),(294,1340,1342),(293,295,1341),(294,1342,296),(295,1343,1341),(1342,1344,296),(295,301,1343),(296,1344,302),(292,298,285),(291,297,301),(292,302,298),(297,303,301),(298,302,304),(287,298,300),(297,299,303),(298,304,300),(299,794,303),(300,304,793),(1343,301,1351),(1344,1352,302),(301,303,1351),(302,1352,304),(303,1353,1351),(1352,1354,304),(303,794,1353),(304,1354,793),(20,397,394),(75,308,311),(75,316,306),(75,306,305),(75,314,313),(75,312,314),(75,313,316),(75,311,312),(75,305,319),(20,322,320),(20,319,323),(20,323,322),(20,320,397),(26,326,325),(26,414,326),(45,338,336),(45,334,338),(45,336,363),(45,363,364),(45,364,360),(45,360,362),(45,362,366),(187,343,352),(187,347,345),(187,352,347),(45,345,334),(53,351,353),(200,353,354),(75,366,308),(78,367,369),(78,324,367),(53,369,368),(78,325,324),(53,368,351),(320,321,396),(320,396,397),(321,397,396),(321,398,397),(321,328,398),(315,309,310),(308,310,309),(308,366,310),(317,362,365),(317,310,362),(312,315,314),(311,315,312),(311,308,315),(315,310,317),(316,315,306),(305,306,315),(313,315,316),(313,314,315),(305,315,307),(307,315,317),(315,308,309),(317,365,371),(317,371,318),(320,322,321),(321,322,323),(305,307,319),(307,323,319),(317,321,323),(307,317,323),(326,324,325),(326,377,324),(327,326,414),(327,377,326),(317,328,321),(318,329,328),(328,329,399),(317,318,328),(330,378,377),(318,372,329),(327,330,377),(330,331,378),(329,332,422),(329,372,332),(339,365,363),(337,362,360),(337,360,361),(337,361,362),(333,334,339),(339,342,365),(339,363,336),(338,339,336),(338,341,339),(338,340,341),(335,333,338),(339,341,340),(333,339,340),(333,340,338),(335,338,334),(335,334,333),(334,342,339),(342,371,365),(342,356,371),(356,373,371),(346,349,482),(346,482,343),(350,343,482),(349,343,483),(349,483,482),(350,485,344),(350,482,485),(334,348,342),(334,345,348),(348,350,342),(347,352,350),(345,347,348),(347,350,348),(351,380,381),(351,381,354),(346,343,349),(352,343,350),(351,354,353),(381,355,354),(342,344,356),(350,344,342),(356,358,373),(356,344,492),(356,492,358),(381,498,355),(357,498,381),(357,499,498),(357,382,499),(358,359,383),(310,366,362),(360,365,361),(361,365,362),(363,365,364),(360,364,365),(367,376,377),(368,377,370),(367,377,368),(370,381,380),(368,370,380),(367,368,369),(318,371,373),(370,377,374),(374,377,378),(318,373,372),(370,374,381),(372,373,383),(374,378,375),(379,386,375),(324,377,376),(367,324,376),(378,331,379),(331,456,379),(378,379,375),(351,368,380),(357,381,374),(357,374,375),(358,383,373),(357,375,382),(375,386,382),(372,383,384),(332,372,384),(332,384,457),(379,385,386),(379,456,385),(384,389,457),(384,383,388),(383,359,388),(386,524,382),(386,387,524),(386,385,387),(385,390,387),(384,388,389),(385,459,390),(388,527,389),(390,528,387),(389,527,391),(97,392,400),(97,394,392),(97,400,404),(97,404,405),(97,405,406),(110,406,427),(119,410,407),(119,409,410),(26,415,414),(119,407,415),(110,427,430),(110,430,431),(110,432,433),(110,431,432),(110,433,441),(113,434,409),(113,442,434),(147,885,886),(147,886,888),(147,888,889),(147,889,890),(147,441,885),(148,896,442),(392,394,393),(393,398,401),(394,397,395),(395,397,398),(393,394,395),(393,395,398),(328,399,398),(398,399,411),(399,422,412),(392,401,400),(392,393,401),(400,401,404),(401,403,404),(404,403,402),(404,402,405),(401,405,403),(403,405,402),(401,436,405),(405,428,406),(408,417,407),(408,407,410),(408,410,438),(398,411,401),(401,411,436),(411,437,436),(411,412,437),(412,440,437),(408,413,417),(399,412,411),(412,422,421),(408,438,413),(413,439,420),(412,421,440),(414,416,417),(327,414,417),(414,415,416),(415,407,416),(416,407,417),(327,417,330),(330,417,418),(329,422,399),(417,413,418),(418,420,419),(330,418,331),(331,418,419),(331,419,456),(418,413,420),(419,420,424),(420,447,424),(332,423,422),(422,423,421),(332,457,423),(419,458,456),(423,426,421),(421,426,449),(419,424,458),(424,425,458),(423,461,426),(424,451,425),(426,461,470),(406,428,427),(405,436,428),(431,429,432),(427,429,430),(430,429,431),(429,433,432),(427,436,429),(427,428,436),(429,441,433),(429,436,441),(410,409,434),(410,434,438),(434,435,438),(434,442,435),(435,442,438),(436,437,443),(436,443,441),(437,444,443),(437,440,444),(440,450,444),(413,438,439),(438,445,439),(438,442,445),(439,445,446),(439,446,447),(441,887,885),(441,899,887),(442,895,901),(442,896,895),(441,443,899),(443,444,900),(443,900,899),(444,450,903),(444,903,900),(442,901,445),(445,901,902),(445,902,446),(446,902,915),(420,439,447),(446,448,447),(446,915,448),(421,449,440),(440,449,450),(450,449,453),(450,922,903),(450,453,922),(424,447,451),(426,452,449),(447,448,451),(448,454,451),(449,452,453),(451,468,425),(426,470,452),(451,454,468),(452,470,474),(452,455,453),(448,915,924),(448,924,454),(453,455,922),(452,474,455),(454,472,468),(454,924,472),(455,474,968),(456,458,459),(423,457,461),(457,460,461),(458,462,459),(385,456,459),(389,460,457),(459,462,464),(458,425,462),(425,469,462),(462,469,465),(461,463,470),(461,460,463),(390,459,464),(390,464,576),(389,391,460),(460,391,466),(464,467,576),(391,577,466),(462,465,464),(460,466,463),(464,465,467),(463,466,476),(465,478,467),(476,466,579),(425,468,469),(468,473,469),(465,469,477),(469,473,477),(470,471,474),(463,471,470),(468,472,473),(472,967,473),(473,967,480),(474,475,968),(474,471,475),(473,480,477),(471,479,475),(463,476,471),(465,477,478),(471,476,479),(477,481,478),(476,585,479),(477,480,481),(475,479,974),(480,976,481),(479,587,974),(187,483,343),(187,484,483),(187,486,484),(187,487,486),(200,354,495),(200,495,496),(214,503,502),(214,490,487),(214,488,490),(214,502,488),(215,496,497),(214,510,503),(214,511,510),(215,497,513),(215,513,512),(511,255,537),(536,537,255),(512,540,256),(536,255,538),(540,549,256),(538,255,548),(482,483,485),(484,485,483),(484,486,485),(485,486,493),(490,505,493),(488,505,490),(486,487,490),(486,490,493),(344,493,492),(485,493,344),(492,493,514),(492,514,519),(354,355,495),(355,498,494),(355,494,495),(495,497,496),(495,494,500),(495,500,497),(498,500,494),(498,499,500),(358,492,519),(499,382,501),(501,382,524),(499,517,500),(499,501,517),(488,502,505),(502,503,505),(489,507,491),(489,491,509),(503,504,505),(503,508,504),(504,508,505),(503,510,508),(491,507,509),(489,509,507),(506,497,500),(506,513,497),(505,508,510),(505,510,515),(510,511,537),(510,537,515),(537,539,515),(506,516,513),(513,540,512),(513,516,540),(505,515,493),(493,515,514),(506,500,516),(514,520,519),(514,515,542),(517,543,516),(514,542,520),(500,517,516),(501,518,517),(517,518,543),(358,519,359),(359,519,521),(501,524,522),(359,521,525),(519,520,521),(501,522,518),(521,523,525),(521,520,556),(521,556,523),(522,557,518),(522,532,557),(388,359,525),(387,526,524),(388,525,527),(387,528,526),(522,524,526),(527,525,533),(528,531,526),(390,576,528),(528,530,531),(528,576,530),(527,529,391),(527,533,529),(522,526,532),(525,523,533),(526,531,532),(533,523,565),(531,563,532),(533,565,534),(531,535,563),(533,534,529),(531,530,535),(529,534,581),(530,582,535),(534,567,581),(535,582,593),(536,539,537),(536,538,539),(540,516,541),(539,538,548),(539,548,544),(540,541,549),(541,545,549),(539,544,515),(515,544,542),(516,543,545),(541,516,545),(542,555,520),(542,544,550),(542,550,555),(543,551,545),(543,546,551),(543,518,546),(548,1504,1507),(548,1507,552),(549,553,1508),(549,1508,1509),(544,548,552),(544,552,550),(545,553,549),(545,551,553),(555,550,559),(550,552,1516),(550,1516,559),(551,1517,553),(551,554,1517),(546,554,551),(520,555,556),(556,555,560),(518,557,546),(523,556,558),(557,532,564),(523,558,565),(546,557,561),(556,560,558),(557,564,561),(558,571,565),(555,559,560),(559,1536,560),(546,561,554),(558,560,562),(564,570,561),(558,562,571),(554,561,1537),(560,1536,562),(561,570,1537),(562,1544,571),(532,563,564),(563,569,564),(563,568,569),(565,566,534),(565,571,566),(534,566,567),(563,535,568),(535,593,568),(567,566,573),(568,593,574),(567,573,598),(564,569,570),(569,1542,570),(569,575,1542),(566,571,572),(568,575,569),(571,1544,572),(566,572,573),(568,574,575),(572,1545,573),(574,1610,575),(573,1545,598),(391,529,577),(576,467,578),(530,576,578),(529,581,577),(467,580,578),(577,579,466),(467,478,580),(578,580,584),(577,583,579),(530,578,582),(578,584,582),(577,581,583),(582,584,595),(581,594,583),(579,583,589),(580,590,584),(583,594,596),(583,596,589),(584,590,597),(580,478,586),(476,579,585),(478,481,586),(579,589,585),(580,586,590),(481,588,586),(479,585,587),(481,976,588),(585,592,587),(586,588,591),(586,591,590),(585,589,592),(589,596,603),(589,603,592),(590,591,602),(588,1048,591),(587,592,1047),(592,603,605),(592,605,1047),(591,1048,604),(582,595,593),(567,594,581),(593,595,599),(593,599,574),(567,598,594),(595,600,599),(594,598,601),(584,597,595),(594,601,596),(595,597,600),(596,601,607),(597,606,600),(574,599,1610),(599,1612,1610),(1545,1611,598),(599,600,1612),(598,1611,601),(601,1611,1613),(1612,600,1614),(601,1613,607),(600,606,1614),(597,590,602),(596,607,603),(597,602,606),(603,607,609),(602,608,606),(591,604,602),(602,604,608),(603,609,605),(604,1067,608),(605,609,1068),(1613,1622,607),(1614,606,1621),(607,1622,609),(606,608,1621),(1621,608,1623),(609,1622,1624),(608,1067,1623),(609,1624,1068),(610,619,611),(128,610,613),(612,615,648),(610,611,613),(128,613,693),(169,614,612),(613,697,693),(612,614,615),(613,611,616),(611,655,616),(613,616,697),(615,698,652),(615,614,698),(652,698,707),(617,637,619),(617,636,637),(617,618,636),(618,639,636),(620,621,638),(611,619,637),(621,649,638),(620,638,646),(622,624,623),(623,624,625),(618,623,626),(618,626,630),(623,628,626),(623,627,628),(623,625,627),(626,628,629),(626,629,630),(618,630,639),(629,631,630),(620,633,632),(620,635,633),(633,635,634),(620,646,635),(636,639,658),(636,657,637),(611,637,655),(646,638,651),(637,657,655),(636,658,657),(630,631,639),(631,640,639),(639,640,642),(639,642,641),(639,641,645),(639,645,644),(639,644,658),(643,658,644),(635,646,647),(646,651,647),(643,659,660),(621,648,649),(615,649,648),(615,652,649),(649,650,638),(649,652,650),(638,650,651),(647,654,653),(651,654,647),(616,655,656),(655,665,656),(616,656,706),(656,665,719),(657,658,672),(658,675,672),(643,660,658),(659,661,660),(658,660,661),(659,662,661),(658,661,675),(661,662,675),(662,664,675),(655,657,665),(650,667,651),(651,667,669),(657,672,665),(650,652,666),(652,707,666),(650,666,667),(667,666,717),(667,718,669),(651,668,654),(653,654,668),(651,669,668),(663,678,664),(663,664,679),(668,669,670),(665,672,673),(672,675,674),(665,673,719),(667,717,718),(672,674,673),(673,674,729),(675,677,676),(675,679,677),(676,677,680),(664,678,675),(663,679,678),(675,678,679),(674,675,676),(676,680,681),(674,676,681),(669,718,670),(670,684,671),(670,718,684),(674,681,688),(681,682,688),(681,689,682),(681,683,689),(682,683,688),(682,689,683),(683,685,688),(674,688,725),(685,686,688),(686,687,688),(687,690,688),(688,690,691),(686,692,687),(686,690,692),(687,692,690),(688,691,726),(693,697,694),(168,693,694),(169,695,614),(614,695,699),(175,701,695),(695,701,699),(697,696,694),(614,699,698),(616,706,697),(698,699,708),(697,706,696),(699,705,708),(168,694,700),(175,702,701),(694,704,700),(700,704,771),(701,702,703),(694,696,704),(701,703,705),(705,703,778),(699,701,705),(698,708,707),(656,709,706),(696,706,713),(706,709,713),(707,708,710),(707,710,720),(656,719,709),(710,714,720),(709,719,727),(696,711,704),(696,713,711),(704,711,777),(705,712,708),(708,712,710),(705,778,712),(713,780,711),(709,715,713),(712,716,710),(709,727,715),(710,716,714),(712,782,716),(713,715,780),(714,716,809),(707,720,666),(666,720,717),(673,730,719),(717,722,718),(718,722,741),(717,720,721),(714,721,720),(717,721,722),(718,723,684),(718,724,723),(684,723,724),(718,740,724),(718,741,740),(724,740,739),(147,892,622),(622,892,624),(624,892,625),(625,892,627),(627,892,628),(628,892,629),(148,633,897),(633,634,897),(629,929,631),(631,929,640),(641,642,929),(641,929,645),(643,644,929),(644,645,929),(640,929,642),(634,635,916),(635,647,916),(643,929,659),(647,653,916),(659,949,662),(662,949,664),(653,668,940),(668,670,940),(670,671,940),(664,949,679),(677,679,949),(677,949,680),(680,1001,681),(681,1001,683),(683,1001,685),(685,1001,686),(671,684,1008),(684,724,1008),(724,739,1008),(674,735,729),(674,725,733),(674,733,735),(688,726,725),(727,754,728),(715,727,728),(714,809,755),(673,729,730),(729,735,731),(719,730,727),(722,752,741),(729,761,730),(729,731,761),(725,726,732),(725,732,733),(732,734,733),(733,734,735),(734,736,735),(735,736,737),(735,737,745),(737,738,745),(740,741,756),(741,752,756),(735,745,731),(738,743,745),(742,748,751),(742,750,748),(742,751,750),(743,744,745),(744,746,745),(745,746,749),(731,745,748),(731,748,747),(745,749,750),(745,751,748),(745,750,751),(714,755,721),(721,755,753),(722,721,753),(722,753,752),(727,730,754),(730,761,754),(753,755,819),(752,753,820),(752,820,760),(753,819,820),(740,756,757),(752,757,756),(752,759,757),(752,760,759),(757,759,758),(731,762,761),(731,766,762),(754,761,821),(761,762,821),(731,747,764),(731,764,766),(747,763,764),(763,765,764),(764,765,766),(765,767,766),(766,767,768),(766,768,769),(766,826,762),(766,824,826),(766,769,824),(686,1001,690),(690,1001,691),(691,1001,726),(726,1001,732),(739,740,1026),(732,1033,734),(734,1033,736),(736,1033,737),(737,1033,738),(738,1033,743),(743,1033,744),(744,1033,746),(746,1033,749),(749,1033,750),(740,757,1026),(757,758,1026),(747,748,1033),(748,750,1033),(747,1033,763),(758,759,1171),(763,1168,765),(765,1168,767),(767,1168,768),(768,1168,769),(282,700,771),(283,770,702),(702,770,703),(282,771,773),(283,774,770),(703,770,772),(704,777,771),(703,772,778),(771,777,775),(770,776,772),(771,775,773),(770,774,776),(299,773,790),(773,775,790),(774,789,776),(775,777,783),(772,776,784),(775,792,790),(775,783,792),(776,791,784),(711,781,777),(772,779,778),(777,781,783),(712,778,782),(778,779,782),(711,780,781),(780,785,781),(715,810,780),(716,782,811),(716,811,809),(782,779,788),(780,810,785),(782,788,811),(772,784,779),(779,784,787),(783,781,786),(784,799,787),(783,786,798),(781,785,786),(779,787,788),(785,853,786),(788,814,811),(788,802,814),(788,787,802),(300,789,774),(299,790,794),(300,793,789),(789,793,795),(790,796,794),(776,789,791),(789,795,791),(790,792,796),(791,795,797),(792,803,796),(1353,794,1872),(1354,1871,793),(793,1871,795),(794,796,1872),(1871,1873,795),(796,1874,1872),(795,1873,797),(796,803,1874),(783,798,792),(791,799,784),(792,798,803),(791,797,799),(799,797,804),(798,805,803),(799,804,800),(798,786,801),(787,799,800),(787,800,802),(786,853,801),(798,801,805),(802,800,808),(1874,803,1881),(797,1882,804),(797,1873,1882),(803,805,1881),(804,1882,806),(800,804,806),(801,807,805),(800,806,808),(801,859,807),(805,807,1881),(806,1885,808),(715,728,810),(809,811,813),(809,813,818),(728,816,810),(754,812,728),(728,812,816),(785,810,815),(811,814,813),(810,816,815),(813,839,818),(785,815,853),(813,814,854),(813,854,839),(812,817,816),(816,857,815),(816,817,857),(809,818,755),(755,818,819),(754,821,812),(820,819,822),(820,822,833),(762,823,821),(762,826,823),(819,818,837),(819,837,822),(812,821,838),(821,823,838),(759,760,834),(760,820,833),(760,833,834),(824,825,826),(826,831,832),(830,831,828),(826,828,823),(830,828,832),(826,832,828),(825,831,826),(830,832,831),(822,834,833),(834,836,835),(822,836,834),(827,823,828),(827,829,844),(818,839,837),(812,838,817),(822,837,840),(822,840,841),(837,839,865),(838,874,817),(837,865,840),(822,841,836),(836,841,842),(841,840,842),(840,868,842),(842,868,843),(827,844,823),(823,844,848),(844,846,848),(823,845,838),(823,848,845),(838,845,874),(846,847,848),(847,849,848),(848,849,850),(848,851,845),(848,850,851),(845,851,877),(851,852,877),(845,877,876),(845,876,880),(801,853,859),(802,855,814),(853,815,856),(814,855,854),(802,808,855),(853,856,859),(854,855,860),(815,857,856),(854,866,839),(817,858,857),(857,863,856),(854,860,866),(857,858,863),(807,859,1918),(855,808,861),(855,861,860),(856,862,859),(808,1885,861),(859,862,1918),(860,861,1919),(856,863,862),(866,860,871),(858,864,863),(862,863,1922),(860,1919,871),(863,864,1922),(839,866,865),(817,874,858),(840,865,867),(840,867,869),(865,866,870),(865,870,867),(840,869,868),(868,869,873),(869,867,873),(866,871,870),(867,870,872),(867,872,873),(870,871,1928),(870,1928,872),(872,1931,873),(873,1931,1932),(845,875,874),(845,880,875),(858,874,882),(874,875,882),(876,878,880),(878,879,880),(879,881,880),(880,884,875),(880,881,884),(858,882,864),(875,883,882),(875,884,883),(864,882,1945),(882,883,1945),(883,884,1948),(884,1947,1948),(759,834,1171),(769,1168,824),(824,1168,825),(825,1168,831),(828,831,1168),(827,828,1168),(827,1168,829),(834,835,1171),(835,836,1180),(836,842,1180),(842,843,1180),(829,1201,844),(844,1201,846),(846,1201,847),(847,1201,849),(849,1201,850),(850,1201,851),(851,1201,852),(843,868,1208),(868,873,1208),(852,1126,877),(876,877,1126),(876,1126,878),(878,1126,879),(879,1126,881),(881,1127,884),(147,890,892),(629,892,893),(629,893,904),(148,897,896),(634,898,897),(634,911,898),(629,904,906),(629,906,909),(629,909,929),(634,916,911),(653,937,916),(659,931,933),(659,929,931),(659,933,945),(659,945,947),(659,947,949),(653,939,937),(653,940,939),(680,949,952),(680,951,954),(680,954,955),(680,955,958),(680,952,951),(671,953,940),(680,958,959),(680,959,999),(680,999,1001),(671,981,953),(671,1008,981),(885,887,886),(886,887,888),(888,887,889),(887,890,889),(887,891,890),(890,891,892),(887,899,891),(891,899,894),(891,894,892),(892,894,893),(894,899,905),(895,896,901),(896,898,901),(896,897,898),(898,910,901),(899,900,912),(899,912,905),(900,903,914),(900,914,912),(901,913,902),(901,910,913),(902,913,918),(903,923,914),(893,894,905),(893,905,904),(904,905,906),(905,907,906),(905,908,907),(906,907,909),(907,908,909),(905,909,908),(905,935,909),(898,911,910),(910,911,919),(909,930,929),(905,912,935),(910,919,913),(912,914,936),(914,923,965),(912,936,935),(914,965,936),(902,918,915),(915,918,927),(911,916,917),(911,917,919),(913,920,918),(918,921,927),(913,919,920),(918,920,921),(903,922,923),(915,927,924),(455,926,922),(922,926,923),(472,924,925),(455,968,926),(924,927,925),(926,968,970),(926,928,923),(923,928,965),(921,971,927),(927,971,925),(926,970,928),(921,988,971),(909,935,930),(929,930,932),(929,932,931),(930,935,932),(931,932,946),(932,935,946),(931,946,933),(935,936,962),(935,962,946),(916,937,917),(917,937,919),(919,937,938),(933,944,934),(933,934,945),(937,939,938),(919,942,920),(919,938,942),(936,965,941),(936,941,962),(920,942,943),(920,943,921),(921,943,988),(938,982,942),(942,983,943),(933,946,944),(934,944,945),(944,946,945),(946,947,945),(946,948,947),(947,948,949),(946,963,948),(948,952,949),(948,963,952),(939,940,953),(938,939,982),(939,953,982),(950,957,951),(951,957,954),(950,951,960),(950,952,957),(950,960,952),(951,952,960),(952,963,957),(954,957,955),(955,957,956),(956,957,958),(957,959,958),(955,956,961),(956,958,961),(955,961,958),(957,999,959),(957,963,1000),(946,962,963),(941,964,962),(942,982,983),(941,984,964),(962,964,963),(963,964,1016),(928,966,965),(941,965,966),(928,989,966),(941,966,984),(472,925,967),(925,972,967),(480,967,975),(967,972,975),(968,969,970),(475,969,968),(925,971,972),(928,970,989),(971,990,972),(970,973,989),(972,990,977),(970,969,973),(475,974,969),(480,975,976),(969,974,979),(975,978,976),(974,1045,979),(972,977,975),(969,979,973),(975,977,978),(977,1051,978),(943,985,988),(953,980,982),(953,981,980),(980,981,982),(981,1009,982),(982,1009,1010),(981,1008,1009),(943,983,985),(982,986,983),(982,1010,986),(964,984,1017),(983,986,987),(983,987,985),(985,987,996),(971,988,990),(966,989,991),(973,995,989),(988,992,990),(985,992,988),(989,995,991),(966,991,984),(985,996,992),(984,991,1042),(977,990,993),(990,992,993),(977,993,1051),(973,979,994),(973,994,995),(979,1052,994),(993,992,997),(991,995,998),(991,998,1042),(992,996,997),(993,997,1054),(996,1185,997),(995,1055,998),(995,994,1055),(732,1002,1004),(732,1004,1005),(732,1001,1002),(732,1007,1012),(732,1005,1007),(739,1009,1008),(739,1025,1009),(732,1012,1013),(732,1013,1015),(732,1015,1019),(732,1019,1020),(732,1020,1022),(732,1022,1023),(732,1023,1033),(739,1026,1025),(758,1027,1026),(763,1033,1035),(763,1035,1034),(763,1034,1038),(763,1038,1039),(758,1170,1027),(763,1039,1161),(763,1161,1162),(763,1162,1164),(957,1000,999),(963,1003,1000),(963,1006,1003),(963,1016,1006),(999,1000,1001),(1000,1003,1001),(1001,1003,1002),(1002,1003,1006),(1002,1006,1004),(1004,1006,1005),(1005,1006,1014),(1005,1014,1007),(1009,1024,1010),(1010,1024,1029),(1007,1014,1012),(1006,1018,1014),(1012,1014,1013),(1013,1014,1015),(1011,1020,1021),(1014,1019,1015),(1011,1022,1020),(1011,1021,1022),(964,1017,1016),(1006,1016,1018),(986,1010,1029),(984,1042,1017),(1016,1040,1018),(1016,1017,1040),(1014,1020,1019),(1014,1021,1020),(1014,1022,1021),(1014,1018,1022),(1018,1023,1022),(1009,1025,1024),(1024,1025,1029),(1025,1027,1029),(1025,1026,1027),(1029,1027,1028),(986,1030,987),(986,1029,1030),(987,1032,996),(987,1030,1032),(1017,1042,1031),(1017,1031,1040),(1029,1173,1030),(1029,1028,1173),(1030,1173,1174),(1030,1174,1032),(1018,1036,1023),(1023,1036,1033),(1018,1037,1036),(1034,1037,1038),(1033,1036,1035),(1035,1036,1037),(1035,1037,1034),(1037,1039,1038),(1037,1161,1039),(1037,1041,1166),(1037,1166,1161),(1018,1040,1041),(1018,1041,1037),(1040,1175,1041),(1031,1175,1040),(1031,1042,1043),(998,1043,1042),(996,1032,1185),(588,976,1044),(587,1045,974),(976,978,1044),(587,1047,1045),(588,1044,1048),(978,1046,1044),(978,1051,1046),(979,1045,1052),(1044,1046,1050),(1045,1049,1052),(1045,1047,1049),(1044,1050,1048),(605,1064,1047),(1047,1064,1049),(1048,1050,1063),(1046,1058,1050),(1049,1057,1052),(1049,1064,1066),(1050,1058,1065),(1049,1066,1057),(993,1054,1051),(1051,1054,1053),(994,1052,1056),(1046,1051,1053),(1052,1057,1056),(997,1185,1187),(998,1055,1186),(997,1187,1054),(1054,1059,1053),(1055,1060,1186),(1054,1187,1059),(994,1056,1055),(1055,1056,1060),(1046,1053,1058),(1053,1062,1058),(1057,1061,1056),(1058,1062,1072),(1057,1073,1061),(1059,1187,1190),(1059,1190,1074),(1059,1074,1062),(1056,1061,1060),(1053,1059,1062),(1060,1061,1215),(604,1048,1063),(604,1063,1067),(605,1068,1064),(1063,1069,1067),(1064,1068,1070),(1050,1065,1063),(1063,1065,1069),(1064,1070,1066),(1065,1071,1069),(1066,1070,1077),(1623,1067,2109),(1624,2110,1068),(1067,1069,2109),(1068,2110,1070),(2109,1069,2111),(1070,2110,2112),(1069,1071,2111),(1070,2112,1077),(1065,1058,1072),(1057,1066,1073),(1065,1072,1071),(1072,1078,1071),(1066,1077,1073),(1072,1075,1078),(1073,1077,1080),(1074,1079,1075),(1073,1076,1061),(1062,1075,1072),(1074,1075,1062),(1061,1076,1215),(1073,1080,1076),(1071,1078,2119),(1071,2119,2111),(2112,2120,1077),(1078,1081,2119),(1077,2120,1080),(1079,2121,1081),(1075,1081,1078),(1075,1079,1081),(1076,1080,1082),(1076,1082,1221),(1080,2120,1082),(758,1171,1170),(763,1164,1167),(763,1167,1168),(835,1172,1171),(835,1179,1172),(835,1180,1179),(829,1195,1196),(829,1196,1197),(829,1168,1194),(829,1194,1195),(829,1197,1199),(829,1199,1200),(829,1200,1201),(852,1201,1226),(852,1226,1227),(852,1227,1224),(843,1203,1180),(843,1208,1203),(873,2193,1208),(852,1102,1103),(852,1083,1085),(852,1084,1083),(852,1093,1084),(852,1085,1087),(852,1089,1101),(852,1086,1089),(852,1087,1086),(852,1101,1102),(852,1103,1109),(852,1109,1126),(881,1126,1127),(852,1225,1093),(852,1224,1225),(884,1127,1128),(884,1128,1144),(884,2156,2157),(884,2157,2174),(884,2162,2161),(884,2161,2164),(884,2163,2162),(884,2174,2163),(884,2164,2176),(884,1144,1139),(884,1139,1140),(884,1140,2156),(1094,1088,1090),(1095,1090,1091),(1095,1091,1092),(1088,1097,1090),(1090,1097,1091),(1091,1097,1092),(1093,1225,1094),(1094,1090,1095),(1094,1097,1088),(1095,1092,1097),(1095,1097,1096),(1094,1098,1097),(1094,1100,1098),(1096,1097,1098),(1098,1100,1099),(1083,1084,1113),(1101,1089,1115),(1083,1114,1085),(1085,1115,1087),(1086,1087,1115),(1086,1115,1089),(1084,1093,1116),(1093,1094,1116),(1094,1095,1116),(1095,1096,1117),(1096,1098,1118),(1118,1098,1099),(1099,1100,1119),(1100,1104,1123),(1101,1120,1102),(1102,1121,1103),(1103,1108,1110),(1103,1110,1109),(1108,1109,1129),(1108,1129,1110),(1109,1110,1129),(1104,1105,1124),(1105,1107,1124),(1106,1111,1107),(1106,1107,1112),(1106,1112,1111),(1083,1113,1114),(1084,1116,1113),(1101,1115,1120),(1085,1114,1115),(1095,1117,1116),(1096,1118,1117),(1118,1099,1119),(1100,1123,1119),(1102,1120,1121),(1103,1122,1108),(1108,1149,1109),(1103,1121,1122),(1104,1124,1123),(1107,1111,1124),(1111,1112,1125),(1113,1116,1153),(1113,1153,1114),(1114,1153,1115),(1120,1115,1153),(1108,1122,1149),(1121,1153,1122),(1120,1153,1121),(1116,1117,1153),(1117,1118,1153),(1118,1119,1153),(1119,1123,1153),(1111,1125,1124),(1112,1152,1125),(1123,1124,1153),(1124,1125,1153),(1130,1131,1132),(1130,1134,1131),(1130,1132,1134),(1131,1136,1132),(1131,1134,1135),(1132,1135,1134),(1131,1135,1136),(1132,1136,1135),(1147,2166,1148),(1147,1141,2166),(1148,2168,1141),(1148,2166,2168),(1141,2168,2166),(1144,1145,1146),(1144,1146,1139),(1145,1139,1146),(1139,1157,1140),(1140,1157,2156),(1141,1143,1159),(1143,2170,2187),(1109,1149,1126),(1126,1149,1127),(1127,1151,1128),(1112,1133,1152),(1133,1137,1152),(1137,1138,1155),(1149,1150,1127),(1122,1153,1149),(1149,1153,1150),(1127,1150,1151),(1150,1153,1151),(1151,1153,1156),(1152,1137,1154),(1125,1152,1153),(1152,1154,1153),(1137,1155,1154),(1153,1154,1155),(1153,1155,1158),(1128,1151,1144),(1144,1156,1145),(1145,1157,1139),(2156,1157,2183),(1138,1147,1155),(1147,1148,1155),(1148,1141,1158),(1141,1159,1158),(1143,2187,1159),(1144,1151,1156),(1145,1156,1157),(1156,1153,1157),(1153,2183,1157),(1153,2184,2183),(1153,2185,2184),(1153,2186,2185),(1153,2189,2186),(1148,1158,1155),(1153,1158,1159),(1153,1159,2187),(1153,2187,2188),(1153,2190,2189),(1153,2191,2190),(1153,2188,2191),(1032,1160,1185),(1032,1174,1160),(1027,1170,1028),(1028,1169,1173),(1028,1170,1169),(1161,1166,1162),(1162,1166,1164),(1163,1164,1165),(1163,1167,1164),(1164,1166,1165),(1163,1165,1167),(1165,1166,1167),(1166,1177,1167),(1170,1171,1172),(1169,1170,1176),(1170,1172,1176),(1167,1194,1168),(1173,1176,1174),(1173,1169,1176),(1031,1188,1175),(1041,1175,1177),(1166,1041,1177),(1174,1176,1181),(1174,1181,1160),(1175,1182,1177),(1175,1188,1182),(1172,1178,1176),(1172,1179,1178),(1178,1179,1184),(1179,1180,1203),(1179,1203,1184),(1160,1181,1183),(1178,1184,1176),(1176,1184,1181),(1182,1188,1193),(1181,1205,1183),(1181,1184,1205),(1182,1193,1230),(998,1186,1043),(1185,1189,1187),(1160,1189,1185),(1043,1186,1192),(1031,1043,1188),(1043,1192,1188),(1187,1189,1190),(1060,1191,1186),(1160,1183,1189),(1186,1191,1192),(1060,1215,1191),(1189,1212,1190),(1189,1183,1212),(1188,1192,1193),(1192,1216,1193),(1192,1191,1216),(1167,1177,1194),(1194,1198,1195),(1177,1198,1194),(1195,1198,1196),(1196,1198,1197),(1197,1198,1199),(1198,1200,1199),(1198,1202,1200),(1200,1202,1226),(1200,1226,1201),(1226,1202,1227),(1227,1202,1229),(1177,1202,1198),(1177,1182,1202),(1182,1230,1202),(1203,1204,1184),(1203,1208,1204),(1204,1208,1207),(1183,1205,1206),(1184,1207,1205),(1204,1207,1184),(1193,1217,1230),(1205,1207,1209),(1205,1209,1206),(1208,2192,1211),(1208,2193,2192),(1206,1209,1210),(1207,1208,1211),(1207,1211,1209),(1209,1211,2196),(1209,2196,1210),(1074,1190,1213),(1190,1212,1213),(1191,1215,1214),(1074,1213,1079),(1212,1218,1213),(1215,1221,1214),(1076,1221,1215),(1183,1206,1212),(1191,1214,1216),(1193,1216,1217),(1206,1218,1212),(1216,1214,1222),(1216,1222,1217),(1213,1219,1079),(1213,1218,1219),(1214,1221,1220),(1079,1219,2121),(1218,2209,1219),(1220,1221,2212),(1082,2212,1221),(1206,1210,1218),(1214,1220,1222),(1217,1222,1223),(1210,2209,1218),(1220,2213,1222),(1222,2213,1223),(1094,1225,1100),(1100,1228,1104),(1100,1225,1228),(1224,1229,1225),(1224,1227,1229),(1225,1229,1228),(1104,1228,1105),(1105,1228,1107),(1107,1228,1112),(1112,1228,1133),(1229,1232,1228),(1229,1231,1232),(1133,1228,1232),(1229,1202,1231),(1202,1230,1231),(1217,1233,1230),(1230,1233,1231),(1133,1232,1137),(1138,2219,1147),(1147,2219,1141),(1143,2219,2170),(1141,2219,1143),(1232,2222,2219),(1232,1234,2222),(1137,2219,1138),(1137,1232,2219),(1231,1234,1232),(1231,1233,1234),(1217,1223,1233),(1223,2227,1233),(1233,2227,1234),(235,1235,1238),(1236,257,1257),(238,1237,1235),(238,1273,1237),(1236,1275,267),(1235,1237,1240),(1238,1235,1240),(1236,1257,1239),(1236,1239,1275),(1237,1281,1240),(1257,1268,1239),(1238,1240,1285),(1239,1268,1321),(252,1241,1243),(252,1243,1246),(235,1238,1241),(253,1249,1244),(253,1244,1242),(1241,1258,1243),(1238,1258,1241),(1242,1244,1266),(254,1251,1248),(254,1247,1251),(254,1248,1247),(1245,1246,1248),(1246,1251,1247),(1246,1252,1251),(1246,1247,1248),(1244,1249,1250),(1243,1252,1246),(1252,1254,1253),(1243,1254,1252),(1250,1255,1256),(1244,1250,1256),(1244,1256,1263),(257,1242,1257),(1242,1266,1257),(1243,1258,1259),(1243,1259,1262),(1238,1285,1258),(1244,1263,1267),(1285,1287,1258),(1258,1287,1259),(1243,1262,1254),(1254,1262,1260),(1260,1262,1261),(1262,1264,1261),(1256,1269,1263),(1263,1269,1267),(1259,1265,1262),(1262,1265,1264),(1259,1290,1265),(1257,1266,1268),(1244,1267,1266),(1266,1295,1268),(1266,1267,1295),(1267,1269,1271),(1267,1271,1272),(1269,1270,1271),(265,1278,1273),(1273,1278,1279),(267,1275,1274),(1237,1273,1279),(1274,1275,1280),(265,1276,1278),(270,1274,1277),(270,1277,1340),(1276,1345,1278),(1277,1346,1340),(1274,1280,1277),(1237,1279,1281),(1275,1239,1282),(1275,1282,1280),(1239,1321,1282),(1280,1282,1324),(1279,1320,1281),(1277,1280,1283),(1278,1284,1279),(1277,1283,1346),(1278,1345,1284),(1279,1284,1320),(1280,1324,1283),(1240,1286,1285),(1240,1281,1286),(1285,1286,1301),(1286,1327,1301),(1259,1288,1291),(1259,1287,1288),(1259,1291,1290),(1265,1290,1289),(1290,1291,1292),(1291,1293,1292),(1290,1292,1306),(1291,1305,1293),(1288,1305,1291),(1292,1293,1306),(1290,1306,1294),(1293,1305,1294),(1293,1294,1307),(1285,1301,1287),(1267,1272,1296),(1267,1296,1295),(1268,1295,1332),(1268,1332,1321),(1287,1301,1303),(1287,1303,1288),(1295,1302,1332),(1295,1296,1302),(1296,1298,1333),(1271,1298,1272),(1272,1298,1296),(1271,1299,1298),(1294,1305,1297),(1293,1307,1306),(1294,1306,1308),(1294,1308,1307),(1288,1304,1305),(1288,1303,1304),(1301,1334,1303),(1296,1333,1302),(1303,1334,1385),(1303,1385,1304),(1305,1306,1307),(1305,1308,1297),(1305,1307,1308),(1304,1306,1305),(1306,1311,1309),(1298,1299,1333),(1299,1300,1310),(1299,1310,1333),(1310,1337,1333),(1304,1311,1306),(1309,1311,1312),(1311,1316,1312),(1304,1316,1311),(1312,1316,1313),(1313,1316,1314),(1314,1316,1315),(1304,1389,1316),(1313,1314,1319),(1315,1316,1317),(1314,1315,1319),(1313,1319,1318),(1316,1318,1317),(1315,1317,1318),(1315,1318,1383),(1315,1383,1319),(1318,1319,1383),(1282,1322,1324),(1281,1320,1325),(1282,1321,1322),(1286,1281,1325),(1321,1332,1326),(1321,1326,1322),(1284,1323,1320),(1320,1323,1329),(1283,1324,1361),(1322,1328,1324),(1320,1329,1325),(1324,1328,1361),(1286,1325,1327),(1325,1331,1327),(1327,1331,1386),(1325,1329,1331),(1322,1326,1330),(1322,1330,1328),(1326,1406,1330),(1328,1330,1368),(1329,1427,1331),(1330,1406,1428),(1332,1302,1335),(1332,1335,1326),(1302,1333,1336),(1301,1327,1334),(1327,1386,1334),(1302,1336,1335),(1333,1338,1336),(1326,1335,1406),(1335,1336,1407),(1333,1337,1338),(1310,1339,1337),(1337,1339,1338),(1335,1407,1406),(1248,1251,548),(1251,1252,548),(1252,1253,548),(1250,549,1255),(1253,1254,1512),(1254,1260,1512),(1260,1261,1512),(1255,1514,1256),(1256,1514,1269),(1264,1265,1512),(1261,1264,1512),(1269,1514,1270),(1265,1289,1512),(1270,1530,1271),(1289,1290,1555),(1290,1294,1555),(1297,1308,1555),(1308,1306,1555),(1306,1309,1555),(1294,1297,1555),(1271,1530,1299),(1299,1530,1300),(1309,1312,1573),(1300,1565,1310),(1312,1313,1573),(1313,1318,1573),(1318,1392,1573),(1310,1565,1339),(1339,1565,1395),(1340,1346,1342),(1276,1341,1345),(1341,1348,1345),(1342,1346,1349),(1342,1349,1344),(1341,1343,1348),(1344,1349,1356),(1343,1355,1348),(1283,1347,1346),(1345,1348,1362),(1346,1347,1349),(1284,1345,1362),(1283,1361,1347),(1349,1350,1356),(1348,1355,1363),(1348,1363,1362),(1349,1347,1350),(1344,1356,1352),(1343,1351,1355),(1352,1356,1359),(1351,1358,1355),(1352,1359,1354),(1351,1353,1358),(1354,1359,1876),(1353,1875,1358),(1356,1357,1359),(1356,1350,1357),(1363,1355,1372),(1355,1358,1372),(1359,1360,1876),(1359,1357,1360),(1358,1374,1372),(1358,1875,1374),(1284,1362,1323),(1347,1361,1364),(1323,1362,1365),(1361,1367,1364),(1361,1328,1367),(1362,1363,1365),(1347,1364,1350),(1350,1364,1373),(1363,1376,1365),(1364,1369,1373),(1323,1366,1329),(1323,1365,1366),(1328,1368,1367),(1329,1366,1427),(1330,1428,1368),(1367,1368,1371),(1364,1367,1369),(1366,1365,1370),(1365,1376,1370),(1366,1370,1431),(1367,1371,1369),(1369,1371,1379),(1363,1372,1376),(1350,1373,1357),(1357,1373,1375),(1372,1380,1376),(1373,1377,1375),(1372,1374,1380),(1357,1375,1360),(1360,1375,1892),(1374,1896,1380),(1375,1381,1892),(1373,1369,1377),(1376,1380,1378),(1370,1376,1378),(1370,1378,1457),(1369,1379,1377),(1377,1379,1461),(1375,1377,1381),(1380,1896,1382),(1378,1380,1382),(1377,1461,1381),(1381,1461,1899),(1304,1385,1389),(1316,1392,1318),(1316,1389,1392),(1331,1384,1386),(1331,1427,1384),(1386,1384,1420),(1384,1433,1420),(1334,1387,1385),(1334,1386,1387),(1336,1338,1408),(1336,1408,1407),(1385,1388,1389),(1385,1387,1388),(1389,1393,1392),(1389,1391,1393),(1389,1390,1391),(1390,1394,1391),(1390,1397,1394),(1339,1395,1396),(1338,1339,1408),(1339,1396,1408),(1396,1411,1408),(1394,1397,1398),(1389,1388,1390),(1390,1388,1397),(1397,1403,1398),(1398,1403,1399),(1397,1388,1403),(1399,1403,1400),(1400,1403,1401),(1388,1416,1403),(1401,1403,1404),(1403,1405,1404),(1403,1417,1405),(1406,1407,1409),(1406,1409,1428),(1386,1420,1387),(1407,1408,1410),(1407,1410,1409),(1408,1415,1410),(1396,1412,1411),(1408,1411,1412),(1408,1412,1414),(1412,1413,1414),(1408,1414,1415),(1403,1416,1402),(1403,1402,1418),(1403,1418,1417),(1416,1417,1402),(1402,1417,1418),(1387,1420,1419),(1387,1419,1388),(1388,1419,1424),(1420,1440,1419),(1419,1441,1424),(1388,1422,1416),(1388,1424,1422),(1416,1422,1421),(1421,1422,1423),(1422,1424,1423),(1423,1424,1425),(1414,1442,1415),(1424,1426,1425),(1424,1447,1426),(1424,1441,1446),(1424,1446,1447),(1426,1447,1446),(1392,1393,1573),(1391,1394,1573),(1393,1391,1573),(1394,1398,1659),(1395,1660,1396),(1396,1660,1412),(1398,1399,1659),(1399,1400,1659),(1416,1659,1417),(1416,1421,1659),(1400,1401,1659),(1401,1404,1659),(1404,1405,1659),(1405,1417,1659),(1412,1660,1413),(1413,1677,1414),(1414,1677,1442),(1421,1423,1689),(1423,1425,1689),(1425,1426,1689),(1426,1446,1689),(1445,1689,1446),(1445,1449,1689),(1366,1431,1427),(1368,1429,1371),(1368,1428,1429),(1384,1427,1430),(1427,1431,1430),(1428,1437,1429),(1370,1457,1431),(1429,1432,1371),(1371,1432,1379),(1431,1434,1430),(1429,1435,1432),(1429,1437,1435),(1431,1457,1434),(1432,1435,1465),(1384,1430,1433),(1430,1436,1433),(1430,1434,1436),(1434,1466,1436),(1409,1437,1428),(1409,1438,1437),(1409,1410,1438),(1420,1433,1440),(1410,1415,1439),(1410,1439,1438),(1437,1438,1450),(1438,1439,1452),(1419,1440,1441),(1433,1451,1440),(1440,1482,1441),(1415,1442,1439),(1439,1442,1443),(1442,1444,1443),(1439,1443,1453),(1443,1444,1453),(1441,1445,1446),(1441,1448,1445),(1445,1448,1449),(1441,1479,1448),(1435,1437,1450),(1438,1452,1450),(1435,1450,1469),(1433,1436,1451),(1440,1451,1482),(1439,1454,1452),(1436,1470,1451),(1450,1452,1471),(1452,1454,1472),(1439,1453,1454),(1453,1455,1454),(1454,1455,1472),(1378,1460,1457),(1432,1458,1379),(1379,1458,1461),(1457,1459,1434),(1432,1465,1458),(1457,1460,1459),(1458,1465,1462),(1378,1382,1460),(1382,2007,1460),(1458,1463,1461),(1461,1463,1899),(1458,1462,1463),(1460,1464,1459),(1460,2007,1464),(1463,1462,2012),(1434,1459,1466),(1435,1469,1465),(1459,1467,1466),(1465,1475,1462),(1465,1469,1475),(1436,1466,1470),(1466,1467,1468),(1466,1468,1470),(1459,1464,1467),(1464,2014,1467),(1462,1475,2012),(1475,2018,2012),(1467,2014,1468),(1468,2014,2019),(1450,1471,1469),(1452,1472,1471),(1469,1471,1476),(1469,1476,1475),(1471,1472,1477),(1471,1477,1476),(1472,1478,1477),(1455,1456,1473),(1455,1473,1472),(1472,1473,1474),(1472,1474,1478),(1473,1478,1474),(1475,1476,2018),(1476,2020,2018),(1476,1477,2020),(1477,1478,2021),(1477,2021,2020),(1478,2023,2021),(1478,2022,2023),(1448,1479,1449),(1441,1483,1479),(1441,1482,1483),(1451,1489,1482),(1451,1470,1489),(1482,1490,1483),(1482,1489,1490),(1479,1483,1480),(1480,1483,1481),(1480,1481,1484),(1481,1483,1484),(1483,1486,1484),(1483,1487,1486),(1483,1485,1487),(1485,1488,1487),(1483,1490,1485),(1485,1491,1488),(1470,1499,1489),(1468,1499,1470),(1489,1500,1490),(1489,1499,1500),(1490,1500,1503),(1485,1490,1491),(1488,1491,1492),(1490,1494,1491),(1491,1494,1492),(1492,1494,1493),(1493,1494,1495),(1494,1496,1495),(1494,1497,1496),(1494,1498,1497),(1490,1503,1494),(1495,1496,1502),(1495,1502,1497),(1496,1497,1502),(1494,1503,1498),(1468,2019,1499),(1499,2019,2076),(1499,2076,1500),(1500,2077,1503),(1500,2076,2077),(1503,2077,2080),(1503,2080,2078),(1501,2079,2081),(1501,2083,2079),(1501,2081,2083),(1442,1677,1444),(1444,1797,1453),(1453,1797,1455),(1455,1797,1456),(1456,1810,1473),(1473,1810,1478),(1478,1830,2022),(1449,1479,1802),(1479,1480,1802),(1480,1484,1802),(1484,1486,1802),(1486,1487,1802),(1487,1488,1802),(1488,1492,1854),(1503,2078,1740),(1492,1493,1854),(1493,1495,1854),(1495,1497,1854),(1497,1498,1854),(1498,1503,1854),(2078,2079,1747),(2079,2083,1746),(2083,2084,1746),(1868,2084,2085),(1253,1505,1504),(1253,1504,548),(1255,549,1509),(1253,1510,1505),(1253,1511,1510),(1253,1512,1511),(1255,1509,1514),(1289,1513,1512),(1289,1521,1513),(1289,1522,1521),(1270,1514,1515),(1270,1515,1529),(1289,1525,1522),(1289,1526,1525),(1289,1555,1526),(1270,1529,1530),(1309,1556,1555),(1309,1559,1556),(1300,1530,1531),(1309,1562,1559),(1300,1531,1564),(1300,1564,1565),(1309,1568,1562),(1309,1571,1568),(1309,1572,1571),(1309,1573,1572),(1394,1576,1575),(1394,1582,1576),(1394,1575,1573),(1395,1565,1574),(1395,1574,1593),(1395,1593,1660),(547,1506,1505),(1504,1505,1507),(547,1505,1510),(547,1510,1506),(1505,1506,1507),(1507,1506,1510),(1507,1510,1511),(1508,1519,1509),(1507,1511,1518),(1511,1512,1513),(1511,1513,1518),(1509,1515,1514),(1509,1519,1515),(1515,1519,1524),(552,1507,1518),(552,1518,1516),(553,1519,1508),(553,1517,1519),(1516,1539,559),(1516,1518,1527),(1517,1533,1519),(1516,1527,1539),(554,1520,1517),(1517,1520,1533),(1521,1523,1513),(1513,1523,1518),(1521,1522,1523),(1522,1525,1523),(1515,1524,1529),(1524,1534,1529),(1523,1525,1526),(1523,1526,1528),(1526,1556,1528),(1518,1523,1528),(1518,1528,1527),(1519,1534,1524),(1539,1527,1588),(1527,1528,1560),(1527,1560,1588),(1529,1534,1531),(1529,1531,1530),(1531,1534,1532),(1519,1533,1534),(1520,1535,1533),(1533,1566,1534),(1533,1535,1566),(559,1539,1536),(554,1537,1520),(562,1536,1538),(1537,570,1543),(562,1538,1544),(1539,1541,1536),(1536,1541,1538),(1520,1537,1540),(1537,1543,1540),(1520,1540,1535),(1538,1541,1549),(1539,1588,1541),(1535,1540,1598),(570,1542,1543),(1538,1551,1544),(1542,1548,1543),(572,1544,1547),(1544,1551,1547),(1542,1546,1548),(575,1546,1542),(572,1547,1545),(575,1610,1546),(1545,1547,1616),(1546,1610,1615),(1543,1550,1540),(1538,1549,1551),(1543,1548,1550),(1540,1550,1598),(1548,1601,1550),(1549,1600,1551),(1548,1552,1601),(1546,1552,1548),(1547,1551,1553),(1546,1615,1552),(1547,1553,1616),(1551,1600,1553),(1526,1555,1556),(1528,1556,1557),(1554,1557,1556),(1554,1558,1557),(1554,1556,1571),(1554,1571,1558),(1556,1559,1568),(1558,1559,1569),(1557,1558,1569),(1557,1569,1561),(1558,1570,1559),(1556,1568,1571),(1528,1557,1561),(1528,1561,1560),(1531,1532,1563),(1532,1567,1563),(1531,1563,1564),(1559,1562,1569),(1558,1571,1570),(1559,1570,1568),(1532,1534,1567),(1534,1566,1567),(1560,1586,1588),(1535,1590,1566),(1535,1598,1590),(1560,1561,1585),(1560,1585,1586),(1566,1584,1567),(1563,1567,1594),(1566,1590,1584),(1562,1568,1569),(1568,1570,1569),(1569,1570,1571),(1572,1573,1577),(1569,1571,1587),(1571,1572,1587),(1564,1574,1565),(1563,1594,1564),(1564,1594,1574),(1574,1594,1591),(1573,1575,1577),(1575,1580,1577),(1572,1577,1587),(1576,1578,1580),(1575,1576,1580),(1578,1579,1580),(1577,1580,1587),(1579,1581,1580),(1576,1583,1578),(1578,1583,1579),(1579,1582,1581),(1580,1581,1582),(1576,1582,1583),(1579,1653,1582),(1579,1583,1653),(1580,1656,1587),(1582,1653,1583),(1561,1569,1587),(1561,1587,1585),(1567,1584,1594),(1586,1585,1595),(1585,1587,1671),(1585,1671,1595),(1541,1588,1589),(1541,1589,1549),(1588,1586,1589),(1589,1586,1605),(1574,1591,1593),(1591,1594,1592),(1591,1592,1593),(1584,1596,1594),(1590,1597,1584),(1590,1603,1597),(1584,1597,1596),(1594,1596,1592),(1586,1595,1605),(1595,1672,1605),(1597,1681,1596),(1597,1603,1682),(1597,1682,1681),(1550,1599,1598),(1550,1601,1599),(1549,1604,1600),(1590,1598,1603),(1589,1604,1549),(1598,1599,1603),(1552,1631,1601),(1599,1601,1606),(1600,1604,1607),(1601,1631,1606),(1553,1600,1602),(1600,1607,1602),(1589,1605,1604),(1604,1605,1609),(1672,1609,1605),(1599,1608,1603),(1599,1606,1608),(1604,1609,1607),(1682,1603,1608),(1682,1608,1814),(1606,1637,1608),(1607,1609,1815),(1610,1612,1615),(1545,1616,1611),(1612,1618,1615),(1611,1616,1619),(1612,1614,1618),(1611,1619,1613),(1614,1625,1618),(1613,1619,1626),(1552,1615,1617),(1615,1618,1617),(1616,1632,1619),(1553,1632,1616),(1552,1617,1631),(1618,1625,1620),(1619,1633,1626),(1618,1620,1617),(1619,1632,1633),(1614,1621,1625),(1613,1626,1622),(1621,1628,1625),(1622,1626,1629),(1621,1623,1628),(1622,1629,1624),(1623,2113,1628),(1624,1629,2114),(1625,1628,1627),(1625,1627,1620),(1633,1642,1626),(1626,1642,1629),(1628,2113,1630),(1628,1630,1627),(1629,1642,1644),(1629,1644,2114),(1631,1636,1606),(1553,1602,1632),(1617,1634,1631),(1602,1635,1632),(1631,1634,1636),(1617,1620,1634),(1632,1635,1633),(1620,1643,1634),(1634,1643,1640),(1633,1635,1647),(1606,1636,1637),(1608,1637,1814),(1607,1815,1638),(1636,1639,1637),(1602,1607,1638),(1602,1638,1635),(1636,1640,1639),(1640,1646,1639),(1634,1640,1636),(1638,1641,1635),(1635,1641,1647),(1638,1818,1641),(1620,1627,1643),(1633,1647,1642),(1627,1645,1643),(1643,1645,1648),(1642,1647,1650),(1627,1630,1645),(1642,1650,1644),(1630,2130,1645),(1645,2130,1651),(1644,1650,2135),(1640,1648,1646),(1648,1837,1646),(1643,1648,1640),(1647,1649,1650),(1641,1649,1647),(1641,1836,1649),(1651,2134,1837),(1645,1651,1648),(1650,1652,2135),(1648,1651,1837),(1649,1652,1650),(1394,1654,1582),(1394,1655,1654),(1394,1657,1655),(1394,1659,1657),(1413,1660,1661),(1421,1665,1663),(1421,1662,1659),(1421,1663,1662),(1413,1661,1676),(1413,1676,1677),(1421,1666,1665),(1421,1667,1666),(1421,1669,1667),(1421,1685,1669),(1421,1688,1685),(1421,1687,1688),(1421,1689,1687),(1444,1677,1678),(1449,1691,1689),(1449,1690,1691),(1449,1694,1690),(1449,1695,1694),(1580,1582,1654),(1580,1654,1656),(1587,1656,1671),(1654,1655,1656),(1655,1657,1656),(1656,1657,1658),(1657,1659,1658),(1658,1659,1664),(1593,1661,1660),(1592,1680,1593),(1593,1680,1661),(1661,1680,1675),(1659,1662,1664),(1662,1668,1664),(1656,1658,1673),(1658,1664,1673),(1662,1663,1668),(1663,1665,1668),(1665,1666,1668),(1664,1668,1673),(1666,1667,1668),(1667,1669,1668),(1668,1669,1685),(1668,1688,1673),(1595,1671,1674),(1592,1596,1680),(1596,1681,1680),(1595,1674,1672),(1656,1673,1671),(1671,1673,1674),(1661,1675,1676),(1675,1680,1676),(1676,1680,1678),(1676,1678,1677),(1680,1679,1678),(1682,1684,1681),(1682,1814,1684),(1680,1681,1683),(1672,1674,1697),(1681,1684,1683),(1680,1683,1679),(1668,1686,1670),(1668,1685,1686),(1668,1670,1688),(1670,1686,1685),(1670,1685,1688),(1687,1673,1688),(1687,1692,1673),(1687,1689,1692),(1673,1692,1693),(1691,1690,1693),(1689,1691,1692),(1691,1693,1692),(1678,1679,1795),(1690,1694,1693),(1693,1694,1798),(1694,1695,1798),(1693,1798,1800),(1695,1800,1798),(1693,1800,1805),(1673,1696,1674),(1673,1693,1696),(1674,1696,1697),(1697,1696,1806),(1693,1805,1696),(1672,1698,1609),(1609,1698,1815),(1672,1697,1698),(1697,1820,1698),(1444,1678,1795),(1444,1795,1797),(1449,1800,1695),(1449,1799,1800),(1449,1802,1799),(1456,1797,1807),(1456,1807,1809),(1456,1809,1810),(1478,1810,1824),(1478,1824,1830),(1488,1847,1802),(1488,1848,1847),(1488,1849,1848),(1488,1851,1849),(1488,1852,1851),(1488,1854,1852),(1503,1699,1700),(1503,1705,1699),(1503,1704,1705),(1503,1706,1704),(1503,1714,1706),(1503,1716,1714),(1503,1856,1854),(1503,1700,1863),(1503,1858,1856),(1503,1859,1858),(1503,1862,1859),(1503,1863,1862),(2085,1742,1745),(2086,1756,1742),(2086,1757,1756),(2086,1758,1757),(1503,1717,1716),(1503,1718,1717),(1503,1740,1718),(2078,1747,1740),(2079,1746,1750),(2084,1748,1746),(2079,1749,1747),(1868,2079,1750),(1868,1749,2079),(1868,1748,2084),(1868,2085,1745),(1863,1700,1702),(1863,1702,1703),(1863,1703,1707),(1709,1702,1700),(1709,1710,1702),(1720,1710,1709),(1863,1707,1708),(1719,1714,1716),(1719,1722,1714),(1720,1727,1710),(1721,1727,1720),(1713,1712,1725),(1713,1725,1723),(1730,1731,1728),(1734,1730,1728),(1719,1718,1740),(1754,1719,1740),(1754,1722,1719),(1754,1721,1722),(1754,1727,1721),(1747,1753,1740),(1868,1745,1743),(1760,1758,1728),(1743,1760,1729),(1743,1729,1761),(1760,1728,1731),(1760,1731,1729),(1743,1761,1762),(1761,1729,1736),(1761,1736,1764),(1684,1804,1683),(1684,1814,1794),(1684,1794,1804),(1679,1803,1795),(1795,1803,1796),(1795,1796,1797),(1796,1807,1797),(1796,1803,1807),(1799,1805,1800),(1799,1801,1805),(1799,1802,1801),(1801,1847,1805),(1679,1683,1803),(1683,1804,1803),(1697,1806,1820),(1803,1804,1813),(1794,1811,1804),(1696,1805,1806),(1805,1855,1806),(1806,1812,1820),(1803,1808,1807),(1807,1808,1809),(1808,1828,1809),(1804,1811,1813),(1794,1821,1811),(1811,1821,1826),(1803,1813,1808),(1812,1823,1820),(1806,1855,1812),(1813,1828,1808),(1813,1811,1827),(1812,1829,1823),(1637,1816,1814),(1638,1815,1818),(1637,1639,1816),(1698,1817,1815),(1814,1816,1794),(1815,1817,1818),(1816,1639,1819),(1639,1646,1819),(1816,1819,1821),(1816,1821,1794),(1818,1817,1822),(1819,1842,1821),(1818,1822,1836),(1641,1818,1836),(1698,1820,1817),(1817,1820,1823),(1817,1823,1822),(1822,1823,1843),(1809,1824,1810),(1809,1828,1824),(1824,1828,1825),(1824,1825,1830),(1825,1828,1830),(1813,1827,1828),(1811,1826,1827),(1827,1832,1828),(1828,1832,1830),(1827,1833,1832),(1826,1833,1827),(1826,1831,1833),(1830,2300,2295),(1830,2295,2294),(1830,1832,2300),(1832,1833,2299),(1832,2299,2300),(1831,2298,1833),(1833,2298,2299),(1819,1646,1834),(1646,1837,1834),(1819,1834,1842),(1836,1822,1835),(1834,1838,1842),(1836,1835,1841),(1649,1836,1841),(1834,1837,1839),(1837,2134,1839),(1834,1839,1838),(1841,1835,1840),(1839,2316,1838),(1841,1840,2312),(1649,1841,1652),(1652,1841,2312),(1821,1842,1826),(1822,1843,1835),(1831,1842,1838),(1826,1842,1831),(1835,1843,1844),(1823,1829,1843),(1843,1845,1844),(1829,1845,1843),(1835,1844,1840),(1831,1838,2316),(1831,2316,2298),(1840,1844,2318),(1844,1845,2318),(1845,2301,2318),(1801,1802,1847),(1847,1850,1805),(1846,1848,1849),(1846,1849,1850),(1846,1850,1848),(1847,1848,1850),(1849,1851,1850),(1850,1851,1852),(1850,1852,1853),(1852,1854,1853),(1850,1853,1864),(1853,1854,1857),(1805,1850,1855),(1850,1864,1855),(1855,1864,1865),(1812,1855,1865),(1812,1865,1829),(1854,1856,1857),(1853,1857,1864),(1856,1858,1861),(1858,1859,1861),(1859,1860,1861),(1860,1862,1861),(1861,1862,1863),(1856,1861,1857),(1857,1861,1864),(1863,1708,1711),(1863,1711,1723),(1863,1723,1725),(1863,1725,1726),(1863,1726,1727),(1859,1866,1860),(1859,1862,1866),(1860,1866,1862),(1861,1863,1868),(1861,1868,1864),(1863,1727,1754),(1863,1754,1868),(1864,1869,1865),(1864,1868,1869),(1865,1869,1870),(1829,1865,1870),(1829,1870,1845),(2362,1762,1763),(2362,1763,1764),(2362,1764,1736),(2362,1736,1738),(2362,1738,1737),(1868,2362,2365),(1867,2364,2363),(1867,2363,2366),(1867,2366,2364),(1868,2365,2373),(1868,1754,1751),(1868,1750,1752),(1868,1752,1748),(1868,1751,1749),(1868,1743,1762),(1868,1762,2362),(1868,2373,1869),(1869,2374,1870),(1869,2373,2374),(1870,2301,1845),(1870,2374,2301),(1354,1876,1871),(1353,1872,1875),(1871,1876,1879),(1872,1878,1875),(1871,1879,1873),(1872,1874,1878),(1874,1886,1878),(1873,1879,1887),(1876,1877,1879),(1875,1878,1893),(1360,1877,1876),(1374,1875,1893),(1878,1886,1903),(1879,1880,1887),(1878,1903,1893),(1879,1877,1880),(1873,1887,1882),(1874,1881,1886),(1882,1887,1883),(1881,1884,1886),(1882,1883,806),(807,1884,1881),(806,1883,1885),(807,1918,1884),(1884,1918,1889),(1883,1891,1885),(1885,1891,1920),(1887,1880,1888),(1887,1888,1883),(1884,1890,1886),(1886,1890,1903),(1880,1904,1888),(1883,1888,1891),(1884,1889,1890),(1889,1906,1890),(1891,1924,1920),(1888,1907,1891),(1891,1907,1924),(1889,1925,1906),(1374,1893,1896),(1360,1892,1877),(1877,1892,1894),(1893,1895,1896),(1892,1897,1894),(1877,1894,1880),(1893,1903,1895),(1880,1894,1904),(1894,1901,1904),(1381,1897,1892),(1896,1895,1898),(1382,1896,1898),(1382,1898,2007),(1381,1899,1897),(1897,1899,1902),(1894,1897,1901),(1898,1895,1900),(1898,1900,2009),(1897,1902,1901),(1901,1902,1910),(1890,1905,1903),(1903,1905,1895),(1888,1904,1907),(1904,1901,1909),(1904,1909,1907),(1890,1906,1905),(1905,1906,1911),(1907,1908,1924),(1906,1925,1912),(1908,1961,1924),(1907,1909,1908),(1906,1912,1911),(1908,1913,1961),(1905,1900,1895),(1905,1911,1900),(1901,1910,1909),(1900,1911,2035),(1909,1910,1914),(1911,1915,2035),(1914,1910,2036),(1914,2036,2044),(1912,1915,1911),(1908,1909,1914),(1908,1914,1913),(1913,1914,2044),(1912,1964,1915),(1915,1964,2047),(1913,2044,1916),(1916,2044,2045),(1916,2045,1917),(1885,1920,861),(862,1921,1918),(861,1920,1919),(1889,1918,1921),(1919,1920,1923),(1919,1923,1929),(862,1922,1921),(1919,1929,871),(864,1926,1922),(1921,1922,1927),(1922,1926,1927),(1889,1921,1925),(1920,1924,1923),(1921,1927,1925),(1929,1923,1935),(1923,1924,1961),(1923,1961,1935),(1926,1963,1927),(871,1929,1928),(864,1945,1926),(872,1928,1930),(872,1930,1931),(1928,1929,1936),(1926,1945,1937),(1928,1936,1930),(1930,1932,1931),(1932,1934,1933),(1930,1934,1932),(1930,1940,1934),(1929,1935,1936),(1926,1937,1963),(1930,1936,1938),(1930,1938,1940),(1935,1969,1936),(1936,1969,1938),(1963,1937,1970),(1937,1939,1970),(1934,1940,1944),(1938,1944,1940),(1938,1942,1944),(1938,1943,1942),(1941,1944,1942),(883,1946,1945),(883,1948,1946),(1945,1946,1937),(1948,1950,1952),(1947,1949,1948),(1948,1949,1950),(1946,1948,1952),(1946,1952,1951),(1951,1953,1954),(1946,1951,1954),(1946,1939,1937),(1946,1956,1939),(1946,1954,1956),(1954,1955,1956),(1956,1955,1957),(1956,1957,1958),(1956,1958,1960),(1939,1956,1960),(1939,1960,1959),(1939,1959,1974),(1925,1927,1962),(1925,1962,1912),(1961,1913,1965),(1927,1963,1962),(1962,1963,1982),(1962,1964,1912),(1962,1982,1964),(1935,1965,1969),(1961,1965,1935),(1965,1983,1969),(1969,1983,1971),(1966,1971,1984),(1963,1970,1982),(1938,1969,1971),(1938,1971,1943),(1939,1972,1970),(1939,1976,1972),(1970,1994,1982),(1970,1972,1994),(1942,1943,1966),(1943,1971,1966),(1939,1974,1976),(1973,1974,1959),(1975,1977,1976),(1974,1975,1976),(1975,1979,1977),(1976,1977,1978),(1977,1979,1978),(1975,1980,1979),(1942,1966,1968),(1976,1978,1995),(1972,1976,1995),(1978,1979,1980),(1978,1980,1995),(1980,1981,1995),(1965,1913,1916),(1965,1916,1983),(1917,1984,1983),(1982,1994,1985),(1971,1983,1984),(2047,1964,1985),(1916,1917,1983),(1917,1990,1984),(1964,1982,1985),(1994,2097,1985),(1986,2097,1994),(1968,1984,1987),(1966,1984,1968),(1968,1987,1967),(1984,1988,1987),(1984,1990,1988),(1987,1988,1989),(1988,1990,1989),(1993,2005,2006),(1991,1993,2006),(1986,1993,2102),(1991,1992,1993),(1993,1992,2104),(1993,2104,2105),(1972,1995,1986),(1972,1986,1994),(1995,1999,1998),(1995,1998,1996),(1995,1981,1999),(1986,1996,1997),(1986,1995,1996),(1997,2000,2002),(1986,1997,2002),(1986,2002,2003),(1986,2003,1993),(1993,2003,2004),(2003,2005,2004),(1993,2004,2005),(873,1932,2194),(1932,1933,2194),(1933,1934,2201),(1934,1944,2201),(1941,2201,1944),(884,2225,1947),(1947,2225,1949),(1949,2225,1950),(1951,1952,2225),(1952,1950,2225),(1951,2225,1953),(1953,2240,1954),(1954,2240,1955),(1957,2240,1958),(1958,2240,1960),(1959,1960,2240),(1973,1959,2240),(1955,2240,1957),(1968,1967,2236),(1941,1942,2236),(1973,2268,1974),(1942,1968,2236),(1980,2268,1981),(1974,2268,1975),(1975,2268,1980),(1967,1987,2383),(1987,1989,2383),(1989,2098,2383),(2002,2386,2003),(2000,2386,2002),(2003,2386,2005),(2005,2386,2006),(1991,2006,2386),(1991,2386,1992),(1996,2268,1997),(1996,1998,2268),(1999,2268,1998),(1999,1981,2268),(1997,2268,2000),(1898,2009,2007),(1463,2008,1899),(1899,2008,1902),(1464,2007,2013),(1463,2012,2008),(2007,2009,2013),(2008,2012,2015),(2008,2010,1902),(1902,2010,1910),(1900,2035,2009),(2009,2011,2013),(2008,2015,2010),(2010,2015,2017),(2009,2035,2011),(2010,2017,2036),(1464,2013,2014),(2012,2018,2015),(2013,2016,2014),(2014,2016,2019),(2013,2011,2016),(2011,2038,2016),(2015,2018,2026),(2018,2020,2026),(2030,2020,2021),(2016,2029,2019),(2026,2020,2030),(2030,2021,2033),(2021,2023,2022),(2021,2022,2025),(2022,2024,2025),(2021,2025,2033),(2015,2026,2017),(2026,2030,2027),(2017,2026,2027),(2030,2028,2027),(2016,2038,2029),(2029,2060,2089),(2030,2033,2028),(2029,2038,2060),(2089,2060,2061),(2034,2031,2032),(2028,2034,2032),(2034,2033,2025),(2028,2033,2034),(2010,2036,1910),(2035,1915,2037),(2035,2037,2011),(1915,2047,2037),(2047,2059,2037),(2011,2037,2038),(2037,2059,2038),(2036,2039,2044),(2036,2017,2039),(2039,2017,2027),(2039,2027,2040),(2039,2040,2045),(2046,2040,2042),(2039,2045,2044),(2047,1985,2048),(1917,2046,1990),(1917,2045,2046),(2047,2048,2059),(2045,2040,2046),(2048,2097,2049),(2051,2098,1989),(2046,1989,1990),(2046,2051,1989),(2046,2050,2051),(2051,2050,2052),(2046,2043,2052),(2046,2052,2050),(2046,2042,2043),(2052,2043,2041),(2049,2058,2073),(2057,2075,2053),(2049,2106,2058),(2054,2057,2056),(2054,2055,2058),(2054,2073,2106),(2057,2108,2073),(2054,2108,2057),(2054,2056,2073),(2057,2058,2056),(2055,2056,2058),(2057,2053,2058),(2038,2059,2060),(2027,2028,2040),(2028,2042,2040),(2059,2067,2060),(2067,2061,2060),(2067,2068,2061),(2028,2062,2042),(2028,2032,2062),(2032,2031,2062),(2043,2042,2062),(2093,2061,2064),(2064,2065,2063),(2061,2065,2064),(2063,2065,2066),(2068,2065,2061),(2068,2066,2065),(2068,2071,2066),(2059,2048,2067),(2049,2068,2067),(2048,2049,2067),(2069,2072,2070),(2069,2070,2068),(2070,2071,2068),(2049,2069,2068),(2074,2072,2069),(2049,2073,2074),(2049,2074,2069),(2057,2073,2075),(2058,2075,2073),(2058,2053,2075),(2019,2029,2076),(2076,2029,2089),(2076,2089,2077),(2077,2089,2090),(2078,2080,2079),(2080,2083,2081),(2079,2080,2081),(2077,2082,2085),(2077,2087,2082),(2077,2085,2080),(2080,2085,2084),(2080,2084,2083),(2082,2086,2085),(2082,2087,2086),(2077,2090,2087),(2086,2087,2088),(2089,2061,2090),(2091,2092,2094),(2090,2096,2092),(2091,2094,2096),(2092,2096,2094),(2090,2095,2096),(2087,2090,2088),(2088,2090,2091),(2090,2092,2091),(2090,2061,2093),(2090,2093,2095),(2093,2063,2095),(2093,2064,2063),(1830,2024,2022),(2034,2025,2296),(2024,2296,2025),(2031,2302,2062),(2034,2296,2031),(2051,2321,2098),(2051,2052,2321),(2052,2041,2321),(2054,2101,2353),(2054,2353,2055),(2043,2062,2302),(2041,2043,2302),(2063,2066,2342),(2071,2342,2066),(2070,2342,2071),(2070,2072,2342),(2074,2353,2072),(2056,2353,2073),(2073,2353,2074),(2055,2353,2056),(2085,2086,1742),(2088,2091,2370),(2086,2088,2370),(2096,2095,2370),(2095,2063,2370),(2091,2096,2370),(2048,1985,2097),(1986,2102,2097),(2049,2097,2102),(2099,2101,2107),(2102,2100,2099),(2103,2099,2100),(2102,2103,2100),(2001,2103,2105),(2001,2099,2103),(2001,2105,2099),(1993,2105,2103),(1993,2103,2102),(2049,2102,2099),(2049,2107,2106),(2073,2108,2106),(2049,2099,2107),(2054,2107,2101),(2058,2106,2108),(2054,2106,2107),(2054,2058,2108),(2105,2386,2099),(2099,2386,2101),(2104,2386,2105),(1992,2386,2104),(1623,2109,2113),(1624,2114,2110),(2109,2116,2113),(2110,2114,2117),(2109,2111,2116),(2110,2117,2112),(2111,2124,2116),(2112,2117,2125),(2113,2116,2115),(2114,2131,2117),(1630,2113,2115),(1644,2131,2114),(2116,2124,2118),(2117,2144,2125),(2116,2118,2115),(2117,2131,2144),(2111,2119,2124),(2112,2125,2120),(2119,2122,2124),(2120,2125,2123),(2121,2127,2122),(2121,2210,2127),(2119,1081,2122),(1081,2121,2122),(1082,2120,2123),(1082,2123,2212),(2123,2128,2212),(2124,2126,2118),(2124,2122,2126),(2123,2125,2129),(2125,2144,2129),(2118,2126,2143),(2127,2210,2215),(2126,2127,2146),(2127,2215,2146),(2128,2148,2216),(2122,2127,2126),(2123,2129,2128),(2128,2129,2148),(1630,2115,2130),(1644,2135,2131),(2115,2132,2130),(2130,2132,2136),(2131,2135,2133),(2115,2118,2132),(2118,2143,2132),(2131,2133,2144),(2132,2143,2138),(1651,2136,2134),(2136,2139,2134),(1651,2130,2136),(2135,2137,2133),(1652,2137,2135),(1652,2312,2137),(2136,2138,2139),(2138,2150,2139),(2132,2138,2136),(2137,2140,2133),(2137,2313,2140),(2142,2141,2336),(2142,2337,2152),(2142,2336,2337),(2126,2146,2143),(2143,2149,2138),(2143,2146,2149),(2129,2144,2145),(2144,2133,2145),(2147,2215,2276),(2146,2215,2147),(2148,2153,2216),(2146,2147,2149),(2147,2276,2152),(2148,2151,2153),(2129,2145,2148),(2145,2151,2148),(2138,2149,2150),(2140,2359,2151),(2154,2358,2150),(2337,2358,2154),(2149,2154,2150),(2151,2359,2155),(2145,2133,2140),(2145,2140,2151),(2147,2154,2149),(2153,2151,2155),(2147,2152,2154),(2337,2154,2152),(2153,2155,2279),(2338,2279,2155),(873,2194,2193),(1933,2195,2194),(1933,2204,2195),(1933,2201,2204),(1941,2202,2201),(884,2176,2223),(884,2223,2224),(884,2224,2225),(1953,2225,2226),(1953,2226,2229),(1953,2229,2231),(1953,2231,2232),(1953,2232,2233),(1953,2233,2234),(1953,2234,2240),(2157,2159,2158),(2158,2161,1142),(2158,1142,2174),(2158,2159,2160),(2158,2160,2161),(2157,2158,2174),(1142,2161,2162),(1142,2162,2163),(2165,2182,2167),(1142,2163,2174),(2165,2171,2175),(2167,2182,2173),(2165,2175,2177),(2165,2177,2182),(2165,2167,2171),(2167,2169,2172),(2167,2172,2171),(2167,2173,2169),(2169,2173,2172),(2171,2172,2173),(2177,2178,2180),(2178,2179,2180),(2182,2177,2180),(2177,2221,2178),(2178,2221,2179),(2179,2221,2180),(2175,2220,2177),(2176,2181,2223),(2156,2183,2157),(2157,2184,2159),(2159,2185,2160),(2160,2186,2161),(2161,2186,2164),(2164,2186,2176),(2170,2171,2187),(2171,2173,2187),(2173,2182,2188),(2176,2189,2181),(2180,2181,2190),(2182,2180,2191),(2157,2183,2184),(2159,2184,2185),(2160,2185,2186),(2176,2186,2189),(2188,2182,2191),(2173,2188,2187),(2181,2189,2190),(2180,2190,2191),(1941,2237,2202),(1973,2240,2241),(1973,2241,2242),(1973,2242,2245),(1941,2236,2237),(1973,2245,2247),(1973,2247,2264),(1973,2264,2267),(1973,2267,2268),(1967,2254,2252),(1967,2252,2236),(1967,2383,2254),(2000,2257,2389),(2000,2389,2390),(2000,2390,2385),(2000,2268,2272),(2000,2270,2271),(2000,2271,2256),(2000,2256,2257),(2000,2269,2270),(2000,2274,2269),(2000,2272,2274),(2192,2193,2198),(2193,2194,2195),(2193,2195,2198),(2195,2200,2198),(1210,2196,2197),(1211,2192,2198),(1211,2198,2196),(1223,2217,2227),(2196,2205,2197),(2196,2198,2205),(2217,2206,2227),(2195,2204,2200),(2200,2204,2207),(2202,2207,2204),(2201,2202,2204),(2202,2203,2207),(2197,2205,2199),(2198,2200,2207),(2198,2207,2205),(2217,2278,2206),(2205,2207,2248),(2199,2205,2248),(2206,2249,2208),(2206,2278,2249),(2121,1219,2210),(1219,2209,2210),(1220,2212,2211),(2128,2211,2212),(2209,2214,2210),(2197,2214,2209),(1210,2197,2209),(1220,2211,2213),(1223,2213,2217),(2213,2218,2217),(2211,2218,2213),(2210,2214,2215),(2128,2216,2211),(2197,2199,2214),(2211,2216,2218),(2214,2276,2215),(2199,2276,2214),(2217,2218,2278),(2170,2219,2171),(2171,2219,2220),(2171,2220,2175),(2180,2223,2181),(2177,2220,2221),(2180,2221,2223),(2219,2222,2220),(2222,2221,2220),(2222,2223,2221),(2222,2228,2223),(2224,2226,2225),(2223,2228,2224),(2224,2228,2226),(1234,2228,2222),(1234,2227,2228),(2227,2206,2228),(2226,2230,2229),(2226,2228,2230),(2229,2230,2231),(2230,2232,2231),(2230,2233,2232),(2208,2233,2230),(2208,2234,2233),(2208,2241,2234),(2228,2208,2230),(2228,2206,2208),(2199,2248,2238),(2199,2238,2276),(2248,2250,2259),(2235,2260,2250),(2238,2248,2259),(2202,2235,2203),(2203,2235,2250),(2240,2234,2241),(2208,2243,2241),(2239,2242,2243),(2242,2241,2243),(2239,2243,2244),(2239,2244,2246),(2242,2246,2245),(2239,2246,2242),(2202,2237,2235),(2244,2245,2246),(2244,2265,2245),(2243,2265,2244),(2243,2251,2265),(2245,2265,2247),(2207,2250,2248),(2203,2250,2207),(2249,2278,2261),(2208,2249,2251),(2208,2251,2243),(2249,2275,2251),(2249,2261,2275),(2237,2252,2260),(2237,2236,2252),(2235,2237,2260),(2252,2253,2260),(2253,2255,2260),(2252,2254,2253),(2253,2254,2255),(2258,2271,2270),(2256,2271,2258),(2256,2258,2257),(2258,2389,2257),(2258,2390,2389),(2258,2263,2388),(2141,2259,2260),(2238,2142,2152),(2238,2259,2142),(2250,2260,2259),(2261,2262,2275),(2142,2259,2141),(2141,2260,2255),(2338,2262,2279),(2263,2275,2394),(2261,2279,2262),(2275,2262,2394),(2264,2247,2265),(2264,2265,2266),(2264,2266,2267),(2265,2267,2266),(2267,2272,2268),(2263,2267,2265),(2258,2270,2269),(2258,2269,2274),(2263,2272,2267),(2258,2274,2263),(2263,2274,2272),(2251,2263,2265),(2251,2275,2263),(2216,2277,2218),(2238,2152,2276),(2216,2153,2277),(2218,2277,2278),(2277,2261,2278),(2277,2153,2279),(2277,2279,2261),(1830,2294,2024),(2024,2294,2296),(2031,2305,2302),(2031,2296,2297),(2031,2297,2305),(2041,2341,2323),(2041,2323,2321),(2098,2321,2328),(2098,2328,2327),(2098,2327,2383),(2101,2332,2355),(2101,2355,2356),(2101,2356,2353),(2041,2302,2341),(2072,2344,2342),(2072,2349,2344),(2072,2351,2349),(2072,2353,2351),(2086,1728,1758),(2086,1732,1728),(2086,1733,1732),(2086,2280,1733),(2086,2281,2280),(2086,2282,2281),(2086,2284,2282),(2086,2362,2284),(2086,2363,2362),(2086,2366,2363),(2086,2367,2366),(2086,2368,2367),(2086,2370,2368),(2063,2371,2370),(2063,2375,2371),(2063,2379,2375),(2063,2378,2379),(2063,2342,2378),(1735,2283,2284),(2283,2282,2284),(2362,1737,2287),(2362,2287,2285),(2362,2285,2284),(2295,2300,2294),(2294,2300,2297),(2294,2297,2296),(2297,2300,2304),(2298,2319,2306),(2309,2300,2299),(2298,2306,2299),(2309,2304,2300),(2309,2299,2306),(2301,2310,2320),(2305,2303,2302),(2305,2307,2303),(2305,2297,2304),(2305,2304,2307),(2309,2306,2308),(2293,2306,2319),(2309,2308,2307),(2293,2308,2306),(2309,2307,2304),(2310,2361,2320),(2310,2382,2348),(2382,2347,2348),(2310,2348,2361),(1839,2134,2311),(2134,2139,2311),(1839,2311,2316),(1840,2317,2312),(2311,2319,2316),(2312,2317,2313),(2137,2312,2313),(2311,2139,2314),(2139,2150,2314),(2140,2313,2359),(2311,2314,2319),(2314,2293,2319),(2313,2317,2315),(2314,2358,2293),(2313,2315,2359),(2298,2316,2319),(1840,2318,2317),(2317,2318,2320),(2301,2320,2318),(2317,2320,2315),(2315,2320,2361),(2325,2358,2337),(2325,2324,2308),(2325,2293,2358),(2325,2308,2293),(2325,2336,2324),(2335,2322,2324),(2327,2254,2383),(2335,2255,2254),(2327,2335,2254),(2327,2326,2335),(2327,2328,2326),(2328,2323,2335),(2326,2328,2335),(2328,2321,2323),(2335,2323,2322),(2333,2329,2354),(2334,2339,2355),(2330,2332,2333),(2330,2334,2331),(2330,2333,2391),(2333,2354,2391),(2330,2392,2355),(2333,2332,2334),(2331,2334,2332),(2333,2334,2329),(2330,2355,2332),(2354,2355,2391),(2334,2392,2339),(2325,2337,2336),(2141,2255,2335),(2141,2335,2336),(2338,2340,2262),(2335,2324,2336),(2338,2346,2340),(2339,2394,2340),(2307,2322,2341),(2303,2341,2302),(2303,2307,2341),(2323,2341,2322),(2380,2343,2347),(2343,2342,2345),(2342,2344,2345),(2343,2345,2347),(2350,2345,2344),(2350,2347,2345),(2349,2350,2344),(2307,2308,2324),(2307,2324,2322),(2346,2361,2348),(2346,2348,2357),(2357,2348,2347),(2350,2357,2347),(2351,2350,2349),(2351,2353,2352),(2351,2352,2350),(2352,2339,2350),(2356,2352,2353),(2334,2354,2329),(2334,2355,2354),(2355,2339,2356),(2356,2339,2352),(2350,2339,2357),(2346,2357,2340),(2339,2340,2357),(2314,2150,2358),(2359,2360,2155),(2359,2315,2360),(2338,2155,2360),(2338,2360,2346),(2315,2361,2360),(2346,2360,2361),(2362,2363,2365),(2364,2366,2365),(2363,2364,2365),(2365,2366,2367),(2365,2367,2368),(2365,2368,2373),(2368,2370,2369),(2368,2369,2373),(2369,2372,2373),(2369,2370,2372),(2370,2371,2372),(2372,2377,2373),(2373,2382,2374),(2373,2377,2382),(2301,2374,2310),(2374,2382,2310),(2375,2381,2376),(2376,2379,2377),(2375,2379,2381),(2376,2381,2379),(2377,2379,2378),(2371,2375,2377),(2375,2376,2377),(2371,2377,2372),(2377,2380,2347),(2377,2378,2380),(2378,2342,2380),(2380,2342,2343),(2377,2347,2382),(2000,2385,2386),(2101,2331,2332),(2101,2330,2331),(2101,2386,2330),(2385,2393,2386),(2387,2384,2385),(2388,2385,2384),(2387,2388,2384),(2258,2387,2390),(2258,2388,2387),(2273,2390,2387),(2273,2387,2385),(2273,2385,2390),(2330,2386,2393),(2334,2391,2392),(2330,2393,2392),(2339,2385,2388),(2355,2392,2391),(2339,2392,2393),(2339,2393,2385),(2330,2391,2334),(2340,2394,2262),(2263,2394,2388),(2339,2388,2394),(1701,1709,1700),(1701,1702,1710),(1701,1744,1709),(1701,1710,1744),(1724,1712,1713),(1766,1700,1699),(1701,1700,1767),(1701,1768,1702),(1768,1703,1702),(1715,1714,1722),(1715,1719,1716),(1715,1744,1719),(1769,1705,1704),(1770,1699,1705),(1771,1704,1706),(1771,1706,1714),(1715,1722,1744),(1744,1720,1709),(1744,1721,1720),(1744,1722,1721),(1724,1713,1723),(1724,1725,1712),(1744,1710,1727),(1768,1707,1703),(1774,1708,1707),(1775,1711,1708),(1776,1723,1711),(1759,1729,1731),(1759,1731,1730),(1759,1734,1728),(1759,1730,1734),(1739,1718,1719),(1739,1719,1744),(1739,1744,1740),(1741,1740,1753),(1741,1742,1756),(1741,1746,1742),(1746,1745,1742),(1744,1754,1740),(1741,1753,1746),(1747,1746,1753),(1746,1748,1745),(1747,1750,1746),(1747,1749,1750),(1752,1750,1749),(1755,1760,1743),(1755,1743,1745),(1751,1752,1749),(1755,1745,1748),(1755,1752,1751),(1755,1748,1752),(1755,1751,1754),(1759,1758,1760),(1759,1760,1755),(1759,1765,1729),(1788,1728,1732),(1789,1732,1733),(2288,1733,2280),(1759,1755,1761),(1759,1761,1765),(1765,1761,1764),(1765,1736,1729),(1755,1762,1761),(1792,2287,1737),(1793,1738,1736),(1793,1737,1738),(1766,1767,1700),(1701,1767,1768),(1715,1771,1714),(1715,1716,1772),(1773,1716,1717),(1773,1717,1718),(1769,1770,1705),(1770,1766,1699),(1769,1704,1771),(1724,1723,1777),(1724,1778,1725),(1778,1726,1725),(1778,1727,1726),(1768,1774,1707),(1774,1775,1708),(1775,1776,1711),(1715,1772,1771),(1772,1716,1773),(1766,1783,1767),(1769,1771,1783),(1769,1783,1770),(1770,1783,1766),(1772,1783,1771),(1776,1777,1723),(1724,1777,1778),(1767,1783,1768),(1768,1783,1774),(1774,1783,1775),(1775,1783,1776),(1776,1783,1777),(1739,1773,1718),(1739,1740,1779),(1741,1780,1740),(1741,1756,1781),(1744,1727,1782),(1744,1784,1754),(1755,1754,1785),(1786,1756,1757),(1786,1757,1758),(1759,1786,1758),(1759,1728,1787),(1787,1728,1788),(1788,1732,1789),(1789,1733,2288),(1755,1790,1762),(1790,1763,1762),(1790,1764,1763),(1765,1764,1791),(1765,1793,1736),(1793,1792,1737),(2292,2287,1792),(1739,1779,1773),(1779,1740,1780),(1741,1781,1780),(1772,1773,1783),(1773,1779,1783),(1779,1780,1783),(1780,1781,1783),(1781,1786,1783),(1778,1782,1727),(1744,1782,1784),(1784,1785,1754),(1755,1785,1790),(1777,1783,1778),(1778,1783,1782),(1782,1783,1784),(1783,1790,1785),(1783,1785,1784),(1781,1756,1786),(1759,1787,1786),(1786,1787,1783),(1787,1788,1783),(1788,1789,1783),(1789,2288,1783),(2288,2289,1783),(2289,2291,1783),(1790,1791,1764),(1765,1791,1793),(1783,1791,1790),(1783,1793,1791),(1783,1792,1793),(1783,2292,1792),(1783,2291,2290),(1783,2290,2292),(2286,2283,1735),(2286,2282,2283),(2286,1735,2284),(2289,2280,2281),(2289,2281,2282),(2286,2289,2282),(2290,2284,2285),(2286,2284,2291),(2292,2285,2287),(2288,2280,2289),(2286,2291,2289),(2290,2285,2292),(2291,2284,2290)),$);
#411=IFCSHAPEREPRESENTATION(#20,'Body','Tessellation',(#410));
#412=IFCCARTESIANPOINT((0.,0.,0.));
#413=IFCDIRECTION((1.,0.,0.));
#414=IFCDIRECTION((0.,0.,1.));
#415=IFCAXIS2PLACEMENT3D(#412,#414,#413);
#416=IFCREPRESENTATIONMAP(#415,#411);
#417=IFCOWNERHISTORY(#3,#12,.READWRITE.,.ADDED.,1788297448,#3,#12,1788297448);
#418=IFCPROPERTYSET('2XX8jVvuH7Lw951kkZa3JS',#417,'Pset_ElementSize',$,(#419,#420,#421));
#419=IFCPROPERTYSINGLEVALUE('NominalLength',$,IFCPOSITIVELENGTHMEASURE(5.5),$);
#420=IFCPROPERTYSINGLEVALUE('NominalWidth',$,IFCPOSITIVELENGTHMEASURE(5.5),$);
#421=IFCPROPERTYSINGLEVALUE('NominalHeight',$,IFCPOSITIVELENGTHMEASURE(12.5),$);
#422=IFCOWNERHISTORY(#3,#12,.READWRITE.,.MODIFIED.,1788297448,#3,#12,1788297448);
#423=IFCTANK('3oAhgwet55e8hwzC$_7ORw',#422,'Reactor Pressure Vessel',$,$,#424,#438,'el-e787b093-a595-47b7-b590-5ade498adbd2',$);
#424=IFCLOCALPLACEMENT(#60,#428);
#425=IFCCARTESIANPOINT((-2.5,-2.5,2.));
#426=IFCDIRECTION((0.,0.,1.));
#427=IFCDIRECTION((1.,0.,0.));
#428=IFCAXIS2PLACEMENT3D(#425,#426,#427);
#429=IFCOWNERHISTORY(#3,#12,.READWRITE.,.ADDED.,1788297448,#3,#12,1788297448);
#430=IFCRELDEFINESBYTYPE('1RM0ZqVgPB$8XLQiegtZyz',#429,$,$,(#423),#336);
#431=IFCCARTESIANPOINT((0.,0.,0.));
#432=IFCDIRECTION((1.,0.,0.));
#433=IFCDIRECTION((0.,1.,0.));
#434=IFCDIRECTION((0.,0.,1.));
#435=IFCCARTESIANTRANSFORMATIONOPERATOR3D(#432,#433,#431,1.,#434);
#436=IFCMAPPEDITEM(#416,#435);
#437=IFCSHAPEREPRESENTATION(#20,'Body','MappedRepresentation',(#436));
#438=IFCPRODUCTDEFINITIONSHAPE($,$,(#437));
#439=IFCOWNERHISTORY(#3,#12,.READWRITE.,.ADDED.,1788297448,#3,#12,1788297448);
#440=IFCDISTRIBUTIONPORT('18B1If$VL2Sxg0Q8d8a6UH',#439,'Cold Leg Inlet',$,$,#443,$,.NOTDEFINED.,.NOTDEFINED.,$);
#441=IFCOWNERHISTORY(#3,#12,.READWRITE.,.MODIFIED.,1788297448,#3,#12,1788297448);
#442=IFCRELNESTS('3DwnpRxJDAgPXMLeyDKzQL',#441,$,$,#423,(#449,#440));
#443=IFCLOCALPLACEMENT(#424,#447);
#444=IFCCARTESIANPOINT((5.5,2.5,9.));
#445=IFCDIRECTION((-1.,0.,0.));
#446=IFCDIRECTION((0.,-1.,0.));
#447=IFCAXIS2PLACEMENT3D(#444,#445,#446);
#448=IFCOWNERHISTORY(#3,#12,.READWRITE.,.ADDED.,1788297448,#3,#12,1788297448);
#449=IFCDISTRIBUTIONPORT('1G4GQ8iEb0yPcFwH0uxa5f',#448,'Hot Leg Outlet',$,$,#450,$,.NOTDEFINED.,.NOTDEFINED.,$);
#450=IFCLOCALPLACEMENT(#424,#454);
#451=IFCCARTESIANPOINT((2.5,5.5,9.));
#452=IFCDIRECTION((0.,1.,0.));
#453=IFCDIRECTION((-1.,0.,0.));
#454=IFCAXIS2PLACEMENT3D(#451,#452,#453);
#455=IFCOWNERHISTORY(#3,#12,.READWRITE.,.ADDED.,1788297448,#3,#12,1788297448);
#456=IFCRELCONNECTSELEMENTS('3nAVphYxTDYf9q_GOkWSos',#455,$,$,$,#109,#423);
#459=IFCOWNERHISTORY(#3,#12,.READWRITE.,.ADDED.,1788297448,#3,#12,1788297448);
#460=IFCRELCONNECTSELEMENTS('1S0w9zB815Y98D4dxDoNiu',#459,$,$,$,#289,#109);
#463=IFCOWNERHISTORY(#3,#12,.READWRITE.,.ADDED.,1788297448,#3,#12,1788297448);
#464=IFCRELCONNECTSELEMENTS('1gPU_yPUPFEO8Y9V3qmrsM',#463,$,$,$,#423,#289);
#467=IFCMATERIAL('4000Psi',$,'concrete');
#468=IFCMATERIALPROPERTIES('Pset_MaterialCommon',$,(#469),#467);
#469=IFCPROPERTYSINGLEVALUE('MassDensity',$,IFCMASSDENSITYMEASURE(2402.769497973869),$);
#470=IFCMATERIALPROPERTIES('Pset_MaterialMechanical',$,(#471,#472,#473),#467);
#471=IFCPROPERTYSINGLEVALUE('YoungModulus',$,IFCMODULUSOFELASTICITYMEASURE(24855575824.949471),$);
#472=IFCPROPERTYSINGLEVALUE('PoissonRatio',$,IFCPOSITIVERATIOMEASURE(0.20000000000000001),$);
#473=IFCPROPERTYSINGLEVALUE('ThermalExpansionCoefficient',$,IFCTHERMALEXPANSIONCOEFFICIENTMEASURE(9.9017427067163816E-06),$);
#474=IFCMATERIALPROPERTIES('Pset_MaterialConcrete',$,(#475),#467);
#475=IFCPROPERTYSINGLEVALUE('CompressiveStrength',$,IFCPRESSUREMEASURE(27579029.078058157),$);
#476=IFCSURFACESTYLE($,.BOTH.,(#477));
#477=IFCSURFACESTYLESHADING(#478,0.);
#478=IFCCOLOURRGB($,0.1803921568627451,0.1803921568627451,0.20000000000000001);
#479=IFCSTYLEDITEM($,(#476),$);
#480=IFCSTYLEDREPRESENTATION(#20,'Body',$,(#479));
#481=IFCMATERIALDEFINITIONREPRESENTATION($,$,(#480),#467);
#482=IFCOWNERHISTORY(#3,#12,.READWRITE.,.ADDED.,1788297455,#3,#12,1788297455);
#483=IFCSLABTYPE('0aHrWL0LL2BALBU4EBvfBx',#482,'Base Slab 4000Psi 3.0',$,$,$,$,$,$,.NOTDEFINED.);
#484=IFCMATERIALLAYERSET((#485),'4000Psi; 3.0 meters',$);
#485=IFCMATERIALLAYER(#467,3.,$,$,$,$,$);
#486=IFCOWNERHISTORY(#3,#12,.READWRITE.,.ADDED.,1788297455,#3,#12,1788297455);
#487=IFCRELASSOCIATESMATERIAL('0dHuVWLBL9FOkLRTnT4122',#486,$,$,(#483),#484);
#488=IFCCIRCLEPROFILEDEF(.AREA.,'Circle 29.031',$,29.030999999999999);
#489=IFCOWNERHISTORY(#3,#12,.READWRITE.,.MODIFIED.,1788297455,#3,#12,1788297455);
#490=IFCSLAB('354744kGvDVeV6y8GZUo0U',#489,'Base Slab',$,$,#491,#513,$,$);
#491=IFCLOCALPLACEMENT(#51,#495);
#492=IFCCARTESIANPOINT((0.,0.,-3.));
#493=IFCDIRECTION((0.,0.,1.));
#494=IFCDIRECTION((1.,0.,0.));
#495=IFCAXIS2PLACEMENT3D(#492,#493,#494);
#496=IFCOWNERHISTORY(#3,#12,.READWRITE.,.ADDED.,1788297455,#3,#12,1788297455);
#497=IFCRELDEFINESBYTYPE('2Hpz1uGBP7Uxd24MrZpBGg',#496,$,$,(#490),#483);
#501=IFCMATERIALLAYERSETUSAGE(#484,.AXIS3.,.POSITIVE.,0.,$);
#502=IFCOWNERHISTORY(#3,#12,.READWRITE.,.ADDED.,1788297455,#3,#12,1788297455);
#503=IFCRELASSOCIATESMATERIAL('0_4gpA2e17xRNc7Tl3YpuO',#502,$,$,(#490),#501);
#504=IFCCARTESIANPOINT((0.,0.,0.));
#505=IFCDIRECTION((0.,0.,1.));
#506=IFCDIRECTION((1.,0.,0.));
#507=IFCAXIS2PLACEMENT3D(#504,#505,#506);
#508=IFCDIRECTION((0.,0.,1.));
#509=IFCEXTRUDEDAREASOLID(#488,#507,#508,3.);
#510=IFCSHAPEREPRESENTATION(#20,'Body','Tessellation',(#512));
#511=IFCCARTESIANPOINTLIST3D(((29.030999999999999,0.,0.),(29.030999999999999,0.,3.),(29.011173573012098,1.0727389787662651,3.),(28.951721372562812,2.1440127251230661,3.),(28.852724603206688,3.2123580079921608,3.),(28.714318482622737,4.2763155962241814,3.),(28.53669205692335,5.3344322517328537,3.),(28.320087942440054,6.3852627144434191,3.),(28.064801994338779,7.4273716763440589,3.),(27.771182902517296,8.459335741943983,3.),(27.439631715336752,9.4797453724604583,3.),(27.070601291837853,10.487206811079236,3.),(26.664595683189891,11.48034398665872,3.),(26.222169444217464,12.45780039327761,3.),(25.743926875945316,13.418240943058832,3.),(25.230521200195792,14.360353789738978,3.),(24.682653667366431,15.282852120492514,3.),(24.101072598606251,16.184475913563308,3.),(23.4865723636991,17.063993659302788,3.),(22.839992296050049,17.920204042263979,3.),(22.162215546256959,18.751937582053923,3.),(21.454167875832955,19.558058230703203,3.),(20.71681639272758,20.337464924370828,3.),(19.951168230373664,21.089093087265002,3.),(19.158269172064195,21.811916085725585,3.),(18.339202222538127,22.504946630482209,3.),(17.495086128726193,23.167238125172631,3.),(16.627073851677146,23.797885959279537,3.),(15.736350991751676,24.396028743719661,3.),(14.82413416923491,24.960849487397695,3.),(13.891669362579455,25.49157671311783,3.),(12.940230206548689,25.98748551132881,3.),(11.971116252584903,26.447898530263185,3.),(10.985651193778322,26.872186901118354,3.),(9.9851810568615846,27.259771097015697,3.),(8.9710723636991183,27.610121724564596,3.),(7.9447102647826604,27.922760246950102,3.),(6.9074966472822918,28.197259637556691,3.),(5.8608482202371945,28.433244963235246,3.),(4.8061945795015095,28.630393896416624,3.),(3.7449762550883672,28.788437155372367,3.),(2.6786427435791591,28.907158872021142,3.),(1.6086505282855659,28.986396886778575,3.),(0.53646108986854568,29.026042970047726,3.),(-0.53646108986845176,29.026042970047726,3.),(-1.6086505282854724,28.986396886778579,3.),(-2.6786427435790658,28.907158872021149,3.),(-3.7449762550882739,28.788437155372378,3.),(-4.8061945795014172,28.630393896416638,3.),(-5.8608482202371022,28.433244963235264,3.),(-6.9074966472822004,28.197259637556716,3.),(-7.9447102647825707,27.922760246950126,3.),(-8.9710723636990277,27.610121724564625,3.),(-9.9851810568614958,27.259771097015729,3.),(-10.985651193778235,26.87218690111839,3.),(-11.971116252584817,26.447898530263224,3.),(-12.940230206548611,25.987485511328849,3.),(-13.891669362579377,25.491576713117873,3.),(-14.824134169234837,24.960849487397741,3.),(-15.736350991751602,24.396028743719711,3.),(-16.627073851677071,23.797885959279586,3.),(-17.495086128726118,23.167238125172691,3.),(-18.339202222538052,22.504946630482269,3.),(-19.15826917206412,21.811916085725652,3.),(-19.95116823037359,21.089093087265073,3.),(-20.716816392727505,20.337464924370906,3.),(-21.45416787583288,19.558058230703281,3.),(-22.162215546256885,18.751937582054008,3.),(-22.839992296049978,17.920204042264071,3.),(-23.486572363699029,17.063993659302884,3.),(-24.10107259860618,16.184475913563411,3.),(-24.682653667366363,15.282852120492622,3.),(-25.230521200195728,14.36035378973909,3.),(-25.743926875945256,13.418240943058949,3.),(-26.222169444217407,12.457800393277733,3.),(-26.664595683189834,11.480343986658847,3.),(-27.0706012918378,10.487206811079368,3.),(-27.439631715336702,9.4797453724605933,3.),(-27.771182902517253,8.4593357419441233,3.),(-28.06480199433874,7.4273716763442037,3.),(-28.320087942440022,6.3852627144435683,3.),(-28.536692056923322,5.3344322517330065,3.),(-28.714318482622716,4.2763155962243378,3.),(-28.852724603206671,3.212358007992322,3.),(-28.951721372562798,2.1440127251232304,3.),(-29.011173573012091,1.0727389787664332,3.),(-29.030999999999999,1.7115587218764786E-13,3.),(-29.011173573012105,-1.0727389787660913,3.),(-28.951721372562822,-2.1440127251228889,3.),(-28.85272460320671,-3.2123580079919818,3.),(-28.714318482622765,-4.2763155962239994,3.),(-28.536692056923386,-5.3344322517326699,3.),(-28.320087942440097,-6.3852627144432352,3.),(-28.064801994338829,-7.4273716763438733,3.),(-27.771182902517353,-8.4593357419437964,3.),(-27.439631715336816,-9.4797453724602683,3.),(-27.070601291837928,-10.48720681107905,3.),(-26.664595683189972,-11.480343986658532,3.),(-26.222169444217556,-12.457800393277422,3.),(-25.743926875945412,-13.418240943058644,3.),(-25.230521200195899,-14.360353789738793,3.),(-24.682653667366541,-15.282852120492329,3.),(-24.101072598606375,-16.184475913563126,3.),(-23.486572363699231,-17.063993659302607,3.),(-22.839992296050191,-17.920204042263801,3.),(-22.162215546257109,-18.751937582053746,3.),(-21.454167875833111,-19.558058230703029,3.),(-20.716816392727747,-20.337464924370661,3.),(-19.951168230373838,-21.089093087264835,3.),(-19.158269172064376,-21.811916085725429,3.),(-18.339202222538308,-22.504946630482063,3.),(-17.495086128726378,-23.167238125172489,3.),(-16.627073851677341,-23.797885959279402,3.),(-15.736350991751879,-24.39602874371953,3.),(-14.824134169235119,-24.960849487397574,3.),(-13.891669362579668,-25.491576713117713,3.),(-12.940230206548906,-25.9874855113287,3.),(-11.971116252585125,-26.447898530263085,3.),(-10.985651193778546,-26.872186901118265,3.),(-9.985181056861812,-27.259771097015616,3.),(-8.9710723636993492,-27.610121724564522,3.),(-7.9447102647828931,-27.922760246950038,3.),(-6.9074966472825263,-28.197259637556634,3.),(-5.8608482202374308,-28.433244963235197,3.),(-4.8061945795017476,-28.630393896416585,3.),(-3.7449762550886074,-28.788437155372335,3.),(-2.6786427435794002,-28.907158872021117,3.),(-1.6086505282858075,-28.986396886778557,3.),(-0.5364610898687876,-29.026042970047719,3.),(0.53646108986820984,-29.02604297004773,3.),(1.6086505282852306,-28.986396886778589,3.),(2.6786427435788247,-28.907158872021174,3.),(3.7449762550880337,-28.78843715537241,3.),(4.8061945795011782,-28.630393896416681,3.),(5.860848220236865,-28.433244963235314,3.),(6.9074966472819659,-28.197259637556773,3.),(7.9447102647823371,-27.922760246950194,3.),(8.9710723636987986,-27.610121724564699,3.),(9.9851810568612684,-27.259771097015815,3.),(10.985651193778011,-26.872186901118479,3.),(11.971116252584597,-26.447898530263323,3.),(12.940230206548389,-25.987485511328959,3.),(13.89166936257916,-25.49157671311799,3.),(14.824134169234624,-24.960849487397866,3.),(15.736350991751392,-24.396028743719846,3.),(16.627073851676869,-23.797885959279728,3.),(17.495086128725919,-23.167238125172837,3.),(18.33920222253786,-22.504946630482426,3.),(19.158269172063935,-21.811916085725819,3.),(19.951168230373408,-21.089093087265244,3.),(20.716816392727331,-20.337464924371083,3.),(21.454167875832713,-19.558058230703466,3.),(22.162215546256725,-18.751937582054197,3.),(22.839992296049825,-17.920204042264263,3.),(23.486572363698883,-17.063993659303083,3.),(24.101072598606041,-16.18447591356362,3.),(24.682653667366228,-15.282852120492832,3.),(25.230521200195607,-14.360353789739307,3.),(25.743926875945142,-13.418240943059168,3.),(26.2221694442173,-12.457800393277957,3.),(26.664595683189734,-11.480343986659074,3.),(27.070601291837711,-10.4872068110796,3.),(27.439631715336624,-9.4797453724608278,3.),(27.771182902517182,-8.4593357419443613,3.),(28.06480199433868,-7.4273716763444444,3.),(28.320087942439965,-6.3852627144438108,3.),(28.536692056923279,-5.3344322517332508,3.),(28.71431848262268,-4.2763155962245847,3.),(28.852724603206642,-3.2123580079925693,3.),(28.951721372562783,-2.1440127251234786,3.),(29.01117357301208,-1.0727389787666817,3.),(29.011173573012098,1.0727389787662651,0.),(28.951721372562812,2.1440127251230661,0.),(28.852724603206688,3.2123580079921608,0.),(28.714318482622737,4.2763155962241814,0.),(28.53669205692335,5.3344322517328537,0.),(28.320087942440054,6.3852627144434191,0.),(28.064801994338779,7.4273716763440589,0.),(27.771182902517296,8.459335741943983,0.),(27.439631715336752,9.4797453724604583,0.),(27.070601291837853,10.487206811079236,0.),(26.664595683189891,11.48034398665872,0.),(26.222169444217464,12.45780039327761,0.),(25.743926875945316,13.418240943058832,0.),(25.230521200195792,14.360353789738978,0.),(24.682653667366431,15.282852120492514,0.),(24.101072598606251,16.184475913563308,0.),(23.4865723636991,17.063993659302788,0.),(22.839992296050049,17.920204042263979,0.),(22.162215546256959,18.751937582053923,0.),(21.454167875832955,19.558058230703203,0.),(20.71681639272758,20.337464924370828,0.),(19.951168230373664,21.089093087265002,0.),(19.158269172064195,21.811916085725585,0.),(18.339202222538127,22.504946630482209,0.),(17.495086128726193,23.167238125172631,0.),(16.627073851677146,23.797885959279537,0.),(15.736350991751676,24.396028743719661,0.),(14.82413416923491,24.960849487397695,0.),(13.891669362579455,25.49157671311783,0.),(12.940230206548689,25.98748551132881,0.),(11.971116252584903,26.447898530263185,0.),(10.985651193778322,26.872186901118354,0.),(9.9851810568615846,27.259771097015697,0.),(8.9710723636991183,27.610121724564596,0.),(7.9447102647826604,27.922760246950102,0.),(6.9074966472822918,28.197259637556691,0.),(5.8608482202371945,28.433244963235246,0.),(4.8061945795015095,28.630393896416624,0.),(3.7449762550883672,28.788437155372367,0.),(2.6786427435791591,28.907158872021142,0.),(1.6086505282855659,28.986396886778575,0.),(0.53646108986854568,29.026042970047726,0.),(-0.53646108986845176,29.026042970047726,0.),(-1.6086505282854724,28.986396886778579,0.),(-2.6786427435790658,28.907158872021149,0.),(-3.7449762550882739,28.788437155372378,0.),(-4.8061945795014172,28.630393896416638,0.),(-5.8608482202371022,28.433244963235264,0.),(-6.9074966472822004,28.197259637556716,0.),(-7.9447102647825707,27.922760246950126,0.),(-8.9710723636990277,27.610121724564625,0.),(-9.9851810568614958,27.259771097015729,0.),(-10.985651193778235,26.87218690111839,0.),(-11.971116252584817,26.447898530263224,0.),(-12.940230206548611,25.987485511328849,0.),(-13.891669362579377,25.491576713117873,0.),(-14.824134169234837,24.960849487397741,0.),(-15.736350991751602,24.396028743719711,0.),(-16.627073851677071,23.797885959279586,0.),(-17.495086128726118,23.167238125172691,0.),(-18.339202222538052,22.504946630482269,0.),(-19.15826917206412,21.811916085725652,0.),(-19.95116823037359,21.089093087265073,0.),(-20.716816392727505,20.337464924370906,0.),(-21.45416787583288,19.558058230703281,0.),(-22.162215546256885,18.751937582054008,0.),(-22.839992296049978,17.920204042264071,0.),(-23.486572363699029,17.063993659302884,0.),(-24.10107259860618,16.184475913563411,0.),(-24.682653667366363,15.282852120492622,0.),(-25.230521200195728,14.36035378973909,0.),(-25.743926875945256,13.418240943058949,0.),(-26.222169444217407,12.457800393277733,0.),(-26.664595683189834,11.480343986658847,0.),(-27.0706012918378,10.487206811079368,0.),(-27.439631715336702,9.4797453724605933,0.),(-27.771182902517253,8.4593357419441233,0.),(-28.06480199433874,7.4273716763442037,0.),(-28.320087942440022,6.3852627144435683,0.),(-28.536692056923322,5.3344322517330065,0.),(-28.714318482622716,4.2763155962243378,0.),(-28.852724603206671,3.212358007992322,0.),(-28.951721372562798,2.1440127251232304,0.),(-29.011173573012091,1.0727389787664332,0.),(-29.030999999999999,1.7115587218764786E-13,0.),(-29.011173573012105,-1.0727389787660913,0.),(-28.951721372562822,-2.1440127251228889,0.),(-28.85272460320671,-3.2123580079919818,0.),(-28.714318482622765,-4.2763155962239994,0.),(-28.536692056923386,-5.3344322517326699,0.),(-28.320087942440097,-6.3852627144432352,0.),(-28.064801994338829,-7.4273716763438733,0.),(-27.771182902517353,-8.4593357419437964,0.),(-27.439631715336816,-9.4797453724602683,0.),(-27.070601291837928,-10.48720681107905,0.),(-26.664595683189972,-11.480343986658532,0.),(-26.222169444217556,-12.457800393277422,0.),(-25.743926875945412,-13.418240943058644,0.),(-25.230521200195899,-14.360353789738793,0.),(-24.682653667366541,-15.282852120492329,0.),(-24.101072598606375,-16.184475913563126,0.),(-23.486572363699231,-17.063993659302607,0.),(-22.839992296050191,-17.920204042263801,0.),(-22.162215546257109,-18.751937582053746,0.),(-21.454167875833111,-19.558058230703029,0.),(-20.716816392727747,-20.337464924370661,0.),(-19.951168230373838,-21.089093087264835,0.),(-19.158269172064376,-21.811916085725429,0.),(-18.339202222538308,-22.504946630482063,0.),(-17.495086128726378,-23.167238125172489,0.),(-16.627073851677341,-23.797885959279402,0.),(-15.736350991751879,-24.39602874371953,0.),(-14.824134169235119,-24.960849487397574,0.),(-13.891669362579668,-25.491576713117713,0.),(-12.940230206548906,-25.9874855113287,0.),(-11.971116252585125,-26.447898530263085,0.),(-10.985651193778546,-26.872186901118265,0.),(-9.985181056861812,-27.259771097015616,0.),(-8.9710723636993492,-27.610121724564522,0.),(-7.9447102647828931,-27.922760246950038,0.),(-6.9074966472825263,-28.197259637556634,0.),(-5.8608482202374308,-28.433244963235197,0.),(-4.8061945795017476,-28.630393896416585,0.),(-3.7449762550886074,-28.788437155372335,0.),(-2.6786427435794002,-28.907158872021117,0.),(-1.6086505282858075,-28.986396886778557,0.),(-0.5364610898687876,-29.026042970047719,0.),(0.53646108986820984,-29.02604297004773,0.),(1.6086505282852306,-28.986396886778589,0.),(2.6786427435788247,-28.907158872021174,0.),(3.7449762550880337,-28.78843715537241,0.),(4.8061945795011782,-28.630393896416681,0.),(5.860848220236865,-28.433244963235314,0.),(6.9074966472819659,-28.197259637556773,0.),(7.9447102647823371,-27.922760246950194,0.),(8.9710723636987986,-27.610121724564699,0.),(9.9851810568612684,-27.259771097015815,0.),(10.985651193778011,-26.872186901118479,0.),(11.971116252584597,-26.447898530263323,0.),(12.940230206548389,-25.987485511328959,0.),(13.89166936257916,-25.49157671311799,0.),(14.824134169234624,-24.960849487397866,0.),(15.736350991751392,-24.396028743719846,0.),(16.627073851676869,-23.797885959279728,0.),(17.495086128725919,-23.167238125172837,0.),(18.33920222253786,-22.504946630482426,0.),(19.158269172063935,-21.811916085725819,0.),(19.951168230373408,-21.089093087265244,0.),(20.716816392727331,-20.337464924371083,0.),(21.454167875832713,-19.558058230703466,0.),(22.162215546256725,-18.751937582054197,0.),(22.839992296049825,-17.920204042264263,0.),(23.486572363698883,-17.063993659303083,0.),(24.101072598606041,-16.18447591356362,0.),(24.682653667366228,-15.282852120492832,0.),(25.230521200195607,-14.360353789739307,0.),(25.743926875945142,-13.418240943059168,0.),(26.2221694442173,-12.457800393277957,0.),(26.664595683189734,-11.480343986659074,0.),(27.070601291837711,-10.4872068110796,0.),(27.439631715336624,-9.4797453724608278,0.),(27.771182902517182,-8.4593357419443613,0.),(28.06480199433868,-7.4273716763444444,0.),(28.320087942439965,-6.3852627144438108,0.),(28.536692056923279,-5.3344322517332508,0.),(28.71431848262268,-4.2763155962245847,0.),(28.852724603206642,-3.2123580079925693,0.),(28.951721372562783,-2.1440127251234786,0.),(29.01117357301208,-1.0727389787666817,0.)),$);
#512=IFCTRIANGULATEDFACESET(#511,$,.T.,((2,1,172),(3,2,172),(4,3,173),(3,172,173),(5,4,174),(6,5,174),(4,173,174),(6,174,175),(7,6,176),(6,175,176),(8,7,177),(9,8,177),(7,176,177),(10,9,178),(9,177,178),(10,178,179),(11,10,180),(10,179,180),(12,11,181),(13,12,181),(11,180,181),(13,181,182),(14,13,183),(15,14,183),(13,182,183),(15,183,184),(16,15,185),(15,184,185),(16,185,186),(17,16,186),(18,17,186),(18,186,187),(18,187,188),(19,18,188),(19,188,189),(20,19,189),(21,20,190),(20,189,190),(22,21,190),(23,22,191),(22,190,191),(23,191,192),(24,23,193),(23,192,193),(25,24,194),(24,193,194),(26,25,195),(25,194,195),(27,26,196),(26,195,196),(28,27,197),(27,196,197),(29,28,198),(30,29,198),(28,197,198),(30,198,199),(31,30,200),(30,199,200),(32,31,201),(31,200,201),(33,32,202),(32,201,202),(34,33,203),(33,202,203),(35,34,204),(34,203,204),(36,35,205),(35,204,205),(37,36,206),(36,205,206),(38,37,207),(37,206,207),(39,38,208),(40,39,208),(38,207,208),(40,208,209),(41,40,210),(42,41,210),(40,209,210),(42,210,211),(42,211,212),(43,42,212),(43,212,213),(44,43,213),(44,213,214),(45,44,214),(45,214,215),(46,45,215),(46,215,216),(47,46,216),(47,216,217),(48,47,217),(48,217,218),(49,48,218),(49,218,219),(50,49,219),(50,219,220),(51,50,220),(51,220,221),(52,51,221),(52,221,222),(53,52,222),(53,222,223),(54,53,223),(55,54,224),(54,223,224),(56,55,225),(55,224,225),(57,56,226),(56,225,226),(58,57,227),(57,226,227),(59,58,228),(58,227,228),(60,59,229),(59,228,229),(61,60,230),(60,229,230),(62,61,231),(61,230,231),(63,62,232),(62,231,232),(64,63,233),(63,232,233),(65,64,234),(64,233,234),(66,65,235),(65,234,235),(67,66,236),(66,235,236),(67,236,237),(68,67,237),(68,237,238),(69,68,238),(69,238,239),(70,69,239),(70,239,240),(71,70,240),(71,240,241),(72,71,241),(72,241,242),(73,72,242),(73,242,243),(74,73,243),(74,243,244),(75,74,244),(75,244,245),(76,75,245),(76,245,246),(77,76,246),(77,246,247),(78,77,247),(78,247,248),(79,78,248),(79,248,249),(80,79,249),(80,249,250),(81,80,250),(81,250,251),(82,81,251),(82,251,252),(83,82,252),(83,252,253),(84,83,253),(84,253,254),(85,84,254),(85,254,255),(86,85,255),(86,255,256),(87,86,256),(87,256,257),(88,87,257),(89,88,257),(89,257,258),(90,89,259),(89,258,259),(91,90,260),(92,91,260),(90,259,260),(92,260,261),(93,92,261),(93,261,262),(93,262,263),(94,93,263),(94,263,264),(95,94,264),(95,264,265),(96,95,265),(96,265,266),(97,96,266),(98,97,266),(98,266,267),(98,267,268),(99,98,268),(99,268,269),(100,99,269),(101,100,269),(101,269,270),(102,101,271),(103,102,271),(101,270,271),(103,271,272),(104,103,273),(103,272,273),(105,104,274),(104,273,274),(106,105,275),(107,106,275),(105,274,275),(107,275,276),(108,107,277),(107,276,277),(109,108,278),(110,109,278),(108,277,278),(110,278,279),(111,110,280),(110,279,280),(112,111,281),(113,112,281),(111,280,281),(113,281,282),(114,113,283),(113,282,283),(115,114,284),(114,283,284),(116,115,285),(117,116,285),(115,284,285),(117,285,286),(117,286,287),(118,117,287),(118,287,288),(119,118,288),(119,288,289),(120,119,289),(120,289,290),(121,120,290),(122,121,291),(121,290,291),(123,122,291),(123,291,292),(124,123,293),(125,124,293),(123,292,293),(125,293,294),(126,125,295),(125,294,295),(127,126,296),(126,295,296),(128,127,297),(127,296,297),(129,128,298),(128,297,298),(130,129,299),(131,130,299),(129,298,299),(131,299,300),(132,131,301),(131,300,301),(133,132,302),(132,301,302),(134,133,303),(135,134,303),(133,302,303),(135,303,304),(136,135,305),(135,304,305),(137,136,306),(136,305,306),(138,137,307),(137,306,307),(139,138,308),(140,139,308),(138,307,308),(141,140,309),(140,308,309),(141,309,310),(142,141,311),(143,142,311),(141,310,311),(144,143,312),(143,311,312),(144,312,313),(144,313,314),(145,144,314),(145,314,315),(146,145,315),(147,146,315),(147,315,316),(147,316,317),(148,147,317),(148,317,318),(149,148,318),(149,318,319),(150,149,319),(151,150,319),(151,319,320),(151,320,321),(152,151,321),(153,152,321),(153,321,322),(154,153,322),(154,322,323),(154,323,324),(155,154,324),(156,155,324),(156,324,325),(157,156,326),(156,325,326),(158,157,327),(157,326,327),(159,158,328),(158,327,328),(160,159,329),(161,160,329),(159,328,329),(161,329,330),(162,161,331),(161,330,331),(163,162,332),(162,331,332),(164,163,333),(163,332,333),(165,164,334),(166,165,334),(164,333,334),(166,334,335),(167,166,336),(166,335,336),(167,336,337),(168,167,337),(169,168,337),(169,337,338),(169,338,339),(170,169,339),(170,339,340),(171,170,340),(171,340,1),(2,171,1),(278,277,276),(280,279,281),(282,281,283),(273,272,271),(274,273,271),(275,274,271),(276,275,271),(279,278,271),(278,276,271),(281,279,271),(283,281,284),(284,281,285),(271,270,269),(285,281,286),(281,271,286),(287,286,288),(288,286,289),(267,266,265),(268,267,265),(268,265,264),(290,289,292),(291,290,292),(264,263,262),(271,269,261),(268,264,261),(264,262,261),(269,268,261),(286,271,261),(293,292,295),(294,293,295),(260,259,258),(289,286,297),(295,292,297),(296,295,297),(292,289,297),(258,257,256),(299,298,300),(286,261,254),(258,256,254),(260,258,254),(256,255,254),(261,260,254),(301,300,303),(302,301,303),(300,298,303),(298,297,251),(297,286,251),(286,254,251),(253,252,251),(254,253,251),(304,303,305),(303,298,305),(251,250,249),(249,248,247),(307,306,308),(308,306,309),(247,246,245),(251,249,245),(249,247,245),(306,305,244),(298,251,244),(305,298,244),(251,245,244),(310,309,311),(311,309,312),(242,241,240),(243,242,240),(314,313,315),(243,240,239),(244,243,239),(315,313,316),(313,312,316),(244,239,238),(316,312,317),(244,238,236),(238,237,236),(317,312,320),(318,317,320),(319,318,320),(312,309,320),(236,235,234),(320,309,321),(234,233,232),(321,309,323),(322,321,323),(244,236,230),(236,234,230),(234,232,230),(232,231,230),(306,244,230),(309,306,230),(323,309,327),(324,323,327),(325,324,327),(326,325,327),(228,227,226),(328,327,329),(226,225,224),(228,226,224),(330,329,331),(329,327,331),(327,309,331),(309,230,223),(229,228,223),(230,229,223),(228,224,223),(331,309,332),(223,222,221),(333,332,334),(223,221,220),(332,309,335),(334,332,335),(223,220,219),(336,335,337),(223,219,217),(219,218,217),(338,337,339),(217,216,215),(217,215,214),(337,335,1),(339,337,1),(340,339,1),(217,214,213),(309,223,213),(223,217,213),(1,335,172),(212,211,210),(174,173,175),(212,210,209),(213,212,209),(209,208,207),(213,209,207),(177,176,178),(178,176,179),(207,206,205),(179,176,180),(213,207,204),(207,205,204),(213,204,203),(213,203,202),(182,181,183),(181,180,184),(180,176,184),(183,181,184),(176,175,185),(184,176,185),(335,309,199),(173,172,199),(172,335,199),(309,213,199),(201,200,199),(202,201,199),(213,202,199),(175,173,186),(185,175,186),(186,173,187),(199,198,197),(199,197,196),(199,196,195),(188,187,190),(189,188,190),(187,173,190),(191,190,192),(194,193,192),(195,194,192),(173,199,192),(199,195,192),(190,173,192),(107,108,109),(112,110,111),(114,112,113),(102,103,104),(102,104,105),(102,105,106),(102,106,107),(102,109,110),(102,107,109),(102,110,112),(115,112,114),(116,112,115),(100,101,102),(117,112,116),(117,102,112),(119,117,118),(120,117,119),(96,97,98),(96,98,99),(95,96,99),(123,120,121),(123,121,122),(93,94,95),(92,100,102),(92,95,99),(92,93,95),(92,99,100),(92,102,117),(126,123,124),(126,124,125),(89,90,91),(128,117,120),(128,123,126),(128,126,127),(128,120,123),(87,88,89),(131,129,130),(85,92,117),(85,87,89),(85,89,91),(85,86,87),(85,91,92),(134,131,132),(134,132,133),(134,129,131),(82,128,129),(82,117,128),(82,85,117),(82,83,84),(82,84,85),(136,134,135),(136,129,134),(80,81,82),(78,79,80),(139,137,138),(140,137,139),(76,77,78),(76,80,82),(76,78,80),(75,136,137),(75,82,129),(75,129,136),(75,76,82),(142,140,141),(143,140,142),(71,72,73),(71,73,74),(146,144,145),(70,71,74),(70,74,75),(147,144,146),(147,143,144),(69,70,75),(148,143,147),(67,69,75),(67,68,69),(151,143,148),(151,148,149),(151,149,150),(151,140,143),(65,66,67),(152,140,151),(63,64,65),(154,140,152),(154,152,153),(61,67,75),(61,65,67),(61,63,65),(61,62,63),(61,75,137),(61,137,140),(158,140,154),(158,154,155),(158,155,156),(158,156,157),(57,58,59),(160,158,159),(55,56,57),(55,57,59),(162,160,161),(162,158,160),(162,140,158),(54,61,140),(54,59,60),(54,60,61),(54,55,59),(163,140,162),(52,53,54),(165,163,164),(51,52,54),(166,140,163),(166,163,165),(50,51,54),(168,166,167),(48,50,54),(48,49,50),(170,168,169),(46,47,48),(45,46,48),(2,166,168),(2,168,170),(2,170,171),(44,45,48),(44,54,140),(44,48,54),(3,166,2),(41,42,43),(6,4,5),(40,41,43),(40,43,44),(38,39,40),(38,40,44),(9,7,8),(10,7,9),(36,37,38),(11,7,10),(35,38,44),(35,36,38),(34,35,44),(33,34,44),(14,12,13),(15,11,12),(15,7,11),(15,12,14),(16,6,7),(16,7,15),(30,140,166),(30,3,4),(30,166,3),(30,44,140),(30,31,32),(30,32,33),(30,33,44),(17,4,6),(17,6,16),(18,4,17),(28,29,30),(27,28,30),(26,27,30),(21,18,19),(21,19,20),(21,4,18),(23,21,22),(23,24,25),(23,25,26),(23,30,4),(23,26,30),(23,4,21)),$);
#513=IFCPRODUCTDEFINITIONSHAPE($,$,(#510));
#514=IFCOWNERHISTORY(#3,#12,.READWRITE.,.MODIFIED.,1788297455,#3,#12,1788297455);
#515=IFCRELCONTAINEDINSPATIALSTRUCTURE('0cPEbh80X9vg8fUobL5pjr',#514,$,$,(#490,#548,#519),#50);
#516=IFCOWNERHISTORY(#3,#12,.READWRITE.,.ADDED.,1788297455,#3,#12,1788297455);
#517=IFCWALLTYPE('01K8x5I41EE8muE2snzDnZ',#516,'Cylindrical Wall 4000Psi 3.0',$,$,$,$,$,$,.NOTDEFINED.);
#518=IFCOWNERHISTORY(#3,#12,.READWRITE.,.MODIFIED.,1788297455,#3,#12,1788297455);
#519=IFCWALL('0jHQ$PX6j2uBvX77X86zqv',#518,'Cylindrical Shell Wall',$,$,#520,#544,$,$);
#520=IFCLOCALPLACEMENT(#51,#524);
#521=IFCCARTESIANPOINT((0.,0.,0.));
#522=IFCDIRECTION((0.,0.,1.));
#523=IFCDIRECTION((1.,0.,0.));
#524=IFCAXIS2PLACEMENT3D(#521,#522,#523);
#525=IFCOWNERHISTORY(#3,#12,.READWRITE.,.ADDED.,1788297455,#3,#12,1788297455);
#526=IFCRELDEFINESBYTYPE('3lGPH0WH5CxQzY9bYlrFKn',#525,$,$,(#519),#517);
#527=IFCOWNERHISTORY(#3,#12,.READWRITE.,.MODIFIED.,1788297455,#3,#12,1788297455);
#528=IFCRELASSOCIATESMATERIAL('2XdmTuY3r0VgcpbGSBW0JT',#527,$,$,(#548,#519),#467);
#529=IFCCIRCLEHOLLOWPROFILEDEF(.AREA.,'Circle Hollow 29.031x1.0',$,29.030999999999999,1.);
#530=IFCPROFILEPROPERTIES('Pset_ProfileMechanical',$,(#531,#532,#533,#534),#529);
#531=IFCPROPERTYSINGLEVALUE('CrossSectionArea',$,IFCAREAMEASURE(179.26555999914081),$);
#532=IFCPROPERTYSINGLEVALUE('MomentOfInertiaY',$,IFCMOMENTOFINERTIAMEASURE(72985.101009011749),$);
#533=IFCPROPERTYSINGLEVALUE('MomentOfInertiaZ',$,IFCMOMENTOFINERTIAMEASURE(72985.101009011749),$);
#534=IFCPROPERTYSINGLEVALUE('TorsionalConstantX',$,IFCMOMENTOFINERTIAMEASURE(145970.2020180235),$);
#535=IFCCARTESIANPOINT((0.,0.,0.));
#536=IFCDIRECTION((0.,0.,1.));
#537=IFCDIRECTION((1.,0.,0.));
#538=IFCAXIS2PLACEMENT3D(#535,#536,#537);
#539=IFCDIRECTION((0.,0.,1.));
#540=IFCEXTRUDEDAREASOLID(#529,#538,#539,36.5);
#541=IFCSHAPEREPRESENTATION(#20,'Body','Tessellation',(#543));
#542=IFCCARTESIANPOINTLIST3D(((29.030999999999999,0.,0.),(29.030999999999999,0.,36.5),(29.011173573012098,1.0727389787662651,36.5),(28.951721372562812,2.1440127251230661,36.5),(28.852724603206688,3.2123580079921608,36.5),(28.714318482622737,4.2763155962241814,36.5),(28.53669205692335,5.3344322517328537,36.5),(28.320087942440054,6.3852627144434191,36.5),(28.064801994338779,7.4273716763440589,36.5),(27.771182902517296,8.459335741943983,36.5),(27.439631715336752,9.4797453724604583,36.5),(27.070601291837853,10.487206811079236,36.5),(26.664595683189891,11.48034398665872,36.5),(26.222169444217464,12.45780039327761,36.5),(25.743926875945316,13.418240943058832,36.5),(25.230521200195792,14.360353789738978,36.5),(24.682653667366431,15.282852120492514,36.5),(24.101072598606251,16.184475913563308,36.5),(23.4865723636991,17.063993659302788,36.5),(22.839992296050049,17.920204042263979,36.5),(22.162215546256959,18.751937582053923,36.5),(21.454167875832955,19.558058230703203,36.5),(20.71681639272758,20.337464924370828,36.5),(19.951168230373664,21.089093087265002,36.5),(19.158269172064195,21.811916085725585,36.5),(18.339202222538127,22.504946630482209,36.5),(17.495086128726193,23.167238125172631,36.5),(16.627073851677146,23.797885959279537,36.5),(15.736350991751676,24.396028743719661,36.5),(14.82413416923491,24.960849487397695,36.5),(13.891669362579455,25.49157671311783,36.5),(12.940230206548689,25.98748551132881,36.5),(11.971116252584903,26.447898530263185,36.5),(10.985651193778322,26.872186901118354,36.5),(9.9851810568615846,27.259771097015697,36.5),(8.9710723636991183,27.610121724564596,36.5),(7.9447102647826604,27.922760246950102,36.5),(6.9074966472822918,28.197259637556691,36.5),(5.8608482202371945,28.433244963235246,36.5),(4.8061945795015095,28.630393896416624,36.5),(3.7449762550883672,28.788437155372367,36.5),(2.6786427435791591,28.907158872021142,36.5),(1.6086505282855659,28.986396886778575,36.5),(0.53646108986854568,29.026042970047726,36.5),(-0.53646108986845176,29.026042970047726,36.5),(-1.6086505282854724,28.986396886778579,36.5),(-2.6786427435790658,28.907158872021149,36.5),(-3.7449762550882739,28.788437155372378,36.5),(-4.8061945795014172,28.630393896416638,36.5),(-5.8608482202371022,28.433244963235264,36.5),(-6.9074966472822004,28.197259637556716,36.5),(-7.9447102647825707,27.922760246950126,36.5),(-8.9710723636990277,27.610121724564625,36.5),(-9.9851810568614958,27.259771097015729,36.5),(-10.985651193778235,26.87218690111839,36.5),(-11.971116252584817,26.447898530263224,36.5),(-12.940230206548611,25.987485511328849,36.5),(-13.891669362579377,25.491576713117873,36.5),(-14.824134169234837,24.960849487397741,36.5),(-15.736350991751602,24.396028743719711,36.5),(-16.627073851677071,23.797885959279586,36.5),(-17.495086128726118,23.167238125172691,36.5),(-18.339202222538052,22.504946630482269,36.5),(-19.15826917206412,21.811916085725652,36.5),(-19.95116823037359,21.089093087265073,36.5),(-20.716816392727505,20.337464924370906,36.5),(-21.45416787583288,19.558058230703281,36.5),(-22.162215546256885,18.751937582054008,36.5),(-22.839992296049978,17.920204042264071,36.5),(-23.486572363699029,17.063993659302884,36.5),(-24.10107259860618,16.184475913563411,36.5),(-24.682653667366363,15.282852120492622,36.5),(-25.230521200195728,14.36035378973909,36.5),(-25.743926875945256,13.418240943058949,36.5),(-26.222169444217407,12.457800393277733,36.5),(-26.664595683189834,11.480343986658847,36.5),(-27.0706012918378,10.487206811079368,36.5),(-27.439631715336702,9.4797453724605933,36.5),(-27.771182902517253,8.4593357419441233,36.5),(-28.06480199433874,7.4273716763442037,36.5),(-28.320087942440022,6.3852627144435683,36.5),(-28.536692056923322,5.3344322517330065,36.5),(-28.714318482622716,4.2763155962243378,36.5),(-28.852724603206671,3.212358007992322,36.5),(-28.951721372562798,2.1440127251232304,36.5),(-29.011173573012091,1.0727389787664332,36.5),(-29.030999999999999,1.7115587218764786E-13,36.5),(-29.011173573012105,-1.0727389787660913,36.5),(-28.951721372562822,-2.1440127251228889,36.5),(-28.85272460320671,-3.2123580079919818,36.5),(-28.714318482622765,-4.2763155962239994,36.5),(-28.536692056923386,-5.3344322517326699,36.5),(-28.320087942440097,-6.3852627144432352,36.5),(-28.064801994338829,-7.4273716763438733,36.5),(-27.771182902517353,-8.4593357419437964,36.5),(-27.439631715336816,-9.4797453724602683,36.5),(-27.070601291837928,-10.48720681107905,36.5),(-26.664595683189972,-11.480343986658532,36.5),(-26.222169444217556,-12.457800393277422,36.5),(-25.743926875945412,-13.418240943058644,36.5),(-25.230521200195899,-14.360353789738793,36.5),(-24.682653667366541,-15.282852120492329,36.5),(-24.101072598606375,-16.184475913563126,36.5),(-23.486572363699231,-17.063993659302607,36.5),(-22.839992296050191,-17.920204042263801,36.5),(-22.162215546257109,-18.751937582053746,36.5),(-21.454167875833111,-19.558058230703029,36.5),(-20.716816392727747,-20.337464924370661,36.5),(-19.951168230373838,-21.089093087264835,36.5),(-19.158269172064376,-21.811916085725429,36.5),(-18.339202222538308,-22.504946630482063,36.5),(-17.495086128726378,-23.167238125172489,36.5),(-16.627073851677341,-23.797885959279402,36.5),(-15.736350991751879,-24.39602874371953,36.5),(-14.824134169235119,-24.960849487397574,36.5),(-13.891669362579668,-25.491576713117713,36.5),(-12.940230206548906,-25.9874855113287,36.5),(-11.971116252585125,-26.447898530263085,36.5),(-10.985651193778546,-26.872186901118265,36.5),(-9.985181056861812,-27.259771097015616,36.5),(-8.9710723636993492,-27.610121724564522,36.5),(-7.9447102647828931,-27.922760246950038,36.5),(-6.9074966472825263,-28.197259637556634,36.5),(-5.8608482202374308,-28.433244963235197,36.5),(-4.8061945795017476,-28.630393896416585,36.5),(-3.7449762550886074,-28.788437155372335,36.5),(-2.6786427435794002,-28.907158872021117,36.5),(-1.6086505282858075,-28.986396886778557,36.5),(-0.5364610898687876,-29.026042970047719,36.5),(0.53646108986820984,-29.02604297004773,36.5),(1.6086505282852306,-28.986396886778589,36.5),(2.6786427435788247,-28.907158872021174,36.5),(3.7449762550880337,-28.78843715537241,36.5),(4.8061945795011782,-28.630393896416681,36.5),(5.860848220236865,-28.433244963235314,36.5),(6.9074966472819659,-28.197259637556773,36.5),(7.9447102647823371,-27.922760246950194,36.5),(8.9710723636987986,-27.610121724564699,36.5),(9.9851810568612684,-27.259771097015815,36.5),(10.985651193778011,-26.872186901118479,36.5),(11.971116252584597,-26.447898530263323,36.5),(12.940230206548389,-25.987485511328959,36.5),(13.89166936257916,-25.49157671311799,36.5),(14.824134169234624,-24.960849487397866,36.5),(15.736350991751392,-24.396028743719846,36.5),(16.627073851676869,-23.797885959279728,36.5),(17.495086128725919,-23.167238125172837,36.5),(18.33920222253786,-22.504946630482426,36.5),(19.158269172063935,-21.811916085725819,36.5),(19.951168230373408,-21.089093087265244,36.5),(20.716816392727331,-20.337464924371083,36.5),(21.454167875832713,-19.558058230703466,36.5),(22.162215546256725,-18.751937582054197,36.5),(22.839992296049825,-17.920204042264263,36.5),(23.486572363698883,-17.063993659303083,36.5),(24.101072598606041,-16.18447591356362,36.5),(24.682653667366228,-15.282852120492832,36.5),(25.230521200195607,-14.360353789739307,36.5),(25.743926875945142,-13.418240943059168,36.5),(26.2221694442173,-12.457800393277957,36.5),(26.664595683189734,-11.480343986659074,36.5),(27.070601291837711,-10.4872068110796,36.5),(27.439631715336624,-9.4797453724608278,36.5),(27.771182902517182,-8.4593357419443613,36.5),(28.06480199433868,-7.4273716763444444,36.5),(28.320087942439965,-6.3852627144438108,36.5),(28.536692056923279,-5.3344322517332508,36.5),(28.71431848262268,-4.2763155962245847,36.5),(28.852724603206642,-3.2123580079925693,36.5),(28.951721372562783,-2.1440127251234786,36.5),(29.01117357301208,-1.0727389787666817,36.5),(29.011173573012098,1.0727389787662651,0.),(28.951721372562812,2.1440127251230661,0.),(28.852724603206688,3.2123580079921608,0.),(28.714318482622737,4.2763155962241814,0.),(28.53669205692335,5.3344322517328537,0.),(28.320087942440054,6.3852627144434191,0.),(28.064801994338779,7.4273716763440589,0.),(27.771182902517296,8.459335741943983,0.),(27.439631715336752,9.4797453724604583,0.),(27.070601291837853,10.487206811079236,0.),(26.664595683189891,11.48034398665872,0.),(26.222169444217464,12.45780039327761,0.),(25.743926875945316,13.418240943058832,0.),(25.230521200195792,14.360353789738978,0.),(24.682653667366431,15.282852120492514,0.),(24.101072598606251,16.184475913563308,0.),(23.4865723636991,17.063993659302788,0.),(22.839992296050049,17.920204042263979,0.),(22.162215546256959,18.751937582053923,0.),(21.454167875832955,19.558058230703203,0.),(20.71681639272758,20.337464924370828,0.),(19.951168230373664,21.089093087265002,0.),(19.158269172064195,21.811916085725585,0.),(18.339202222538127,22.504946630482209,0.),(17.495086128726193,23.167238125172631,0.),(16.627073851677146,23.797885959279537,0.),(15.736350991751676,24.396028743719661,0.),(14.82413416923491,24.960849487397695,0.),(13.891669362579455,25.49157671311783,0.),(12.940230206548689,25.98748551132881,0.),(11.971116252584903,26.447898530263185,0.),(10.985651193778322,26.872186901118354,0.),(9.9851810568615846,27.259771097015697,0.),(8.9710723636991183,27.610121724564596,0.),(7.9447102647826604,27.922760246950102,0.),(6.9074966472822918,28.197259637556691,0.),(5.8608482202371945,28.433244963235246,0.),(4.8061945795015095,28.630393896416624,0.),(3.7449762550883672,28.788437155372367,0.),(2.6786427435791591,28.907158872021142,0.),(1.6086505282855659,28.986396886778575,0.),(0.53646108986854568,29.026042970047726,0.),(-0.53646108986845176,29.026042970047726,0.),(-1.6086505282854724,28.986396886778579,0.),(-2.6786427435790658,28.907158872021149,0.),(-3.7449762550882739,28.788437155372378,0.),(-4.8061945795014172,28.630393896416638,0.),(-5.8608482202371022,28.433244963235264,0.),(-6.9074966472822004,28.197259637556716,0.),(-7.9447102647825707,27.922760246950126,0.),(-8.9710723636990277,27.610121724564625,0.),(-9.9851810568614958,27.259771097015729,0.),(-10.985651193778235,26.87218690111839,0.),(-11.971116252584817,26.447898530263224,0.),(-12.940230206548611,25.987485511328849,0.),(-13.891669362579377,25.491576713117873,0.),(-14.824134169234837,24.960849487397741,0.),(-15.736350991751602,24.396028743719711,0.),(-16.627073851677071,23.797885959279586,0.),(-17.495086128726118,23.167238125172691,0.),(-18.339202222538052,22.504946630482269,0.),(-19.15826917206412,21.811916085725652,0.),(-19.95116823037359,21.089093087265073,0.),(-20.716816392727505,20.337464924370906,0.),(-21.45416787583288,19.558058230703281,0.),(-22.162215546256885,18.751937582054008,0.),(-22.839992296049978,17.920204042264071,0.),(-23.486572363699029,17.063993659302884,0.),(-24.10107259860618,16.184475913563411,0.),(-24.682653667366363,15.282852120492622,0.),(-25.230521200195728,14.36035378973909,0.),(-25.743926875945256,13.418240943058949,0.),(-26.222169444217407,12.457800393277733,0.),(-26.664595683189834,11.480343986658847,0.),(-27.0706012918378,10.487206811079368,0.),(-27.439631715336702,9.4797453724605933,0.),(-27.771182902517253,8.4593357419441233,0.),(-28.06480199433874,7.4273716763442037,0.),(-28.320087942440022,6.3852627144435683,0.),(-28.536692056923322,5.3344322517330065,0.),(-28.714318482622716,4.2763155962243378,0.),(-28.852724603206671,3.212358007992322,0.),(-28.951721372562798,2.1440127251232304,0.),(-29.011173573012091,1.0727389787664332,0.),(-29.030999999999999,1.7115587218764786E-13,0.),(-29.011173573012105,-1.0727389787660913,0.),(-28.951721372562822,-2.1440127251228889,0.),(-28.85272460320671,-3.2123580079919818,0.),(-28.714318482622765,-4.2763155962239994,0.),(-28.536692056923386,-5.3344322517326699,0.),(-28.320087942440097,-6.3852627144432352,0.),(-28.064801994338829,-7.4273716763438733,0.),(-27.771182902517353,-8.4593357419437964,0.),(-27.439631715336816,-9.4797453724602683,0.),(-27.070601291837928,-10.48720681107905,0.),(-26.664595683189972,-11.480343986658532,0.),(-26.222169444217556,-12.457800393277422,0.),(-25.743926875945412,-13.418240943058644,0.),(-25.230521200195899,-14.360353789738793,0.),(-24.682653667366541,-15.282852120492329,0.),(-24.101072598606375,-16.184475913563126,0.),(-23.486572363699231,-17.063993659302607,0.),(-22.839992296050191,-17.920204042263801,0.),(-22.162215546257109,-18.751937582053746,0.),(-21.454167875833111,-19.558058230703029,0.),(-20.716816392727747,-20.337464924370661,0.),(-19.951168230373838,-21.089093087264835,0.),(-19.158269172064376,-21.811916085725429,0.),(-18.339202222538308,-22.504946630482063,0.),(-17.495086128726378,-23.167238125172489,0.),(-16.627073851677341,-23.797885959279402,0.),(-15.736350991751879,-24.39602874371953,0.),(-14.824134169235119,-24.960849487397574,0.),(-13.891669362579668,-25.491576713117713,0.),(-12.940230206548906,-25.9874855113287,0.),(-11.971116252585125,-26.447898530263085,0.),(-10.985651193778546,-26.872186901118265,0.),(-9.985181056861812,-27.259771097015616,0.),(-8.9710723636993492,-27.610121724564522,0.),(-7.9447102647828931,-27.922760246950038,0.),(-6.9074966472825263,-28.197259637556634,0.),(-5.8608482202374308,-28.433244963235197,0.),(-4.8061945795017476,-28.630393896416585,0.),(-3.7449762550886074,-28.788437155372335,0.),(-2.6786427435794002,-28.907158872021117,0.),(-1.6086505282858075,-28.986396886778557,0.),(-0.5364610898687876,-29.026042970047719,0.),(0.53646108986820984,-29.02604297004773,0.),(1.6086505282852306,-28.986396886778589,0.),(2.6786427435788247,-28.907158872021174,0.),(3.7449762550880337,-28.78843715537241,0.),(4.8061945795011782,-28.630393896416681,0.),(5.860848220236865,-28.433244963235314,0.),(6.9074966472819659,-28.197259637556773,0.),(7.9447102647823371,-27.922760246950194,0.),(8.9710723636987986,-27.610121724564699,0.),(9.9851810568612684,-27.259771097015815,0.),(10.985651193778011,-26.872186901118479,0.),(11.971116252584597,-26.447898530263323,0.),(12.940230206548389,-25.987485511328959,0.),(13.89166936257916,-25.49157671311799,0.),(14.824134169234624,-24.960849487397866,0.),(15.736350991751392,-24.396028743719846,0.),(16.627073851676869,-23.797885959279728,0.),(17.495086128725919,-23.167238125172837,0.),(18.33920222253786,-22.504946630482426,0.),(19.158269172063935,-21.811916085725819,0.),(19.951168230373408,-21.089093087265244,0.),(20.716816392727331,-20.337464924371083,0.),(21.454167875832713,-19.558058230703466,0.),(22.162215546256725,-18.751937582054197,0.),(22.839992296049825,-17.920204042264263,0.),(23.486572363698883,-17.063993659303083,0.),(24.101072598606041,-16.18447591356362,0.),(24.682653667366228,-15.282852120492832,0.),(25.230521200195607,-14.360353789739307,0.),(25.743926875945142,-13.418240943059168,0.),(26.2221694442173,-12.457800393277957,0.),(26.664595683189734,-11.480343986659074,0.),(27.070601291837711,-10.4872068110796,0.),(27.439631715336624,-9.4797453724608278,0.),(27.771182902517182,-8.4593357419443613,0.),(28.06480199433868,-7.4273716763444444,0.),(28.320087942439965,-6.3852627144438108,0.),(28.536692056923279,-5.3344322517332508,0.),(28.71431848262268,-4.2763155962245847,0.),(28.852724603206642,-3.2123580079925693,0.),(28.951721372562783,-2.1440127251234786,0.),(29.01117357301208,-1.0727389787666817,0.),(28.030999999999999,0.,0.),(28.030999999999999,0.,36.5),(28.011162627022365,1.0543857370552503,36.5),(27.95167858567261,2.107279109005562,36.5),(27.852632068959505,3.1571898630219208,36.5),(27.714163266151665,4.2026319678374682,36.5),(27.536468164355302,5.2421257170585847,36.5),(27.319798271116376,6.2741998235238281,36.5),(27.064460258439841,7.29739350174638,36.5),(26.77081552872966,8.3102585354925509,36.5),(26.439279703264145,9.3113613275699141,36.5),(26.070322033930506,10.299284928923829,36.5),(25.664464739051283,11.27263104417036,36.5),(25.222282264242697,12.230022010727049,36.5),(24.744400469351138,13.170102748740236,36.5),(24.23149574261851,14.091542679049056,36.5),(23.684294043330326,14.993037606471463,36.5),(23.103569874301535,15.873311565746652,36.5),(22.490145185654367,16.731118627521226,36.5),(21.844888211439862,17.565244661822838,36.5),(21.168712240749663,18.37450905652544,36.5),(20.462574325057428,19.157766388373684,36.5),(19.727473923619502,19.913908044201477,36.5),(18.964451488852092,20.641863790049957,36.5),(18.174586993687218,21.340603285963951,36.5),(17.358998402991809,22.009137544322989,36.5),(16.518840091213427,22.646520329642694,36.5),(15.655301208492359,23.251849497865276,36.5),(14.769603997552521,23.824268273243575,36.5),(13.863002063753607,24.362966461011336,36.5),(12.936778600752849,24.86718159412327,36.5),(11.992244574287911,25.336200012441925,36.5),(11.030736866651472,25.769357872843784,36.5),(10.053616384483842,26.166042088814997,36.5),(9.0622661325617901,26.525691198206761,36.5),(8.0580892563099447,26.847796157922204,36.5),(7.0425070558053449,27.131901064409991,36.5),(6.0169569740861153,27.377603798944794,36.5),(4.9828905626115914,27.5845565967814,36.5),(3.9417714267535438,27.752466539376805,36.5),(2.8950731542264441,27.881095968983669,36.5),(1.844277229388837,27.970262825028257,36.5),(0.7908709363678933,28.019840901796861,36.5),(-0.26365474602495292,28.029760027065848,36.5),(-1.3178072546077872,28.000006161422593,36.5),(-2.3700945543844938,27.930621418136706,36.5),(-3.4190272503534453,27.821704003553421,36.5),(-4.4631206955795788,27.673408078093477,36.5),(-5.5008970925461131,27.485943538056276,36.5),(-6.530887584811679,27.259575718535178,36.5),(-7.5516343360123575,26.9946250178653,36.5),(-8.5616925932660362,26.691466444135539,36.5),(-9.5596327320585459,26.350529084406539,36.5),(-10.54404227971731,25.972295497385936,36.5),(-11.513527914608444,25.557301030420486,36.5),(-12.466717438227727,25.10613306177175,36.5),(-13.402261717394163,24.619430169247842,36.5),(-14.318836593797098,24.097881226367953,36.5),(-15.215144758194258,23.542224427338926,36.5),(-16.0899175866079,22.953246242223905,36.5),(-16.94191693592019,22.331780303781883,36.5),(-17.769936896326342,21.678706227553793,36.5),(-18.572805498165092,20.994948366865028,36.5),(-19.34938637071069,20.281474504506701,36.5),(-20.098580350578597,19.53929448294733,36.5),(-20.819327037468344,18.769458775013721,36.5),(-21.510606295041576,17.973056997064177,36.5),(-22.17143969481096,17.151216366758387,36.5),(-22.800891900996309,16.305100107606851,36.5),(-23.39807199438776,15.435905802558112,36.5),(-23.962134733342321,14.544863698953987,36.5),(-24.492281750128882,13.63323496725204,36.5),(-24.987762680928451,12.702309915979825,36.5),(-25.447876227890255,11.753406165447446,36.5),(-25.871971151740407,10.787866782803361,36.5),(-26.259447193538282,9.8070583810730128,36.5),(-26.60975592427592,8.8123691848709171,36.5),(-26.922401521117965,7.8052070655239536,36.5),(-27.196941469183432,6.786997548386938,36.5),(-27.432987187876062,5.7591817951708917,36.5),(-27.630204580876661,4.7232145641397967,36.5),(-27.788314509019127,3.6805621510629498,36.5),(-27.907093185380685,2.632700313837268,36.5),(-27.986372492027286,1.5811121837170095,36.5),(-28.026040217965715,0.52728616610733781,36.5),(-28.026040217965722,-0.52728616610709445,36.5),(-27.9863724920273,-1.5811121837167665,36.5),(-27.907093185380706,-2.6327003138370255,36.5),(-27.788314509019159,-3.6805621510627087,36.5),(-27.630204580876704,-4.7232145641395569,36.5),(-27.432987187876112,-5.7591817951706528,36.5),(-27.196941469183493,-6.7869975483867009,36.5),(-26.922401521118033,-7.8052070655237209,36.5),(-26.609755924275998,-8.812369184870688,36.5),(-26.259447193538364,-9.8070583810727854,36.5),(-25.8719711517405,-10.787866782803135,36.5),(-25.447876227890355,-11.753406165447224,36.5),(-24.987762680928558,-12.702309915979606,36.5),(-24.492281750128999,-13.633234967251827,36.5),(-23.962134733342449,-14.54486369895378,36.5),(-23.398071994387895,-15.43590580255791,36.5),(-22.800891900996447,-16.305100107606652,36.5),(-22.171439694811109,-17.151216366758195,36.5),(-21.510606295041732,-17.973056997063992,36.5),(-20.819327037468504,-18.76945877501354,36.5),(-20.098580350578768,-19.539294482947152,36.5),(-19.349386370710864,-20.28147450450653,36.5),(-18.572805498165273,-20.994948366864865,36.5),(-17.769936896326534,-21.678706227553636,36.5),(-16.941916935920375,-22.331780303781748,36.5),(-16.089917586608077,-22.953246242223777,36.5),(-15.215144758194432,-23.542224427338816,36.5),(-14.318836593797267,-24.097881226367853,36.5),(-13.402261717394321,-24.619430169247757,36.5),(-12.466717438227878,-25.106133061771676,36.5),(-11.513527914608584,-25.557301030420426,36.5),(-10.544042279717448,-25.972295497385879,36.5),(-9.5596327320586809,-26.350529084406489,36.5),(-8.5616925932661658,-26.691466444135497,36.5),(-7.5516343360124836,-26.994625017865264,36.5),(-6.5308875848118007,-27.259575718535149,36.5),(-5.5008970925462295,-27.485943538056254,36.5),(-4.4631206955796898,-27.673408078093455,36.5),(-3.4190272503535506,-27.821704003553407,36.5),(-2.3700945543845937,-27.930621418136699,36.5),(-1.3178072546078812,-28.000006161422586,36.5),(-0.26365474602504069,-28.029760027065848,36.5),(0.79087093636781181,-28.019840901796865,36.5),(1.8442772293887619,-27.970262825028264,36.5),(2.8950731542263757,-27.881095968983676,36.5),(3.9417714267534816,-27.752466539376815,36.5),(4.9828905626115354,-27.584556596781411,36.5),(6.0169569740860664,-27.377603798944804,36.5),(7.0425070558053013,-27.131901064409998,36.5),(8.0580892563099091,-26.847796157922211,36.5),(9.0622661325617582,-26.525691198206768,36.5),(10.053616384483817,-26.166042088815008,36.5),(11.030736866651454,-25.769357872843795,36.5),(11.9922445742879,-25.336200012441928,36.5),(12.936778600752843,-24.86718159412327,36.5),(13.863002063753605,-24.362966461011336,36.5),(14.769603997552524,-23.824268273243575,36.5),(15.655301208492368,-23.251849497865269,36.5),(16.518840091213445,-22.646520329642684,36.5),(17.358998402991826,-22.009137544322975,36.5),(18.174586993687242,-21.34060328596393,36.5),(18.96445148885212,-20.641863790049932,36.5),(19.727473923619534,-19.913908044201452,36.5),(20.462574325057464,-19.157766388373645,36.5),(21.168712240749695,-18.374509056525397,36.5),(21.844888211439898,-17.565244661822792,36.5),(22.490145185654409,-16.73111862752117,36.5),(23.103569874301577,-15.87331156574659,36.5),(23.684294043330372,-14.993037606471393,36.5),(24.231495742618552,-14.091542679048981,36.5),(24.744400469351181,-13.170102748740154,36.5),(25.222282264242743,-12.230022010726959,36.5),(25.664464739051326,-11.272631044170261,36.5),(26.070322033930548,-10.29928492892372,36.5),(26.439279703264187,-9.3113613275697968,36.5),(26.770815528729699,-8.3102585354924248,36.5),(27.06446025843988,-7.297393501746245,36.5),(27.319798271116412,-6.2741998235236851,36.5),(27.536468164355327,-5.2421257170584328,36.5),(27.71416326615169,-4.2026319678373065,36.5),(27.852632068959526,-3.1571898630217521,36.5),(27.951678585672621,-2.1072791090053853,36.5),(28.011162627022372,-1.0543857370550656,36.5),(28.011162627022365,1.0543857370552503,0.),(27.95167858567261,2.107279109005562,0.),(27.852632068959505,3.1571898630219208,0.),(27.714163266151665,4.2026319678374682,0.),(27.536468164355302,5.2421257170585847,0.),(27.319798271116376,6.2741998235238281,0.),(27.064460258439841,7.29739350174638,0.),(26.77081552872966,8.3102585354925509,0.),(26.439279703264145,9.3113613275699141,0.),(26.070322033930506,10.299284928923829,0.),(25.664464739051283,11.27263104417036,0.),(25.222282264242697,12.230022010727049,0.),(24.744400469351138,13.170102748740236,0.),(24.23149574261851,14.091542679049056,0.),(23.684294043330326,14.993037606471463,0.),(23.103569874301535,15.873311565746652,0.),(22.490145185654367,16.731118627521226,0.),(21.844888211439862,17.565244661822838,0.),(21.168712240749663,18.37450905652544,0.),(20.462574325057428,19.157766388373684,0.),(19.727473923619502,19.913908044201477,0.),(18.964451488852092,20.641863790049957,0.),(18.174586993687218,21.340603285963951,0.),(17.358998402991809,22.009137544322989,0.),(16.518840091213427,22.646520329642694,0.),(15.655301208492359,23.251849497865276,0.),(14.769603997552521,23.824268273243575,0.),(13.863002063753607,24.362966461011336,0.),(12.936778600752849,24.86718159412327,0.),(11.992244574287911,25.336200012441925,0.),(11.030736866651472,25.769357872843784,0.),(10.053616384483842,26.166042088814997,0.),(9.0622661325617901,26.525691198206761,0.),(8.0580892563099447,26.847796157922204,0.),(7.0425070558053449,27.131901064409991,0.),(6.0169569740861153,27.377603798944794,0.),(4.9828905626115914,27.5845565967814,0.),(3.9417714267535438,27.752466539376805,0.),(2.8950731542264441,27.881095968983669,0.),(1.844277229388837,27.970262825028257,0.),(0.7908709363678933,28.019840901796861,0.),(-0.26365474602495292,28.029760027065848,0.),(-1.3178072546077872,28.000006161422593,0.),(-2.3700945543844938,27.930621418136706,0.),(-3.4190272503534453,27.821704003553421,0.),(-4.4631206955795788,27.673408078093477,0.),(-5.5008970925461131,27.485943538056276,0.),(-6.530887584811679,27.259575718535178,0.),(-7.5516343360123575,26.9946250178653,0.),(-8.5616925932660362,26.691466444135539,0.),(-9.5596327320585459,26.350529084406539,0.),(-10.54404227971731,25.972295497385936,0.),(-11.513527914608444,25.557301030420486,0.),(-12.466717438227727,25.10613306177175,0.),(-13.402261717394163,24.619430169247842,0.),(-14.318836593797098,24.097881226367953,0.),(-15.215144758194258,23.542224427338926,0.),(-16.0899175866079,22.953246242223905,0.),(-16.94191693592019,22.331780303781883,0.),(-17.769936896326342,21.678706227553793,0.),(-18.572805498165092,20.994948366865028,0.),(-19.34938637071069,20.281474504506701,0.),(-20.098580350578597,19.53929448294733,0.),(-20.819327037468344,18.769458775013721,0.),(-21.510606295041576,17.973056997064177,0.),(-22.17143969481096,17.151216366758387,0.),(-22.800891900996309,16.305100107606851,0.),(-23.39807199438776,15.435905802558112,0.),(-23.962134733342321,14.544863698953987,0.),(-24.492281750128882,13.63323496725204,0.),(-24.987762680928451,12.702309915979825,0.),(-25.447876227890255,11.753406165447446,0.),(-25.871971151740407,10.787866782803361,0.),(-26.259447193538282,9.8070583810730128,0.),(-26.60975592427592,8.8123691848709171,0.),(-26.922401521117965,7.8052070655239536,0.),(-27.196941469183432,6.786997548386938,0.),(-27.432987187876062,5.7591817951708917,0.),(-27.630204580876661,4.7232145641397967,0.),(-27.788314509019127,3.6805621510629498,0.),(-27.907093185380685,2.632700313837268,0.),(-27.986372492027286,1.5811121837170095,0.),(-28.026040217965715,0.52728616610733781,0.),(-28.026040217965722,-0.52728616610709445,0.),(-27.9863724920273,-1.5811121837167665,0.),(-27.907093185380706,-2.6327003138370255,0.),(-27.788314509019159,-3.6805621510627087,0.),(-27.630204580876704,-4.7232145641395569,0.),(-27.432987187876112,-5.7591817951706528,0.),(-27.196941469183493,-6.7869975483867009,0.),(-26.922401521118033,-7.8052070655237209,0.),(-26.609755924275998,-8.812369184870688,0.),(-26.259447193538364,-9.8070583810727854,0.),(-25.8719711517405,-10.787866782803135,0.),(-25.447876227890355,-11.753406165447224,0.),(-24.987762680928558,-12.702309915979606,0.),(-24.492281750128999,-13.633234967251827,0.),(-23.962134733342449,-14.54486369895378,0.),(-23.398071994387895,-15.43590580255791,0.),(-22.800891900996447,-16.305100107606652,0.),(-22.171439694811109,-17.151216366758195,0.),(-21.510606295041732,-17.973056997063992,0.),(-20.819327037468504,-18.76945877501354,0.),(-20.098580350578768,-19.539294482947152,0.),(-19.349386370710864,-20.28147450450653,0.),(-18.572805498165273,-20.994948366864865,0.),(-17.769936896326534,-21.678706227553636,0.),(-16.941916935920375,-22.331780303781748,0.),(-16.089917586608077,-22.953246242223777,0.),(-15.215144758194432,-23.542224427338816,0.),(-14.318836593797267,-24.097881226367853,0.),(-13.402261717394321,-24.619430169247757,0.),(-12.466717438227878,-25.106133061771676,0.),(-11.513527914608584,-25.557301030420426,0.),(-10.544042279717448,-25.972295497385879,0.),(-9.5596327320586809,-26.350529084406489,0.),(-8.5616925932661658,-26.691466444135497,0.),(-7.5516343360124836,-26.994625017865264,0.),(-6.5308875848118007,-27.259575718535149,0.),(-5.5008970925462295,-27.485943538056254,0.),(-4.4631206955796898,-27.673408078093455,0.),(-3.4190272503535506,-27.821704003553407,0.),(-2.3700945543845937,-27.930621418136699,0.),(-1.3178072546078812,-28.000006161422586,0.),(-0.26365474602504069,-28.029760027065848,0.),(0.79087093636781181,-28.019840901796865,0.),(1.8442772293887619,-27.970262825028264,0.),(2.8950731542263757,-27.881095968983676,0.),(3.9417714267534816,-27.752466539376815,0.),(4.9828905626115354,-27.584556596781411,0.),(6.0169569740860664,-27.377603798944804,0.),(7.0425070558053013,-27.131901064409998,0.),(8.0580892563099091,-26.847796157922211,0.),(9.0622661325617582,-26.525691198206768,0.),(10.053616384483817,-26.166042088815008,0.),(11.030736866651454,-25.769357872843795,0.),(11.9922445742879,-25.336200012441928,0.),(12.936778600752843,-24.86718159412327,0.),(13.863002063753605,-24.362966461011336,0.),(14.769603997552524,-23.824268273243575,0.),(15.655301208492368,-23.251849497865269,0.),(16.518840091213445,-22.646520329642684,0.),(17.358998402991826,-22.009137544322975,0.),(18.174586993687242,-21.34060328596393,0.),(18.96445148885212,-20.641863790049932,0.),(19.727473923619534,-19.913908044201452,0.),(20.462574325057464,-19.157766388373645,0.),(21.168712240749695,-18.374509056525397,0.),(21.844888211439898,-17.565244661822792,0.),(22.490145185654409,-16.73111862752117,0.),(23.103569874301577,-15.87331156574659,0.),(23.684294043330372,-14.993037606471393,0.),(24.231495742618552,-14.091542679048981,0.),(24.744400469351181,-13.170102748740154,0.),(25.222282264242743,-12.230022010726959,0.),(25.664464739051326,-11.272631044170261,0.),(26.070322033930548,-10.29928492892372,0.),(26.439279703264187,-9.3113613275697968,0.),(26.770815528729699,-8.3102585354924248,0.),(27.06446025843988,-7.297393501746245,0.),(27.319798271116412,-6.2741998235236851,0.),(27.536468164355327,-5.2421257170584328,0.),(27.71416326615169,-4.2026319678373065,0.),(27.852632068959526,-3.1571898630217521,0.),(27.951678585672621,-2.1072791090053853,0.),(28.011162627022372,-1.0543857370550656,0.)),$);
#543=IFCTRIANGULATEDFACESET(#542,$,.T.,((2,1,172),(3,2,172),(4,3,173),(5,4,173),(3,172,173),(5,173,174),(6,5,175),(5,174,175),(7,6,176),(8,7,176),(6,175,176),(8,176,177),(9,8,178),(8,177,178),(10,9,179),(9,178,179),(11,10,180),(10,179,180),(12,11,181),(11,180,181),(13,12,182),(12,181,182),(14,13,183),(13,182,183),(15,14,184),(16,15,184),(14,183,184),(17,16,185),(16,184,185),(17,185,186),(17,186,187),(18,17,187),(18,187,188),(19,18,188),(20,19,188),(20,188,189),(21,20,189),(21,189,190),(22,21,191),(23,22,191),(21,190,191),(24,23,192),(23,191,192),(25,24,193),(24,192,193),(26,25,194),(25,193,194),(27,26,195),(26,194,195),(27,195,196),(28,27,197),(29,28,197),(27,196,197),(30,29,198),(29,197,198),(31,30,199),(30,198,199),(31,199,200),(32,31,201),(33,32,201),(31,200,201),(33,201,202),(34,33,203),(33,202,203),(35,34,204),(36,35,204),(34,203,204),(37,36,205),(36,204,205),(37,205,206),(38,37,207),(39,38,207),(37,206,207),(40,39,208),(39,207,208),(41,40,209),(40,208,209),(41,209,210),(41,210,211),(42,41,211),(42,211,212),(43,42,212),(44,43,212),(44,212,213),(44,213,214),(45,44,214),(45,214,215),(46,45,215),(47,46,215),(47,215,216),(47,216,217),(48,47,217),(48,217,218),(49,48,218),(49,218,219),(50,49,219),(50,219,220),(51,50,220),(51,220,221),(52,51,221),(52,221,222),(53,52,222),(53,222,223),(54,53,223),(55,54,224),(54,223,224),(56,55,225),(57,56,225),(55,224,225),(58,57,226),(57,225,226),(58,226,227),(59,58,228),(60,59,228),(58,227,228),(60,228,229),(61,60,230),(60,229,230),(62,61,231),(61,230,231),(63,62,232),(62,231,232),(64,63,233),(63,232,233),(65,64,234),(66,65,234),(64,233,234),(66,234,235),(66,235,236),(67,66,236),(67,236,237),(68,67,237),(68,237,238),(69,68,238),(69,238,239),(70,69,239),(70,239,240),(71,70,240),(71,240,241),(72,71,241),(72,241,242),(73,72,242),(73,242,243),(74,73,243),(74,243,244),(75,74,244),(75,244,245),(76,75,245),(76,245,246),(77,76,246),(77,246,247),(78,77,247),(78,247,248),(79,78,248),(79,248,249),(80,79,249),(81,80,249),(81,249,250),(81,250,251),(82,81,251),(82,251,252),(83,82,252),(83,252,253),(84,83,253),(84,253,254),(85,84,254),(85,254,255),(86,85,255),(86,255,256),(87,86,256),(87,256,257),(88,87,257),(89,88,257),(89,257,258),(90,89,259),(89,258,259),(91,90,260),(92,91,260),(90,259,260),(92,260,261),(93,92,261),(93,261,262),(93,262,263),(94,93,263),(95,94,263),(95,263,264),(95,264,265),(96,95,265),(96,265,266),(97,96,266),(97,266,267),(98,97,267),(99,98,267),(99,267,268),(100,99,268),(100,268,269),(100,269,270),(101,100,270),(102,101,271),(101,270,271),(103,102,272),(102,271,272),(104,103,273),(105,104,273),(103,272,273),(105,273,274),(106,105,275),(105,274,275),(107,106,276),(106,275,276),(108,107,277),(107,276,277),(109,108,278),(108,277,278),(110,109,279),(109,278,279),(111,110,280),(112,111,280),(110,279,280),(112,280,281),(113,112,282),(114,113,282),(112,281,282),(114,282,283),(115,114,284),(114,283,284),(116,115,285),(115,284,285),(117,116,286),(118,117,286),(116,285,286),(118,286,287),(118,287,288),(119,118,288),(119,288,289),(120,119,289),(120,289,290),(121,120,290),(122,121,290),(122,290,291),(122,291,292),(123,122,292),(124,123,292),(124,292,293),(125,124,294),(124,293,294),(126,125,295),(125,294,295),(127,126,296),(128,127,296),(126,295,296),(128,296,297),(129,128,298),(130,129,298),(128,297,298),(131,130,299),(130,298,299),(131,299,300),(132,131,301),(131,300,301),(133,132,302),(132,301,302),(134,133,303),(133,302,303),(135,134,304),(136,135,304),(134,303,304),(137,136,305),(136,304,305),(137,305,306),(138,137,307),(137,306,307),(139,138,308),(140,139,308),(138,307,308),(140,308,309),(141,140,310),(142,141,310),(140,309,310),(143,142,311),(142,310,311),(143,311,312),(143,312,313),(144,143,313),(145,144,313),(145,313,314),(145,314,315),(146,145,315),(146,315,316),(147,146,316),(147,316,317),(148,147,317),(148,317,318),(149,148,318),(149,318,319),(150,149,319),(150,319,320),(151,150,320),(152,151,320),(152,320,321),(152,321,322),(153,152,322),(154,153,322),(154,322,323),(155,154,323),(155,323,324),(156,155,324),(156,324,325),(157,156,326),(158,157,326),(156,325,326),(158,326,327),(159,158,328),(160,159,328),(158,327,328),(161,160,329),(160,328,329),(161,329,330),(162,161,331),(161,330,331),(163,162,332),(164,163,332),(162,331,332),(164,332,333),(165,164,334),(164,333,334),(166,165,335),(167,166,335),(165,334,335),(167,335,336),(167,336,337),(168,167,337),(169,168,337),(169,337,338),(170,169,338),(170,338,339),(170,339,340),(171,170,340),(2,171,340),(2,340,1),(341,342,343),(509,343,344),(509,341,343),(510,509,344),(511,344,345),(511,345,346),(511,510,344),(512,511,346),(513,346,347),(513,512,346),(514,347,348),(514,513,347),(515,348,349),(515,514,348),(516,349,350),(516,515,349),(517,350,351),(517,351,352),(517,516,350),(518,352,353),(518,517,352),(519,518,353),(520,353,354),(520,354,355),(520,519,353),(521,355,356),(521,520,355),(522,521,356),(523,356,357),(523,357,358),(523,522,356),(524,523,358),(525,358,359),(525,524,358),(526,525,359),(526,359,360),(527,526,360),(527,360,361),(528,527,361),(528,361,362),(528,362,363),(529,528,363),(530,363,364),(530,529,363),(531,530,364),(531,364,365),(532,365,366),(532,531,365),(533,366,367),(533,532,366),(534,367,368),(534,533,367),(535,368,369),(535,534,368),(536,369,370),(536,535,369),(537,370,371),(537,536,370),(538,371,372),(538,537,371),(539,372,373),(539,373,374),(539,538,372),(540,374,375),(540,539,374),(541,540,375),(542,375,376),(542,541,375),(543,376,377),(543,542,376),(544,377,378),(544,378,379),(544,543,377),(545,544,379),(546,379,380),(546,545,379),(547,380,381),(547,546,380),(548,381,382),(548,547,381),(549,382,383),(549,383,384),(549,548,382),(550,549,384),(551,550,384),(551,384,385),(551,385,386),(552,551,386),(552,386,387),(553,552,387),(554,553,387),(554,387,388),(555,554,388),(555,388,389),(556,555,389),(556,389,390),(557,556,390),(557,390,391),(558,557,391),(558,391,392),(559,558,392),(559,392,393),(560,559,393),(560,393,394),(561,560,394),(561,394,395),(561,395,396),(562,561,396),(562,396,397),(563,562,397),(564,397,398),(564,563,397),(565,398,399),(565,399,400),(565,564,398),(566,400,401),(566,565,400),(567,566,401),(568,401,402),(568,567,401),(569,402,403),(569,403,404),(569,568,402),(570,569,404),(571,404,405),(571,570,404),(572,405,406),(572,406,407),(572,571,405),(573,407,408),(573,572,407),(574,573,408),(575,574,408),(575,408,409),(576,575,409),(576,409,410),(577,576,410),(577,410,411),(578,577,411),(578,411,412),(579,578,412),(579,412,413),(580,579,413),(580,413,414),(581,580,414),(581,414,415),(582,581,415),(582,415,416),(583,582,416),(583,416,417),(584,583,417),(584,417,418),(585,584,418),(585,418,419),(586,585,419),(586,419,420),(587,586,420),(587,420,421),(587,421,422),(588,587,422),(589,588,422),(589,422,423),(590,589,423),(590,423,424),(591,590,424),(591,424,425),(592,591,425),(592,425,426),(592,426,427),(593,592,427),(593,427,428),(594,593,428),(595,594,428),(595,428,429),(596,595,429),(596,429,430),(597,430,431),(597,596,430),(598,431,432),(598,597,431),(599,432,433),(599,433,434),(599,598,432),(600,599,434),(600,434,435),(601,600,435),(602,601,435),(602,435,436),(602,436,437),(603,602,437),(604,603,437),(604,437,438),(604,438,439),(605,604,439),(605,439,440),(606,605,440),(607,441,442),(607,606,440),(607,440,441),(608,607,442),(609,442,443),(609,443,444),(609,608,442),(610,609,444),(611,444,445),(611,445,446),(611,610,444),(612,611,446),(613,446,447),(613,612,446),(614,447,448),(614,613,447),(615,448,449),(615,449,450),(615,614,448),(616,615,450),(617,450,451),(617,616,450),(618,451,452),(618,452,453),(618,617,451),(619,453,454),(619,618,453),(620,619,454),(621,454,455),(621,455,456),(621,620,454),(622,621,456),(623,456,457),(623,622,456),(624,457,458),(624,458,459),(624,623,457),(625,459,460),(625,624,459),(626,625,460),(627,626,460),(627,460,461),(627,461,462),(628,627,462),(629,628,462),(629,462,463),(630,463,464),(630,629,463),(630,464,465),(631,630,465),(632,465,466),(632,466,467),(632,631,465),(633,632,467),(634,467,468),(634,633,467),(635,468,469),(635,634,468),(636,469,470),(636,635,469),(637,470,471),(637,471,472),(637,636,470),(638,637,472),(639,472,473),(639,473,474),(639,638,472),(640,639,474),(641,474,475),(641,640,474),(642,475,476),(642,476,477),(642,641,475),(643,642,477),(644,477,478),(644,643,477),(645,478,479),(645,644,478),(646,479,480),(646,645,479),(647,480,481),(647,646,480),(648,481,482),(648,647,481),(649,482,483),(649,648,482),(650,649,483),(650,483,484),(650,484,485),(651,485,486),(651,650,485),(652,651,486),(653,652,486),(653,486,487),(654,653,487),(654,487,488),(654,488,489),(655,654,489),(656,655,489),(656,489,490),(657,656,490),(657,490,491),(658,657,491),(658,491,492),(659,658,492),(659,492,493),(660,659,493),(660,493,494),(660,494,495),(661,660,495),(662,661,495),(662,495,496),(663,662,496),(663,496,497),(664,497,498),(664,663,497),(665,498,499),(665,499,500),(665,664,498),(666,665,500),(667,500,501),(667,501,502),(667,666,500),(668,667,502),(669,502,503),(669,668,502),(670,503,504),(670,504,505),(670,669,503),(671,505,506),(671,670,505),(672,671,506),(673,506,507),(673,672,506),(674,507,508),(674,673,507),(341,508,342),(341,674,508),(277,276,612),(278,277,613),(277,612,613),(276,275,611),(612,276,611),(279,278,614),(278,613,614),(275,274,610),(611,275,610),(280,279,615),(279,614,615),(274,273,609),(610,274,609),(281,280,616),(280,615,616),(273,272,608),(609,273,608),(282,281,617),(281,616,617),(272,271,607),(608,272,607),(283,282,618),(282,617,618),(607,271,606),(271,270,606),(284,283,619),(285,284,619),(283,618,619),(606,270,605),(270,269,605),(286,285,620),(285,619,620),(605,269,604),(269,268,604),(287,286,621),(286,620,621),(604,268,603),(268,267,603),(288,287,622),(287,621,622),(603,267,602),(267,266,602),(289,288,623),(288,622,623),(602,266,601),(266,265,601),(289,623,624),(290,289,624),(601,265,600),(265,264,600),(291,290,625),(290,624,625),(600,264,599),(264,263,599),(291,625,626),(292,291,626),(599,263,598),(263,262,598),(293,292,627),(292,626,627),(598,262,597),(262,261,597),(294,293,628),(293,627,628),(597,261,596),(261,260,596),(295,294,629),(294,628,629),(596,260,595),(260,259,595),(296,295,630),(295,629,630),(595,259,594),(259,258,594),(297,296,631),(296,630,631),(594,258,593),(258,257,593),(298,297,632),(297,631,632),(593,257,592),(257,256,592),(299,298,633),(298,632,633),(256,255,591),(592,256,591),(299,633,634),(300,299,634),(591,255,590),(255,254,590),(301,300,635),(300,634,635),(590,254,589),(254,253,589),(301,635,636),(302,301,636),(589,253,588),(253,252,588),(303,302,637),(302,636,637),(588,252,587),(252,251,587),(303,637,638),(303,638,304),(587,251,586),(251,250,586),(304,638,639),(304,639,305),(586,250,585),(250,249,585),(305,639,640),(305,640,306),(585,249,584),(249,248,584),(306,640,641),(306,641,307),(584,248,583),(248,247,583),(307,641,642),(307,642,308),(583,247,582),(247,246,582),(308,642,643),(308,643,309),(582,246,581),(246,245,581),(309,643,644),(309,644,310),(245,244,580),(581,245,580),(310,644,645),(310,645,311),(580,244,579),(244,243,579),(311,645,646),(311,646,312),(579,243,578),(243,242,578),(312,646,647),(312,647,313),(578,242,577),(577,242,241),(313,647,648),(313,648,314),(577,241,576),(576,241,240),(314,648,649),(314,649,315),(576,240,575),(575,240,239),(315,649,650),(315,650,316),(575,239,574),(574,239,238),(316,650,651),(316,651,317),(574,238,573),(573,238,237),(317,651,652),(317,652,318),(573,237,572),(572,237,236),(318,652,653),(318,653,319),(572,236,571),(571,236,235),(319,653,654),(319,654,320),(571,235,570),(570,235,234),(320,654,655),(320,655,321),(570,234,569),(569,234,233),(321,655,656),(321,656,322),(569,233,568),(568,233,232),(322,656,657),(322,657,323),(568,232,567),(567,232,231),(323,657,658),(323,658,324),(567,231,566),(566,231,230),(324,658,659),(324,659,325),(566,230,565),(565,230,229),(325,659,660),(325,660,326),(565,229,564),(564,229,228),(326,660,661),(326,661,327),(327,661,662),(563,564,227),(564,228,227),(327,662,328),(328,662,663),(562,563,226),(563,227,226),(328,663,329),(329,663,664),(561,562,225),(562,226,225),(329,664,330),(330,664,665),(560,561,224),(561,225,224),(330,665,331),(331,665,666),(559,560,223),(560,224,223),(331,666,332),(332,666,667),(558,559,222),(559,223,222),(332,667,333),(333,667,668),(557,558,221),(558,222,221),(333,668,334),(334,668,669),(556,557,220),(557,221,220),(334,669,335),(335,669,670),(555,556,219),(556,220,219),(335,670,336),(336,670,671),(554,555,218),(555,219,218),(336,671,337),(337,671,672),(554,218,217),(553,554,217),(337,672,338),(338,672,673),(552,553,216),(553,217,216),(338,673,339),(339,673,674),(551,552,215),(552,216,215),(339,674,340),(340,674,341),(550,551,214),(551,215,214),(340,341,1),(549,550,213),(550,214,213),(1,341,172),(341,509,172),(548,549,212),(549,213,212),(172,509,173),(509,510,173),(547,548,211),(548,212,211),(173,510,174),(510,511,174),(546,547,210),(547,211,210),(174,511,175),(511,512,175),(545,546,209),(546,210,209),(512,513,176),(175,512,176),(544,545,208),(545,209,208),(513,514,177),(176,513,177),(543,544,207),(544,208,207),(514,515,178),(177,514,178),(542,543,206),(543,207,206),(515,516,179),(178,515,179),(541,542,205),(542,206,205),(179,516,180),(516,517,180),(540,541,204),(541,205,204),(180,517,181),(517,518,181),(539,540,203),(540,204,203),(181,518,182),(518,519,182),(539,203,202),(538,539,202),(182,519,183),(519,520,183),(538,202,201),(537,538,201),(183,520,184),(520,521,184),(537,201,200),(536,537,200),(184,521,185),(521,522,185),(536,200,199),(535,536,199),(185,522,186),(522,523,186),(535,199,198),(534,535,198),(186,523,187),(523,524,187),(534,198,197),(533,534,197),(187,524,188),(524,525,188),(533,197,196),(532,533,196),(188,525,189),(525,526,189),(532,196,195),(531,532,195),(189,526,190),(526,527,190),(530,531,194),(531,195,194),(527,528,191),(190,527,191),(529,530,193),(530,194,193),(528,529,192),(529,193,192),(191,528,192),(446,107,108),(447,108,109),(447,446,108),(445,106,107),(445,107,446),(448,109,110),(448,447,109),(444,105,106),(444,106,445),(449,110,111),(449,448,110),(443,104,105),(443,105,444),(450,111,112),(450,449,111),(442,103,104),(442,104,443),(451,112,113),(451,450,112),(441,102,103),(441,103,442),(452,113,114),(452,451,113),(440,102,441),(440,101,102),(453,114,115),(453,115,116),(453,452,114),(439,101,440),(439,100,101),(454,116,117),(454,453,116),(438,100,439),(438,99,100),(455,117,118),(455,454,117),(437,99,438),(437,98,99),(456,118,119),(456,455,118),(436,98,437),(436,97,98),(457,119,120),(457,456,119),(435,97,436),(435,96,97),(458,457,120),(458,120,121),(434,96,435),(434,95,96),(459,121,122),(459,458,121),(433,95,434),(433,94,95),(460,459,122),(460,122,123),(432,94,433),(432,93,94),(461,123,124),(461,460,123),(431,93,432),(431,92,93),(462,124,125),(462,461,124),(430,92,431),(430,91,92),(463,125,126),(463,462,125),(429,91,430),(429,90,91),(464,126,127),(464,463,126),(428,90,429),(428,89,90),(465,127,128),(465,464,127),(427,89,428),(427,88,89),(466,128,129),(466,465,128),(426,88,427),(426,87,88),(467,129,130),(467,466,129),(425,86,87),(425,87,426),(468,467,130),(468,130,131),(424,86,425),(424,85,86),(469,131,132),(469,468,131),(423,85,424),(423,84,85),(470,469,132),(470,132,133),(422,84,423),(422,83,84),(471,133,134),(471,470,133),(421,83,422),(421,82,83),(472,471,134),(135,472,134),(420,82,421),(420,81,82),(473,472,135),(136,473,135),(419,81,420),(419,80,81),(474,473,136),(137,474,136),(418,80,419),(418,79,80),(475,474,137),(138,475,137),(417,79,418),(417,78,79),(476,475,138),(139,476,138),(416,78,417),(416,77,78),(477,476,139),(140,477,139),(415,77,416),(415,76,77),(478,477,140),(141,478,140),(414,75,76),(414,76,415),(479,478,141),(142,479,141),(413,75,414),(413,74,75),(480,479,142),(143,480,142),(412,74,413),(412,73,74),(481,480,143),(144,481,143),(411,73,412),(72,73,411),(482,481,144),(145,482,144),(410,72,411),(71,72,410),(483,482,145),(146,483,145),(409,71,410),(70,71,409),(484,483,146),(147,484,146),(408,70,409),(69,70,408),(485,484,147),(148,485,147),(407,69,408),(68,69,407),(486,485,148),(149,486,148),(406,68,407),(67,68,406),(487,486,149),(150,487,149),(405,67,406),(66,67,405),(488,487,150),(151,488,150),(404,66,405),(65,66,404),(489,488,151),(152,489,151),(403,65,404),(64,65,403),(490,489,152),(153,490,152),(402,64,403),(63,64,402),(491,490,153),(154,491,153),(401,63,402),(62,63,401),(492,491,154),(155,492,154),(400,62,401),(61,62,400),(493,492,155),(156,493,155),(399,61,400),(60,61,399),(494,493,156),(157,494,156),(398,60,399),(59,60,398),(495,494,157),(158,495,157),(496,495,158),(58,398,397),(58,59,398),(159,496,158),(497,496,159),(57,397,396),(57,58,397),(160,497,159),(498,497,160),(56,396,395),(56,57,396),(161,498,160),(499,498,161),(55,395,394),(55,56,395),(162,499,161),(500,499,162),(54,394,393),(54,55,394),(163,500,162),(501,500,163),(53,393,392),(53,54,393),(164,501,163),(502,501,164),(52,392,391),(52,53,392),(165,502,164),(503,502,165),(51,391,390),(51,52,391),(166,503,165),(504,503,166),(50,390,389),(50,51,390),(167,504,166),(505,504,167),(49,389,388),(49,50,389),(168,505,167),(506,505,168),(48,49,388),(48,388,387),(169,506,168),(507,506,169),(47,387,386),(47,48,387),(170,507,169),(508,507,170),(46,386,385),(46,47,386),(171,508,170),(342,508,171),(45,385,384),(45,46,385),(2,342,171),(44,384,383),(44,45,384),(3,342,2),(3,343,342),(43,383,382),(43,44,383),(4,343,3),(4,344,343),(42,382,381),(42,43,382),(5,344,4),(5,345,344),(41,381,380),(41,42,381),(6,345,5),(6,346,345),(40,380,379),(40,41,380),(7,347,346),(7,346,6),(39,379,378),(39,40,379),(8,348,347),(8,347,7),(38,378,377),(38,39,378),(9,349,348),(9,348,8),(37,377,376),(37,38,377),(10,350,349),(10,349,9),(36,376,375),(36,37,376),(11,350,10),(11,351,350),(35,375,374),(35,36,375),(12,351,11),(12,352,351),(34,374,373),(34,35,374),(13,352,12),(13,353,352),(33,34,373),(33,373,372),(14,353,13),(14,354,353),(32,33,372),(32,372,371),(15,354,14),(15,355,354),(31,32,371),(31,371,370),(16,355,15),(16,356,355),(30,31,370),(30,370,369),(17,356,16),(17,357,356),(29,30,369),(29,369,368),(18,357,17),(18,358,357),(28,29,368),(28,368,367),(19,358,18),(19,359,358),(27,28,367),(27,367,366),(20,359,19),(20,360,359),(26,27,366),(26,366,365),(21,360,20),(21,361,360),(25,365,364),(25,26,365),(22,362,361),(22,361,21),(24,364,363),(24,25,364),(23,363,362),(23,24,363),(23,362,22)),$);
#544=IFCPRODUCTDEFINITIONSHAPE($,$,(#541));
#545=IFCOWNERHISTORY(#3,#12,.READWRITE.,.ADDED.,1788297455,#3,#12,1788297455);
#546=IFCROOFTYPE('0f6clndDf8y9EVgOMR$L06',#545,'Dome Roof 4000Psi 1.0',$,$,$,$,$,$,.NOTDEFINED.);
#547=IFCOWNERHISTORY(#3,#12,.READWRITE.,.MODIFIED.,1788297455,#3,#12,1788297455);
#548=IFCROOF('3TCOzBLtn7wes7fD1orIw3',#547,'Dome Roof',$,$,#549,#577,$,$);
#549=IFCLOCALPLACEMENT(#51,#553);
#550=IFCCARTESIANPOINT((0.,0.,36.5));
#551=IFCDIRECTION((0.,0.,1.));
#552=IFCDIRECTION((1.,0.,0.));
#553=IFCAXIS2PLACEMENT3D(#550,#551,#552);
#554=IFCOWNERHISTORY(#3,#12,.READWRITE.,.ADDED.,1788297455,#3,#12,1788297455);
#555=IFCRELDEFINESBYTYPE('0bPv8JuLD52AJY4d6ReihS',#554,$,$,(#548),#546);
#574=IFCCARTESIANPOINTLIST3D(((-23.733421325683594,-16.677019119262695,0.),(-23.733421325683594,-16.677019119262695,1.1808366775512695),(-24.695150375366211,-15.262442588806152,0.),(-23.844499588012695,-14.736711502075195,0.),(-22.72496223449707,-18.065677642822266,0.),(-21.942176818847656,-17.443386077880859,0.),(-22.915897369384766,-16.102561950683594,0.),(-22.915897369384766,-16.102561950683594,1.1401615142822266),(-24.619024276733398,-15.21539306640625,2.2777373790740967),(-23.77099609375,-14.691283226013184,2.1992783546447754),(-22.650028228759766,-18.006107330322266,2.3556201457977295),(-21.869823455810547,-17.385868072509766,2.2744784355163574),(-23.5780029296875,-16.580709457397461,3.4569466114044189),(-22.765832901000977,-16.00956916809082,3.3378684520721436),(-24.39111328125,-15.074536323547363,4.5414319038391113),(-22.407218933105469,-17.867231369018555,4.6337051391601562),(-23.550933837890625,-14.555277824401855,4.3849973678588867),(-24.012821197509766,-14.840740203857422,6.7771267890930176),(-23.268363952636719,-16.388309478759766,5.727053165435791),(-22.024351119995117,-17.616674423217773,6.8828272819519043),(-22.466859817504883,-15.823797225952148,5.5297784805297852),(-16.607282638549805,-23.782320022583008,0.),(-16.607282638549805,-23.782320022583008,1.1798272132873535),(-17.931684494018555,-22.830841064453125,0.),(-17.314006805419922,-22.044408798217773,0.),(-15.262442588806152,-24.695150375366211,0.),(-14.736711502075195,-23.844499588012695,0.),(-16.035226821899414,-22.963113784790039,0.),(-16.035226821899414,-22.963113784790039,1.1391867399215698),(-17.872636795043945,-22.755661010742188,2.3540072441101074),(-17.256994247436523,-21.971818923950195,2.272921085357666),(-14.698282241821289,-24.962148666381836,1.9090003967285156),(-16.020959854125977,-24.011734008789062,3.0916159152984619),(-15.469100952148438,-23.184623718261719,2.9851219654083252),(-17.270341873168945,-22.939342498779297,4.279545783996582),(-16.675445556640625,-22.149171829223633,4.1321320533752441),(-15.361261367797852,-24.119218826293945,5.0087494850158691),(-14.832126617431641,-23.288406372070312,4.8362178802490234),(-16.583944320678711,-23.011312484741211,6.1842436790466309),(-14.637649536132812,-24.106048583984375,6.8869600296020508),(-16.012693405151367,-22.218664169311523,5.9712204933166504),(-20.406017303466797,-20.649143218994141,0.),(-21.584342956542969,-19.378189086914062,0.),(-20.840847015380859,-18.710687637329102,0.),(-21.584342956542969,-19.378189086914062,1.1808915138244629),(-20.840847015380859,-18.710687637329102,1.1402144432067871),(-19.186042785644531,-21.755373001098633,0.),(-18.525157928466797,-21.005987167358398,0.),(-19.186042785644531,-21.755373001098633,1.1798765659332275),(-18.525157928466797,-21.005987167358398,1.1392344236373901),(-19.703109741210938,-19.937860488891602,0.),(-20.339672088623047,-20.582006454467773,2.3391053676605225),(-21.450527191162109,-19.242891311645508,3.5183284282684326),(-20.711639404296875,-18.580049514770508,3.3971357345581055),(-19.052446365356445,-21.620086669921875,3.5169205665588379),(-18.396163940429688,-20.875360488891602,3.3957765102386475),(-19.639049530029297,-19.873037338256836,2.2585325241088867),(-20.14106559753418,-20.381032943725586,4.6630005836486816),(-18.422401428222656,-21.766944885253906,5.4413132667541504),(-19.447284698486328,-19.678987503051758,4.5023789405822754),(-21.133283615112305,-19.044429779052734,5.7867627143859863),(-20.405324935913086,-18.388423919677734,5.5874314308166504),(-19.518032073974609,-20.437240600585938,6.6451711654663086),(-18.845712661743164,-19.733257293701172,6.4162712097167969),(-21.635377883911133,-17.251775741577148,4.4740924835205078),(-21.26569938659668,-17.009849548339844,6.6457409858703613),(-17.787822723388672,-21.017158508300781,5.2538814544677734),(-17.124797821044922,-21.007331848144531,7.1529111862182617),(-22.810005187988281,-16.10460090637207,7.945948600769043),(-22.024290084838867,-15.549860000610352,7.6722421646118164),(-22.075262069702148,-16.038217544555664,9.9121637344360352),(-15.825000762939453,-22.937658309936523,8.1379213333129883),(-15.279891014099121,-22.147546768188477,7.8576021194458008),(-14.98346996307373,-22.744300842285156,10.049130439758301),(-20.4736328125,-19.062252044677734,7.7623114585876465),(-18.794944763183594,-20.388679504394531,8.5932769775390625),(-19.768398284912109,-18.405632019042969,7.4949302673339844),(-18.147531509399414,-19.686370849609375,8.2972726821899414),(-19.709451675415039,-18.97160530090332,9.7163944244384766),(-19.030538558959961,-18.318109512329102,9.3817024230957031),(-21.331731796264648,-17.585214614868164,8.860590934753418),(-20.59693717956543,-16.979473114013672,8.5553779602050781),(-20.527938842773438,-17.462108612060547,10.792176246643066),(-21.314855575561523,-15.485763549804688,9.5707283020019531),(-19.820833206176758,-16.860607147216797,10.420428276062012),(-17.735723495483398,-21.756767272949219,7.4080905914306641),(-16.361391067504883,-20.892501831054688,9.0299005508422852),(-16.94508171081543,-21.637840270996094,9.3520412445068359),(-17.975509643554688,-20.235605239868164,10.497331619262695),(-17.3563232421875,-19.538566589355469,10.135740280151367),(-15.511504173278809,-20.678728103637695,10.840398788452148),(-18.854055404663086,-18.778339385986328,11.60565185546875),(-20.60301399230957,-15.046528816223145,11.612432479858398),(-21.33802604675293,-15.58331298828125,12.026704788208008),(-18.204607009887695,-18.131500244140625,11.205883026123047),(-19.032321929931641,-16.390102386474609,12.444520950317383),(-20.451425552368164,-15.037139892578125,14.086028099060059),(-19.711299896240234,-16.974817276000977,12.88847827911377),(-19.746955871582031,-14.519169807434082,13.600820541381836),(-17.063928604125977,-19.978796005249023,12.347575187683105),(-16.476144790649414,-19.290605545043945,11.922249794006348),(-16.064876556396484,-21.416440963745117,11.227128982543945),(-14.646100044250488,-20.330778121948242,12.565112113952637),(-17.977134704589844,-18.240480422973633,13.671141624450684),(-15.168599128723145,-21.05607795715332,13.013371467590332),(-16.037189483642578,-19.439432144165039,14.412134170532227),(-15.484771728515625,-18.769821166992188,13.915693283081055),(-17.357892990112305,-17.612167358398438,13.200223922729492),(-18.124151229858398,-15.816548347473145,14.390371322631836),(-25.685371398925781,-13.476528167724609,0.),(-25.685371398925781,-13.476528167724609,1.1989520788192749),(-26.594966888427734,-11.640460014343262,0.),(-25.678874969482422,-11.239492416381836,0.),(-25.528154373168945,-13.379803657531738,3.4766085147857666),(-26.504695892333984,-11.600948333740234,2.3899269104003906),(-25.591712951660156,-11.20134162902832,2.3076033592224121),(-27.336009979248047,-9.700383186340332,0.),(-27.336009979248047,-9.700383186340332,1.1990333795547485),(-27.98175048828125,-7.7339658737182617,0.),(-26.394392013549805,-9.3662433624267578,0.),(-26.394392013549805,-9.3662433624267578,1.1577314138412476),(-27.017889022827148,-7.4675612449645996,0.),(-27.888662338256836,-7.7082366943359375,2.3660483360290527),(-27.147668838500977,-9.6481819152832031,3.5650002956390381),(-26.212539672851562,-9.3158397674560547,3.4422001838684082),(-26.928009033203125,-7.442718505859375,2.2845473289489746),(-24.80061149597168,-13.012314796447754,0.),(-24.80061149597168,-13.012314796447754,1.1576528549194336),(-24.648809432983398,-12.91892147064209,3.3568530082702637),(-26.268281936645508,-11.442126274108887,4.674159049987793),(-25.86671257019043,-11.211363792419434,6.9290037155151367),(-27.610017776489258,-7.6312212944030762,4.7163538932800293),(-26.658960342407227,-7.3683557510375977,4.55389404296875),(-26.821044921875,-9.4504251480102539,5.8406839370727539),(-25.897165298461914,-9.1248950958251953,5.6394953727722168),(-27.174352645874023,-7.6685447692871094,6.7483806610107422),(-26.238302230834961,-7.404393196105957,6.515925407409668),(-25.363441467285156,-11.047989845275879,4.5131525993347168),(-25.214330673217773,-13.187624931335449,5.7547125816345215),(-24.345794677734375,-12.733363151550293,5.556485652923584),(-23.185674667358398,-14.329534530639648,6.5436816215515137),(-24.975706100463867,-10.825176239013672,6.6903271675109863),(-28.41694450378418,-5.8168549537658691,0.),(-27.438091278076172,-5.6164875030517578,0.),(-28.41694450378418,-5.8168549537658691,1.1975506544113159),(-27.438091278076172,-5.6164875030517578,1.1562997102737427),(-28.770938873291016,-3.8763041496276855,0.),(-27.779891967773438,-3.7427806854248047,0.),(-28.228765487670898,-5.7649683952331543,3.5629463195800781),(-27.25639533996582,-5.5663881301879883,3.4402170181274414),(-28.673471450805664,-3.8631727695465088,2.3875720500946045),(-27.685783386230469,-3.7301015853881836,2.3053295612335205),(-28.941398620605469,-1.9375591278076172,0.),(-27.944480895996094,-1.8708178997039795,0.),(-28.941398620605469,-1.9375591278076172,1.1974774599075317),(-27.944480895996094,-1.8708178997039795,1.1562290191650391),(-28.788414001464844,-1.9366327524185181,3.2045745849609375),(-27.79676628112793,-1.8699233531951904,3.0941896438598633),(-28.433614730834961,-3.86855149269104,4.399599552154541),(-27.454189300537109,-3.7352950572967529,4.2480506896972656),(-26.942960739135742,-5.5595731735229492,5.3757638931274414),(-27.904148101806641,-5.7579107284545898,5.5675439834594727),(-28.055238723754883,-3.8550839424133301,6.3901934623718262),(-27.088844299316406,-3.7222914695739746,6.1700763702392578),(-28.493330001831055,-1.9335849285125732,5.213829517364502),(-27.511846542358398,-1.8669805526733398,5.034233570098877),(-28.062509536743164,-1.9324951171875,7.1800851821899414),(-27.095867156982422,-1.8659282922744751,6.9327597618103027),(-26.297103881835938,-9.4620084762573242,7.8565459251403809),(-26.599384307861328,-7.6665573120117188,8.7458133697509766),(-25.683139801025391,-7.4024748802185059,8.444554328918457),(-25.629543304443359,-9.4310779571533203,9.8475351333618164),(-25.888063430786133,-7.625269889831543,10.698413848876953),(-24.752902984619141,-12.903181076049805,7.9746041297912598),(-23.900262832641602,-12.458717346191406,7.6999106407165527),(-25.248899459838867,-11.20319938659668,8.9316272735595703),(-23.486484527587891,-14.515445709228516,8.971038818359375),(-22.677467346191406,-14.015445709228516,8.6620216369628906),(-24.050548553466797,-12.856815338134766,9.953190803527832),(-22.029445648193359,-13.614946365356445,10.726957321166992),(-23.222103118896484,-12.413948059082031,9.6103420257568359),(-25.391271591186523,-9.1360797882080078,7.5859189033508301),(-24.379175186157227,-10.817293167114258,8.6239681243896484),(-24.746706008911133,-9.1062145233154297,9.5083255767822266),(-23.655590057373047,-10.753034591674805,10.512664794921875),(-24.996320724487305,-7.3626093864440918,10.32989501953125),(-24.499502182006836,-11.136648178100586,10.887703895568848),(-22.815343856811523,-14.100658416748047,11.109641075134277),(-22.509252548217773,-11.972969055175781,11.649567604064941),(-23.312267303466797,-12.400103569030762,12.065165519714355),(-22.0035400390625,-13.598936080932617,13.17974853515625),(-22.428552627563477,-11.8529052734375,14.115993499755859),(-24.831192016601562,-9.3631782531738281,11.770105361938477),(-23.975854873657227,-9.040654182434082,11.36467170715332),(-25.044034957885742,-7.544893741607666,12.596171379089355),(-24.181365966796875,-7.2850017547607422,12.162282943725586),(-22.879724502563477,-10.260071754455566,12.52916431427002),(-23.695957183837891,-10.6260986328125,12.976140975952148),(-23.955568313598633,-8.8196172714233398,13.82525634765625),(-21.960849761962891,-9.702977180480957,14.467349052429199),(-23.130392074584961,-8.5158166885375977,13.349030494689941),(-27.417718887329102,-5.7798795700073242,7.593040943145752),(-27.516111373901367,-3.8486206531524658,8.4169101715087891),(-26.473287582397461,-5.5807852745056152,7.3314905166625977),(-26.568288803100586,-3.7160508632659912,8.1269807815551758),(-26.786279678344727,-5.759343147277832,9.5978012084960938),(-25.863597869873047,-5.5609564781188965,9.2671947479248047),(-26.833385467529297,-3.8220727443695068,10.399701118469238),(-25.909080505371094,-3.6904172897338867,10.041472434997559),(-26.522768020629883,-1.8512275218963623,8.8795585632324219),(-27.468965530395508,-1.9172699451446533,9.1963357925415039),(-25.842205047607422,-1.8497124910354614,10.699994087219238),(-26.023319244384766,-5.7020220756530762,11.535441398620605),(-26.034919738769531,-3.8247811794281006,12.261591911315918),(-26.764123916625977,-1.9157007932662964,11.08171558380127),(-25.922458648681641,-1.9107238054275513,12.929344177246094),(-25.126918792724609,-5.5056099891662598,11.138091087341309),(-25.138118743896484,-3.6930325031280518,11.839228630065918),(-25.137008666992188,-5.6904969215393066,13.36194896697998),(-24.271137237548828,-5.4944815635681152,12.90168285369873),(-24.244739532470703,-3.6776635646820068,13.579330444335938),(-25.109668731689453,-3.8088638782501221,14.063772201538086),(-23.275690078735352,-6.6497316360473633,14.133440017700195),(-25.029531478881836,-1.8449068069458008,12.483979225158691),(-24.102300643920898,-1.843242883682251,14.191984176635742),(-21.24560546875,-13.130505561828613,12.725757598876953),(-21.655977249145508,-11.444619178771973,13.629753112792969),(-13.518455505371094,-25.691320419311523,0.),(-11.709765434265137,-26.564525604248047,0.),(-11.30640983581543,-25.649482727050781,0.),(-12.929344177246094,-25.922458648681641,1.9107238054275513),(-11.08171558380127,-26.764123916625977,1.9157007932662964),(-13.052797317504883,-24.806356430053711,0.),(-14.191984176635742,-24.102300643920898,1.843242883682251),(-12.483979225158691,-25.029531478881836,1.8449068069458008),(-9.8450288772583008,-27.310585021972656,0.),(-9.5059061050415039,-26.369842529296875,0.),(-7.9331707954406738,-27.925928115844727,0.),(-7.6599040031433105,-26.9639892578125,0.),(-9.1963357925415039,-27.468965530395508,1.9172699451446533),(-10.699994087219238,-25.842205047607422,1.8497124910354614),(-8.8795585632324219,-26.522768020629883,1.8512275218963623),(-12.261591911315918,-26.034919738769531,3.8247811794281006),(-11.535441398620605,-26.023319244384766,5.7020220756530762),(-14.063772201538086,-25.109668731689453,3.8088638782501221),(-13.579330444335938,-24.244739532470703,3.6776635646820068),(-11.839228630065918,-25.138118743896484,3.6930325031280518),(-13.36194896697998,-25.137008666992188,5.6904969215393066),(-12.90168285369873,-24.271137237548828,5.4944815635681152),(-14.133440017700195,-23.275690078735352,6.6497316360473633),(-11.138091087341309,-25.126918792724609,5.5056099891662598),(-10.399701118469238,-26.833385467529297,3.8220727443695068),(-10.041472434997559,-25.909080505371094,3.6904172897338867),(-8.4169101715087891,-27.516111373901367,3.8486206531524658),(-8.1269807815551758,-26.568288803100586,3.7160508632659912),(-9.5978012084960938,-26.786279678344727,5.759343147277832),(-9.2671947479248047,-25.863597869873047,5.5609564781188965),(-7.593040943145752,-27.417718887329102,5.7798795700073242),(-7.3314905166625977,-26.473287582397461,5.5807852745056152),(-5.9833426475524902,-28.407608032226562,0.),(-5.7772397994995117,-27.429079055786133,0.),(-4.0048766136169434,-28.753322601318359,0.),(-3.8669242858886719,-27.762884140014648,0.),(-7.1800851821899414,-28.062509536743164,1.9324951171875),(-6.9327597618103027,-27.095867156982422,1.8659282922744751),(-5.213829517364502,-28.493330001831055,1.9335849285125732),(-5.034233570098877,-27.511846542358398,1.8669805526733398),(-2.00724196434021,-28.961416244506836,0.),(-1.9381002187728882,-27.963808059692383,0.),(-5.1491912133900392E-15,-28.030891418457031,0.),(-3.2045745849609375,-28.788414001464844,1.9366327524185181),(-3.0941896438598633,-27.79676628112793,1.8699233531951904),(-1.1974774599075317,-28.941398620605469,1.9375591278076172),(-1.1562290191650391,-27.944480895996094,1.8708178997039795),(-6.3901934623718262,-28.055238723754883,3.8550839424133301),(-6.1700763702392578,-27.088844299316406,3.7222914695739746),(-4.399599552154541,-28.433614730834961,3.86855149269104),(-4.2480506896972656,-27.454189300537109,3.7352950572967529),(-5.5675439834594727,-27.904148101806641,5.7579107284545898),(-5.3757638931274414,-26.942960739135742,5.5595731735229492),(-2.3875720500946045,-28.673471450805664,3.8631727695465088),(-2.3053295612335205,-27.685783386230469,3.7301015853881836),(-3.5629463195800781,-28.228765487670898,5.7649683952331543),(-3.4402170181274414,-27.25639533996582,5.5663881301879883),(-1.1975506544113159,-28.41694450378418,5.8168549537658691),(-1.1562997102737427,-27.438091278076172,5.6164875030517578),(-13.82525634765625,-23.955568313598633,8.8196172714233398),(-13.349030494689941,-23.130392074584961,8.5158166885375977),(-12.596171379089355,-25.044034957885742,7.544893741607666),(-12.162282943725586,-24.181365966796875,7.2850017547607422),(-11.36467170715332,-23.975854873657227,9.040654182434082),(-12.976140975952148,-23.695957183837891,10.6260986328125),(-14.467349052429199,-21.960849761962891,9.702977180480957),(-11.770105361938477,-24.831192016601562,9.3631782531738281),(-12.52916431427002,-22.879724502563477,10.260071754455566),(-10.698413848876953,-25.888063430786133,7.625269889831543),(-8.7458133697509766,-26.599384307861328,7.6665573120117188),(-8.444554328918457,-25.683139801025391,7.4024748802185059),(-9.8475351333618164,-25.629543304443359,9.4310779571533203),(-7.8565459251403809,-26.297103881835938,9.4620084762573242),(-10.32989501953125,-24.996320724487305,7.3626093864440918),(-9.5083255767822266,-24.746706008911133,9.1062145233154297),(-10.512664794921875,-23.655590057373047,10.753034591674805),(-7.5859189033508301,-25.391271591186523,9.1360797882080078),(-8.6239681243896484,-24.379175186157227,10.817293167114258),(-14.115993499755859,-22.428552627563477,11.8529052734375),(-10.887703895568848,-24.499502182006836,11.136648178100586),(-12.065165519714355,-23.312267303466797,12.400103569030762),(-11.649567604064941,-22.509252548217773,11.972969055175781),(-13.17974853515625,-22.0035400390625,13.598936080932617),(-11.109641075134277,-22.815343856811523,14.100658416748047),(-9.6103420257568359,-23.222103118896484,12.413948059082031),(-8.9316272735595703,-25.248899459838867,11.20319938659668),(-7.6999106407165527,-23.900262832641602,12.458717346191406),(-9.953190803527832,-24.050548553466797,12.856815338134766),(-10.726957321166992,-22.029445648193359,13.614946365356445),(-7.9746041297912598,-24.752902984619141,12.903181076049805),(-8.6620216369628906,-22.677467346191406,14.015445709228516),(-13.629753112792969,-21.655977249145508,11.444619178771973),(-12.725757598876953,-21.24560546875,13.130505561828613),(-6.7483806610107422,-27.174352645874023,7.6685447692871094),(-6.515925407409668,-26.238302230834961,7.404393196105957),(-4.7163538932800293,-27.610017776489258,7.6312212944030762),(-4.55389404296875,-26.658960342407227,7.3683557510375977),(-5.8406839370727539,-26.821044921875,9.4504251480102539),(-5.6394953727722168,-25.897165298461914,9.1248950958251953),(-6.6903271675109863,-24.975706100463867,10.825176239013672),(-2.3660483360290527,-27.888662338256836,7.7082366943359375),(-2.2845473289489746,-26.928009033203125,7.442718505859375),(-3.5650002956390381,-27.147668838500977,9.6481819152832031),(-3.4422001838684082,-26.212539672851562,9.3158397674560547),(-1.1990333795547485,-27.336009979248047,9.700383186340332),(-1.1577314138412476,-26.394392013549805,9.3662433624267578),(-6.9290037155151367,-25.86671257019043,11.211363792419434),(-4.674159049987793,-26.268281936645508,11.442126274108887),(-4.5131525993347168,-25.363441467285156,11.047989845275879),(-5.7547125816345215,-25.214330673217773,13.187624931335449),(-5.556485652923584,-24.345794677734375,12.733363151550293),(-6.5436816215515137,-23.185674667358398,14.329534530639648),(-2.3899269104003906,-26.504695892333984,11.600948333740234),(-2.3076033592224121,-25.591712951660156,11.20134162902832),(-3.4766085147857666,-25.528154373168945,13.379803657531738),(-1.1989520788192749,-25.685371398925781,13.476528167724609),(-3.3568530082702637,-24.648809432983398,12.91892147064209),(-1.1576528549194336,-24.80061149597168,13.012314796447754),(-18.770729064941406,-16.380802154541016,14.903746604919434),(-14.903746604919434,-18.770729064941406,16.380802154541016),(-16.894584655761719,-17.635627746582031,15.695550918579102),(-17.028148651123047,-15.154900550842285,16.312631607055664),(-16.312631607055664,-17.028148651123047,15.154900550842285),(-17.635627746582031,-15.695550918579102,16.894584655761719),(-15.695550918579102,-16.894584655761719,17.635627746582031),(-15.154900550842285,-16.312631607055664,17.028148651123047),(-16.380802154541016,-14.903746604919434,18.770729064941406),(-22.744300842285156,-10.049130439758301,14.98346996307373),(-22.147546768188477,-7.8576021194458008,15.279891014099121),(-22.937658309936523,-8.1379213333129883,15.825000762939453),(-24.106048583984375,-6.8869600296020508,14.637649536132812),(-24.119218826293945,-5.0087494850158691,15.361261367797852),(-22.218664169311523,-5.9712204933166504,16.012693405151367),(-23.288406372070312,-4.8362178802490234,14.832126617431641),(-23.011312484741211,-6.1842436790466309,16.583944320678711),(-22.149171829223633,-4.1321320533752441,16.675445556640625),(-22.939342498779297,-4.279545783996582,17.270341873168945),(-24.962148666381836,-1.9090003967285156,14.698282241821289),(-24.011734008789062,-3.0916159152984619,16.020959854125977),(-23.184623718261719,-2.9851219654083252,15.469100952148438),(-22.963113784790039,-1.1391867399215698,16.035226821899414),(-23.782320022583008,-1.1798272132873535,16.607282638549805),(-22.755661010742188,-2.3540072441101074,17.872636795043945),(-21.971818923950195,-2.272921085357666,17.256994247436523),(-21.05607795715332,-13.013371467590332,15.168599128723145),(-20.330778121948242,-12.565112113952637,14.646100044250488),(-21.416440963745117,-11.227128982543945,16.064876556396484),(-19.439432144165039,-14.412134170532227,16.037189483642578),(-18.769821166992188,-13.915693283081055,15.484771728515625),(-19.978796005249023,-12.347575187683105,17.063928604125977),(-18.240480422973633,-13.671141624450684,17.977134704589844),(-19.290605545043945,-11.922249794006348,16.476144790649414),(-20.678728103637695,-10.840398788452148,15.511504173278809),(-21.637840270996094,-9.3520412445068359,16.94508171081543),(-20.235605239868164,-10.497331619262695,17.975509643554688),(-20.892501831054688,-9.0299005508422852,16.361391067504883),(-21.756767272949219,-7.4080905914306641,17.735723495483398),(-19.538566589355469,-10.135740280151367,17.3563232421875),(-17.612167358398438,-13.200223922729492,17.357892990112305),(-15.816548347473145,-14.390371322631836,18.124151229858398),(-18.778339385986328,-11.60565185546875,18.854055404663086),(-20.388679504394531,-8.5932769775390625,18.794944763183594),(-18.318109512329102,-9.3817024230957031,19.030538558959961),(-18.97160530090332,-9.7163944244384766,19.709451675415039),(-19.686370849609375,-8.2972726821899414,18.147531509399414),(-18.405632019042969,-7.4949302673339844,19.768398284912109),(-19.062252044677734,-7.7623114585876465,20.4736328125),(-16.974817276000977,-12.88847827911377,19.711299896240234),(-18.131500244140625,-11.205883026123047,18.204607009887695),(-16.390102386474609,-12.444520950317383,19.032321929931641),(-14.519169807434082,-13.600820541381836,19.746955871582031),(-15.037139892578125,-14.086028099060059,20.451425552368164),(-15.046528816223145,-11.612432479858398,20.60301399230957),(-15.58331298828125,-12.026704788208008,21.33802604675293),(-16.860607147216797,-10.420428276062012,19.820833206176758),(-17.462108612060547,-10.792176246643066,20.527938842773438),(-16.979473114013672,-8.5553779602050781,20.59693717956543),(-17.585214614868164,-8.860590934753418,21.331731796264648),(-15.485763549804688,-9.5707283020019531,21.314855575561523),(-21.007331848144531,-7.1529111862182617,17.124797821044922),(-21.017158508300781,-5.2538814544677734,17.787822723388672),(-20.437240600585938,-6.6451711654663086,19.518032073974609),(-21.766944885253906,-5.4413132667541504,18.422401428222656),(-19.733257293701172,-6.4162712097167969,18.845712661743164),(-19.678987503051758,-4.5023789405822754,19.447284698486328),(-20.381032943725586,-4.6630005836486816,20.14106559753418),(-18.388423919677734,-5.5874314308166504,20.405324935913086),(-19.044429779052734,-5.7867627143859863,21.133283615112305),(-20.875360488891602,-3.3957765102386475,18.396163940429688),(-21.620086669921875,-3.5169205665588379,19.052446365356445),(-21.005987167358398,-1.1392344236373901,18.525157928466797),(-21.755373001098633,-1.1798765659332275,19.186042785644531),(-19.873037338256836,-2.2585325241088867,19.639049530029297),(-20.582006454467773,-2.3391053676605225,20.339672088623047),(-18.580049514770508,-3.3971357345581055,20.711639404296875),(-19.242891311645508,-3.5183284282684326,21.450527191162109),(-18.710687637329102,-1.1402144432067871,20.840847015380859),(-19.378189086914062,-1.1808915138244629,21.584342956542969),(-17.009849548339844,-6.6457409858703613,21.26569938659668),(-17.251775741577148,-4.4740924835205078,21.635377883911133),(-16.038217544555664,-9.9121637344360352,22.075262069702148),(-15.549860000610352,-7.6722421646118164,22.024290084838867),(-16.10460090637207,-7.945948600769043,22.810005187988281),(-17.616674423217773,-6.8828272819519043,22.024351119995117),(-16.388309478759766,-5.727053165435791,23.268363952636719),(-17.867231369018555,-4.6337051391601562,22.407218933105469),(-15.823797225952148,-5.5297784805297852,22.466859817504883),(-14.555277824401855,-4.3849973678588867,23.550933837890625),(-14.840740203857422,-6.7771267890930176,24.012821197509766),(-15.074536323547363,-4.5414319038391113,24.39111328125),(-17.385868072509766,-2.2744784355163574,21.869823455810547),(-18.006107330322266,-2.3556201457977295,22.650028228759766),(-16.580709457397461,-3.4569466114044189,23.5780029296875),(-16.00956916809082,-3.3378684520721436,22.765832901000977),(-16.102561950683594,-1.1401615142822266,22.915897369384766),(-16.677019119262695,-1.1808366775512695,23.733421325683594),(-14.691283226013184,-2.1992783546447754,23.77099609375),(-15.21539306640625,-2.2777373790740967,24.619024276733398),(-9.9121637344360352,-22.075262069702148,16.038217544555664),(-8.971038818359375,-23.486484527587891,14.515445709228516),(-7.945948600769043,-22.810005187988281,16.10460090637207),(-7.6722421646118164,-22.024290084838867,15.549860000610352),(-14.086028099060059,-20.451425552368164,15.037139892578125),(-13.600820541381836,-19.746955871582031,14.519169807434082),(-11.612432479858398,-20.60301399230957,15.046528816223145),(-12.026704788208008,-21.33802604675293,15.58331298828125),(-12.88847827911377,-19.711299896240234,16.974817276000977),(-12.444520950317383,-19.032321929931641,16.390102386474609),(-11.205883026123047,-18.204607009887695,18.131500244140625),(-14.390371322631836,-18.124151229858398,15.816548347473145),(-13.200223922729492,-17.357892990112305,17.612167358398438),(-9.5707283020019531,-21.314855575561523,15.485763549804688),(-10.792176246643066,-20.527938842773438,17.462108612060547),(-10.420428276062012,-19.820833206176758,16.860607147216797),(-8.5553779602050781,-20.59693717956543,16.979473114013672),(-8.860590934753418,-21.331731796264648,17.585214614868164),(-11.60565185546875,-18.854055404663086,18.778339385986328),(-13.671141624450684,-17.977134704589844,18.240480422973633),(-13.915693283081055,-15.484771728515625,18.769821166992188),(-14.412134170532227,-16.037189483642578,19.439432144165039),(-11.922249794006348,-16.476144790649414,19.290605545043945),(-13.013371467590332,-15.168599128723145,21.05607795715332),(-12.347575187683105,-17.063928604125977,19.978796005249023),(-12.565112113952637,-14.646100044250488,20.330778121948242),(-11.227128982543945,-16.064876556396484,21.416440963745117),(-9.7163944244384766,-19.709451675415039,18.97160530090332),(-9.3817024230957031,-19.030538558959961,18.318109512329102),(-7.7623114585876465,-20.4736328125,19.062252044677734),(-7.4949302673339844,-19.768398284912109,18.405632019042969),(-8.2972726821899414,-18.147531509399414,19.686370849609375),(-8.5932769775390625,-18.794944763183594,20.388679504394531),(-10.135740280151367,-17.3563232421875,19.538566589355469),(-10.497331619262695,-17.975509643554688,20.235605239868164),(-9.3520412445068359,-16.94508171081543,21.637840270996094),(-10.840398788452148,-15.511504173278809,20.678728103637695),(-9.0299005508422852,-16.361391067504883,20.892501831054688),(-7.4080905914306641,-17.735723495483398,21.756767272949219),(-6.7771267890930176,-24.012821197509766,14.840740203857422),(-5.5297784805297852,-22.466859817504883,15.823797225952148),(-4.5414319038391113,-24.39111328125,15.074536323547363),(-4.3849973678588867,-23.550933837890625,14.555277824401855),(-5.727053165435791,-23.268363952636719,16.388309478759766),(-6.8828272819519043,-22.024351119995117,17.616674423217773),(-4.6337051391601562,-22.407218933105469,17.867231369018555),(-2.2777373790740967,-24.619024276733398,15.21539306640625),(-2.1992783546447754,-23.77099609375,14.691283226013184),(-3.3378684520721436,-22.765832901000977,16.00956916809082),(-1.1401615142822266,-22.915897369384766,16.102561950683594),(-3.4569466114044189,-23.5780029296875,16.580709457397461),(-2.2744784355163574,-21.869823455810547,17.385868072509766),(-2.3556201457977295,-22.650028228759766,18.006107330322266),(-1.1808366775512695,-23.733421325683594,16.677019119262695),(-6.6457409858703613,-21.26569938659668,17.009849548339844),(-4.4740924835205078,-21.635377883911133,17.251775741577148),(-5.7867627143859863,-21.133283615112305,19.044429779052734),(-5.5874314308166504,-20.405324935913086,18.388423919677734),(-6.4162712097167969,-18.845712661743164,19.733257293701172),(-4.5023789405822754,-19.447284698486328,19.678987503051758),(-6.6451711654663086,-19.518032073974609,20.437240600585938),(-4.6630005836486816,-20.14106559753418,20.381032943725586),(-5.4413132667541504,-18.422401428222656,21.766944885253906),(-7.1529111862182617,-17.124797821044922,21.007331848144531),(-5.2538814544677734,-17.787822723388672,21.017158508300781),(-3.3971357345581055,-20.711639404296875,18.580049514770508),(-3.5183284282684326,-21.450527191162109,19.242891311645508),(-2.2585325241088867,-19.639049530029297,19.873037338256836),(-1.1402144432067871,-20.840847015380859,18.710687637329102),(-1.1808915138244629,-21.584342956542969,19.378189086914062),(-2.3391053676605225,-20.339672088623047,20.582006454467773),(-3.5169205665588379,-19.052446365356445,21.620086669921875),(-3.3957765102386475,-18.396163940429688,20.875360488891602),(-1.1798765659332275,-19.186042785644531,21.755373001098633),(-1.1392344236373901,-18.525157928466797,21.005987167358398),(-10.049130439758301,-14.98346996307373,22.744300842285156),(-7.8576021194458008,-15.279891014099121,22.147546768188477),(-8.1379213333129883,-15.825000762939453,22.937658309936523),(-6.1842436790466309,-16.583944320678711,23.011312484741211),(-5.9712204933166504,-16.012693405151367,22.218664169311523),(-4.1321320533752441,-16.675445556640625,22.149171829223633),(-4.279545783996582,-17.270341873168945,22.939342498779297),(-4.8362178802490234,-14.832126617431641,23.288406372070312),(-6.8869600296020508,-14.637649536132812,24.106048583984375),(-5.0087494850158691,-15.361261367797852,24.119218826293945),(-2.272921085357666,-17.256994247436523,21.971818923950195),(-2.3540072441101074,-17.872636795043945,22.755661010742188),(-2.9851219654083252,-15.469100952148438,23.184623718261719),(-1.1391867399215698,-16.035226821899414,22.963113784790039),(-3.0916159152984619,-16.020959854125977,24.011734008789062),(-1.9090003967285156,-14.698282241821289,24.962148666381836),(-1.1798272132873535,-16.607282638549805,23.782320022583008),(-13.130505561828613,-12.725757598876953,21.24560546875),(-11.444619178771973,-13.629753112792969,21.655977249145508),(-13.598936080932617,-13.17974853515625,22.0035400390625),(-14.100658416748047,-11.109641075134277,22.815343856811523),(-11.8529052734375,-14.115993499755859,22.428552627563477),(-11.972969055175781,-11.649567604064941,22.509252548217773),(-12.400103569030762,-12.065165519714355,23.312267303466797),(-11.136648178100586,-10.887703895568848,24.499502182006836),(-13.614946365356445,-10.726957321166992,22.029445648193359),(-14.015445709228516,-8.6620216369628906,22.677467346191406),(-14.515445709228516,-8.971038818359375,23.486484527587891),(-12.413948059082031,-9.6103420257568359,23.222103118896484),(-12.856815338134766,-9.953190803527832,24.050548553466797),(-12.903181076049805,-7.9746041297912598,24.752902984619141),(-12.458717346191406,-7.6999106407165527,23.900262832641602),(-11.20319938659668,-8.9316272735595703,25.248899459838867),(-9.702977180480957,-14.467349052429199,21.960849761962891),(-10.260071754455566,-12.52916431427002,22.879724502563477),(-8.5158166885375977,-13.349030494689941,23.130392074584961),(-10.6260986328125,-12.976140975952148,23.695957183837891),(-9.3631782531738281,-11.770105361938477,24.831192016601562),(-8.8196172714233398,-13.82525634765625,23.955568313598633),(-9.040654182434082,-11.36467170715332,23.975854873657227),(-7.2850017547607422,-12.162282943725586,24.181365966796875),(-7.544893741607666,-12.596171379089355,25.044034957885742),(-10.753034591674805,-10.512664794921875,23.655590057373047),(-9.1062145233154297,-9.5083255767822266,24.746706008911133),(-10.817293167114258,-8.6239681243896484,24.379175186157227),(-9.1360797882080078,-7.5859189033508301,25.391271591186523),(-7.3626093864440918,-10.32989501953125,24.996320724487305),(-9.4310779571533203,-9.8475351333618164,25.629543304443359),(-9.4620084762573242,-7.8565459251403809,26.297103881835938),(-7.625269889831543,-10.698413848876953,25.888063430786133),(-7.4024748802185059,-8.444554328918457,25.683139801025391),(-7.6665573120117188,-8.7458133697509766,26.599384307861328),(-14.329534530639648,-6.5436816215515137,23.185674667358398),(-12.733363151550293,-5.556485652923584,24.345794677734375),(-13.187624931335449,-5.7547125816345215,25.214330673217773),(-11.047989845275879,-4.5131525993347168,25.363441467285156),(-12.91892147064209,-3.3568530082702637,24.648809432983398),(-13.012314796447754,-1.1576528549194336,24.80061149597168),(-10.825176239013672,-6.6903271675109863,24.975706100463867),(-11.211363792419434,-6.9290037155151367,25.86671257019043),(-11.442126274108887,-4.674159049987793,26.268281936645508),(-13.379803657531738,-3.4766085147857666,25.528154373168945),(-13.476528167724609,-1.1989520788192749,25.685371398925781),(-11.20134162902832,-2.3076033592224121,25.591712951660156),(-11.600948333740234,-2.3899269104003906,26.504695892333984),(-9.1248950958251953,-5.6394953727722168,25.897165298461914),(-9.4504251480102539,-5.8406839370727539,26.821044921875),(-7.404393196105957,-6.515925407409668,26.238302230834961),(-7.6685447692871094,-6.7483806610107422,27.174352645874023),(-7.3683557510375977,-4.55389404296875,26.658960342407227),(-7.6312212944030762,-4.7163538932800293,27.610017776489258),(-9.3158397674560547,-3.4422001838684082,26.212539672851562),(-9.6481819152832031,-3.5650002956390381,27.147668838500977),(-9.3662433624267578,-1.1577314138412476,26.394392013549805),(-7.442718505859375,-2.2845473289489746,26.928009033203125),(-9.700383186340332,-1.1990333795547485,27.336009979248047),(-7.7082366943359375,-2.3660483360290527,27.888662338256836),(-6.6497316360473633,-14.133440017700195,23.275690078735352),(-5.4944815635681152,-12.90168285369873,24.271137237548828),(-5.6904969215393066,-13.36194896697998,25.137008666992188),(-5.5056099891662598,-11.138091087341309,25.126918792724609),(-3.6776635646820068,-13.579330444335938,24.244739532470703),(-3.8088638782501221,-14.063772201538086,25.109668731689453),(-3.6930325031280518,-11.839228630065918,25.138118743896484),(-1.843242883682251,-14.191984176635742,24.102300643920898),(-1.8449068069458008,-12.483979225158691,25.029531478881836),(-5.7020220756530762,-11.535441398620605,26.023319244384766),(-3.8247811794281006,-12.261591911315918,26.034919738769531),(-5.5609564781188965,-9.2671947479248047,25.863597869873047),(-5.759343147277832,-9.5978012084960938,26.786279678344727),(-5.5807852745056152,-7.3314905166625977,26.473287582397461),(-3.6904172897338867,-10.041472434997559,25.909080505371094),(-3.8220727443695068,-10.399701118469238,26.833385467529297),(-3.7160508632659912,-8.1269807815551758,26.568288803100586),(-5.7798795700073242,-7.593040943145752,27.417718887329102),(-3.8486206531524658,-8.4169101715087891,27.516111373901367),(-1.9107238054275513,-12.929344177246094,25.922458648681641),(-1.9157007932662964,-11.08171558380127,26.764123916625977),(-1.8497124910354614,-10.699994087219238,25.842205047607422),(-1.8512275218963623,-8.8795585632324219,26.522768020629883),(-1.9172699451446533,-9.1963357925415039,27.468965530395508),(-5.5595731735229492,-5.3757638931274414,26.942960739135742),(-3.7222914695739746,-6.1700763702392578,27.088844299316406),(-5.7579107284545898,-5.5675439834594727,27.904148101806641),(-3.8550839424133301,-6.3901934623718262,28.055238723754883),(-3.7352950572967529,-4.2480506896972656,27.454189300537109),(-3.86855149269104,-4.399599552154541,28.433614730834961),(-5.5663881301879883,-3.4402170181274414,27.25639533996582),(-5.7649683952331543,-3.5629463195800781,28.228765487670898),(-5.6164875030517578,-1.1562997102737427,27.438091278076172),(-5.8168549537658691,-1.1975506544113159,28.41694450378418),(-3.7301015853881836,-2.3053295612335205,27.685783386230469),(-3.8631727695465088,-2.3875720500946045,28.673471450805664),(-1.8659282922744751,-6.9327597618103027,27.095867156982422),(-1.9324951171875,-7.1800851821899414,28.062509536743164),(-1.8669805526733398,-5.034233570098877,27.511846542358398),(-1.9335849285125732,-5.213829517364502,28.493330001831055),(-1.8699233531951904,-3.0941896438598633,27.79676628112793),(-1.9366327524185181,-3.2045745849609375,28.788414001464844),(-1.8708178997039795,-1.1562290191650391,27.944480895996094),(-1.9375591278076172,-1.1974774599075317,28.941398620605469),(-29.030891418457031,0.,0.),(-28.030891418457031,3.4327939305017893E-15,0.),(-28.941398620605469,1.9375591278076172,0.),(-27.944480895996094,1.8708178997039795,0.),(-28.941398620605469,1.9375591278076172,1.1974774599075317),(-27.944480895996094,1.8708178997039795,1.1562290191650391),(-28.961416244506836,0.,2.00724196434021),(-27.963808059692383,0.,1.9381002187728882),(-28.788414001464844,1.9366327524185181,3.2045745849609375),(-27.79676628112793,1.8699233531951904,3.0941896438598633),(-28.770938873291016,3.8763041496276855,0.),(-27.779891967773438,3.7427806854248047,0.),(-28.41694450378418,5.8168549537658691,0.),(-27.438091278076172,5.6164875030517578,0.),(-28.41694450378418,5.8168549537658691,1.1975506544113159),(-27.438091278076172,5.6164875030517578,1.1562997102737427),(-28.673471450805664,3.8631727695465088,2.3875720500946045),(-27.685783386230469,3.7301015853881836,2.3053295612335205),(-28.228765487670898,5.7649683952331543,3.5629463195800781),(-27.25639533996582,5.5663881301879883,3.4402170181274414),(-28.753322601318359,0.,4.0048766136169434),(-27.762884140014648,0.,3.8669242858886719),(-28.493330001831055,1.9335849285125732,5.213829517364502),(-27.511846542358398,1.8669805526733398,5.034233570098877),(-28.407608032226562,0.,5.9833426475524902),(-27.429079055786133,0.,5.7772397994995117),(-28.062509536743164,1.9324951171875,7.1800851821899414),(-27.095867156982422,1.8659282922744751,6.9327597618103027),(-28.433614730834961,3.86855149269104,4.399599552154541),(-27.454189300537109,3.7352950572967529,4.2480506896972656),(-26.942960739135742,5.5595731735229492,5.3757638931274414),(-28.055238723754883,3.8550839424133301,6.3901934623718262),(-27.904148101806641,5.7579107284545898,5.5675439834594727),(-27.088844299316406,3.7222914695739746,6.1700763702392578),(-27.98175048828125,7.7339658737182617,0.),(-27.336009979248047,9.700383186340332,0.),(-27.336009979248047,9.700383186340332,1.1990333795547485),(-27.017889022827148,7.4675612449645996,0.),(-26.394392013549805,9.3662433624267578,0.),(-26.394392013549805,9.3662433624267578,1.1577314138412476),(-27.888662338256836,7.7082366943359375,2.3660483360290527),(-26.928009033203125,7.442718505859375,2.2845473289489746),(-27.147668838500977,9.6481819152832031,3.5650002956390381),(-26.212539672851562,9.3158397674560547,3.4422001838684082),(-26.594966888427734,11.640460014343262,0.),(-25.678874969482422,11.239492416381836,0.),(-25.685371398925781,13.476528167724609,0.),(-25.685371398925781,13.476528167724609,1.1989520788192749),(-26.504695892333984,11.600948333740234,2.3899269104003906),(-25.591712951660156,11.20134162902832,2.3076033592224121),(-25.528154373168945,13.379803657531738,3.4766085147857666),(-24.80061149597168,13.012314796447754,0.),(-24.80061149597168,13.012314796447754,1.1576528549194336),(-24.648809432983398,12.91892147064209,3.3568530082702637),(-27.610017776489258,7.6312212944030762,4.7163538932800293),(-26.658960342407227,7.3683557510375977,4.55389404296875),(-27.174352645874023,7.6685447692871094,6.7483806610107422),(-26.238302230834961,7.404393196105957,6.515925407409668),(-26.821044921875,9.4504251480102539,5.8406839370727539),(-25.897165298461914,9.1248950958251953,5.6394953727722168),(-26.268281936645508,11.442126274108887,4.674159049987793),(-25.86671257019043,11.211363792419434,6.9290037155151367),(-24.975706100463867,10.825176239013672,6.6903271675109863),(-25.363441467285156,11.047989845275879,4.5131525993347168),(-25.214330673217773,13.187624931335449,5.7547125816345215),(-24.345794677734375,12.733363151550293,5.556485652923584),(-23.185674667358398,14.329534530639648,6.5436816215515137),(-27.925928115844727,0.,7.9331707954406738),(-26.9639892578125,0.,7.6599040031433105),(-26.522768020629883,1.8512275218963623,8.8795585632324219),(-27.310585021972656,0.,9.8450288772583008),(-27.468965530395508,1.9172699451446533,9.1963357925415039),(-26.369842529296875,0.,9.5059061050415039),(-25.842205047607422,1.8497124910354614,10.699994087219238),(-27.516111373901367,3.8486206531524658,8.4169101715087891),(-27.417718887329102,5.7798795700073242,7.593040943145752),(-26.568288803100586,3.7160508632659912,8.1269807815551758),(-26.473287582397461,5.5807852745056152,7.3314905166625977),(-26.833385467529297,3.8220727443695068,10.399701118469238),(-25.909080505371094,3.6904172897338867,10.041472434997559),(-26.786279678344727,5.759343147277832,9.5978012084960938),(-25.863597869873047,5.5609564781188965,9.2671947479248047),(-26.564525604248047,0.,11.709765434265137),(-25.649482727050781,0.,11.30640983581543),(-26.764123916625977,1.9157007932662964,11.08171558380127),(-25.691320419311523,0.,13.518455505371094),(-25.922458648681641,1.9107238054275513,12.929344177246094),(-26.034919738769531,3.8247811794281006,12.261591911315918),(-26.023319244384766,5.7020220756530762,11.535441398620605),(-25.029531478881836,1.8449068069458008,12.483979225158691),(-24.806356430053711,0.,13.052797317504883),(-24.102300643920898,1.843242883682251,14.191984176635742),(-25.138118743896484,3.6930325031280518,11.839228630065918),(-25.126918792724609,5.5056099891662598,11.138091087341309),(-24.244739532470703,3.6776635646820068,13.579330444335938),(-25.109668731689453,3.8088638782501221,14.063772201538086),(-25.137008666992188,5.6904969215393066,13.36194896697998),(-24.271137237548828,5.4944815635681152,12.90168285369873),(-23.275690078735352,6.6497316360473633,14.133440017700195),(-26.599384307861328,7.6665573120117188,8.7458133697509766),(-25.683139801025391,7.4024748802185059,8.444554328918457),(-26.297103881835938,9.4620084762573242,7.8565459251403809),(-25.888063430786133,7.625269889831543,10.698413848876953),(-25.629543304443359,9.4310779571533203,9.8475351333618164),(-25.391271591186523,9.1360797882080078,7.5859189033508301),(-24.379175186157227,10.817293167114258,8.6239681243896484),(-24.996320724487305,7.3626093864440918,10.32989501953125),(-24.746706008911133,9.1062145233154297,9.5083255767822266),(-23.655590057373047,10.753034591674805,10.512664794921875),(-23.900262832641602,12.458717346191406,7.6999106407165527),(-25.248899459838867,11.20319938659668,8.9316272735595703),(-24.752902984619141,12.903181076049805,7.9746041297912598),(-22.677467346191406,14.015445709228516,8.6620216369628906),(-24.050548553466797,12.856815338134766,9.953190803527832),(-23.222103118896484,12.413948059082031,9.6103420257568359),(-22.029445648193359,13.614946365356445,10.726957321166992),(-23.975854873657227,9.040654182434082,11.36467170715332),(-25.044034957885742,7.544893741607666,12.596171379089355),(-24.181365966796875,7.2850017547607422,12.162282943725586),(-24.831192016601562,9.3631782531738281,11.770105361938477),(-22.879724502563477,10.260071754455566,12.52916431427002),(-23.955568313598633,8.8196172714233398,13.82525634765625),(-23.695957183837891,10.6260986328125,12.976140975952148),(-23.130392074584961,8.5158166885375977,13.349030494689941),(-21.960849761962891,9.702977180480957,14.467349052429199),(-24.499502182006836,11.136648178100586,10.887703895568848),(-22.509252548217773,11.972969055175781,11.649567604064941),(-23.312267303466797,12.400103569030762,12.065165519714355),(-22.815343856811523,14.100658416748047,11.109641075134277),(-22.428552627563477,11.8529052734375,14.115993499755859),(-22.0035400390625,13.598936080932617,13.17974853515625),(-21.655977249145508,11.444619178771973,13.629753112792969),(-21.24560546875,13.130505561828613,12.725757598876953),(-24.695150375366211,15.262442588806152,0.),(-23.844499588012695,14.736711502075195,0.),(-23.733421325683594,16.677019119262695,0.),(-23.733421325683594,16.677019119262695,1.1808366775512695),(-22.915897369384766,16.102561950683594,0.),(-22.915897369384766,16.102561950683594,1.1401615142822266),(-22.72496223449707,18.065677642822266,0.),(-21.942176818847656,17.443386077880859,0.),(-24.619024276733398,15.21539306640625,2.2777373790740967),(-23.77099609375,14.691283226013184,2.1992783546447754),(-22.765832901000977,16.00956916809082,3.3378684520721436),(-22.650028228759766,18.006107330322266,2.3556201457977295),(-21.869823455810547,17.385868072509766,2.2744784355163574),(-23.5780029296875,16.580709457397461,3.4569466114044189),(-24.39111328125,15.074536323547363,4.5414319038391113),(-23.550933837890625,14.555277824401855,4.3849973678588867),(-22.407218933105469,17.867231369018555,4.6337051391601562),(-24.012821197509766,14.840740203857422,6.7771267890930176),(-22.466859817504883,15.823797225952148,5.5297784805297852),(-23.268363952636719,16.388309478759766,5.727053165435791),(-22.024351119995117,17.616674423217773,6.8828272819519043),(-21.584342956542969,19.378189086914062,0.),(-20.840847015380859,18.710687637329102,0.),(-21.584342956542969,19.378189086914062,1.1808915138244629),(-20.840847015380859,18.710687637329102,1.1402144432067871),(-20.406017303466797,20.649143218994141,0.),(-19.703109741210938,19.937860488891602,0.),(-19.186042785644531,21.755373001098633,0.),(-18.525157928466797,21.005987167358398,0.),(-19.186042785644531,21.755373001098633,1.1798765659332275),(-18.525157928466797,21.005987167358398,1.1392344236373901),(-21.450527191162109,19.242891311645508,3.5183284282684326),(-20.711639404296875,18.580049514770508,3.3971357345581055),(-20.339672088623047,20.582006454467773,2.3391053676605225),(-19.639049530029297,19.873037338256836,2.2585325241088867),(-19.052446365356445,21.620086669921875,3.5169205665588379),(-18.396163940429688,20.875360488891602,3.3957765102386475),(-21.635377883911133,17.251775741577148,4.4740924835205078),(-21.26569938659668,17.009849548339844,6.6457409858703613),(-20.14106559753418,20.381032943725586,4.6630005836486816),(-19.447284698486328,19.678987503051758,4.5023789405822754),(-18.422401428222656,21.766944885253906,5.4413132667541504),(-21.133283615112305,19.044429779052734,5.7867627143859863),(-20.405324935913086,18.388423919677734,5.5874314308166504),(-18.845712661743164,19.733257293701172,6.4162712097167969),(-19.518032073974609,20.437240600585938,6.6451711654663086),(-17.787822723388672,21.017158508300781,5.2538814544677734),(-17.124797821044922,21.007331848144531,7.1529111862182617),(-17.314006805419922,22.044408798217773,0.),(-17.931684494018555,22.830841064453125,0.),(-16.607282638549805,23.782320022583008,0.),(-16.607282638549805,23.782320022583008,1.1798272132873535),(-16.035226821899414,22.963113784790039,0.),(-16.035226821899414,22.963113784790039,1.1391867399215698),(-14.736711502075195,23.844499588012695,0.),(-15.262442588806152,24.695150375366211,0.),(-17.256994247436523,21.971818923950195,2.272921085357666),(-17.872636795043945,22.755661010742188,2.3540072441101074),(-15.469100952148438,23.184623718261719,2.9851219654083252),(-14.698282241821289,24.962148666381836,1.9090003967285156),(-16.020959854125977,24.011734008789062,3.0916159152984619),(-17.270341873168945,22.939342498779297,4.279545783996582),(-16.675445556640625,22.149171829223633,4.1321320533752441),(-14.832126617431641,23.288406372070312,4.8362178802490234),(-15.361261367797852,24.119218826293945,5.0087494850158691),(-16.583944320678711,23.011312484741211,6.1842436790466309),(-16.012693405151367,22.218664169311523,5.9712204933166504),(-14.637649536132812,24.106048583984375,6.8869600296020508),(-22.810005187988281,16.10460090637207,7.945948600769043),(-22.024290084838867,15.549860000610352,7.6722421646118164),(-23.486484527587891,14.515445709228516,8.971038818359375),(-22.075262069702148,16.038217544555664,9.9121637344360352),(-21.331731796264648,17.585214614868164,8.860590934753418),(-20.59693717956543,16.979473114013672,8.5553779602050781),(-21.314855575561523,15.485763549804688,9.5707283020019531),(-20.527938842773438,17.462108612060547,10.792176246643066),(-19.820833206176758,16.860607147216797,10.420428276062012),(-20.4736328125,19.062252044677734,7.7623114585876465),(-19.768398284912109,18.405632019042969,7.4949302673339844),(-18.147531509399414,19.686370849609375,8.2972726821899414),(-18.794944763183594,20.388679504394531,8.5932769775390625),(-19.709451675415039,18.97160530090332,9.7163944244384766),(-19.030538558959961,18.318109512329102,9.3817024230957031),(-17.735723495483398,21.756767272949219,7.4080905914306641),(-16.361391067504883,20.892501831054688,9.0299005508422852),(-17.3563232421875,19.538566589355469,10.135740280151367),(-16.94508171081543,21.637840270996094,9.3520412445068359),(-17.975509643554688,20.235605239868164,10.497331619262695),(-15.511504173278809,20.678728103637695,10.840398788452148),(-20.60301399230957,15.046528816223145,11.612432479858398),(-21.33802604675293,15.58331298828125,12.026704788208008),(-18.204607009887695,18.131500244140625,11.205883026123047),(-19.032321929931641,16.390102386474609,12.444520950317383),(-20.451425552368164,15.037139892578125,14.086028099060059),(-19.746955871582031,14.519169807434082,13.600820541381836),(-19.711299896240234,16.974817276000977,12.88847827911377),(-18.854055404663086,18.778339385986328,11.60565185546875),(-18.124151229858398,15.816548347473145,14.390371322631836),(-17.357892990112305,17.612167358398438,13.200223922729492),(-16.476144790649414,19.290605545043945,11.922249794006348),(-17.063928604125977,19.978796005249023,12.347575187683105),(-16.064876556396484,21.416440963745117,11.227128982543945),(-14.646100044250488,20.330778121948242,12.565112113952637),(-17.977134704589844,18.240480422973633,13.671141624450684),(-15.484771728515625,18.769821166992188,13.915693283081055),(-16.037189483642578,19.439432144165039,14.412134170532227),(-15.168599128723145,21.05607795715332,13.013371467590332),(-15.825000762939453,22.937658309936523,8.1379213333129883),(-15.279891014099121,22.147546768188477,7.8576021194458008),(-14.98346996307373,22.744300842285156,10.049130439758301),(-13.052797317504883,24.806356430053711,0.),(-14.191984176635742,24.102300643920898,1.843242883682251),(-12.483979225158691,25.029531478881836,1.8449068069458008),(-13.518455505371094,25.691320419311523,0.),(-11.30640983581543,25.649482727050781,0.),(-11.709765434265137,26.564525604248047,0.),(-12.929344177246094,25.922458648681641,1.9107238054275513),(-11.08171558380127,26.764123916625977,1.9157007932662964),(-9.5059061050415039,26.369842529296875,0.),(-9.8450288772583008,27.310585021972656,0.),(-7.6599040031433105,26.9639892578125,0.),(-7.9331707954406738,27.925928115844727,0.),(-10.699994087219238,25.842205047607422,1.8497124910354614),(-9.1963357925415039,27.468965530395508,1.9172699451446533),(-8.8795585632324219,26.522768020629883,1.8512275218963623),(-14.063772201538086,25.109668731689453,3.8088638782501221),(-13.579330444335938,24.244739532470703,3.6776635646820068),(-11.839228630065918,25.138118743896484,3.6930325031280518),(-14.133440017700195,23.275690078735352,6.6497316360473633),(-12.90168285369873,24.271137237548828,5.4944815635681152),(-13.36194896697998,25.137008666992188,5.6904969215393066),(-11.138091087341309,25.126918792724609,5.5056099891662598),(-12.261591911315918,26.034919738769531,3.8247811794281006),(-11.535441398620605,26.023319244384766,5.7020220756530762),(-10.041472434997559,25.909080505371094,3.6904172897338867),(-10.399701118469238,26.833385467529297,3.8220727443695068),(-8.1269807815551758,26.568288803100586,3.7160508632659912),(-8.4169101715087891,27.516111373901367,3.8486206531524658),(-9.2671947479248047,25.863597869873047,5.5609564781188965),(-9.5978012084960938,26.786279678344727,5.759343147277832),(-7.3314905166625977,26.473287582397461,5.5807852745056152),(-7.593040943145752,27.417718887329102,5.7798795700073242),(-5.7772397994995117,27.429079055786133,0.),(-5.9833426475524902,28.407608032226562,0.),(-3.8669242858886719,27.762884140014648,0.),(-4.0048766136169434,28.753322601318359,0.),(-6.9327597618103027,27.095867156982422,1.8659282922744751),(-7.1800851821899414,28.062509536743164,1.9324951171875),(-5.034233570098877,27.511846542358398,1.8669805526733398),(-5.213829517364502,28.493330001831055,1.9335849285125732),(-1.9381002187728882,27.963808059692383,0.),(-2.00724196434021,28.961416244506836,0.),(-3.0941896438598633,27.79676628112793,1.8699233531951904),(-3.2045745849609375,28.788414001464844,1.9366327524185181),(-1.1562290191650391,27.944480895996094,1.8708178997039795),(-1.1974774599075317,28.941398620605469,1.9375591278076172),(-6.1700763702392578,27.088844299316406,3.7222914695739746),(-6.3901934623718262,28.055238723754883,3.8550839424133301),(-4.2480506896972656,27.454189300537109,3.7352950572967529),(-4.399599552154541,28.433614730834961,3.86855149269104),(-5.5675439834594727,27.904148101806641,5.7579107284545898),(-5.3757638931274414,26.942960739135742,5.5595731735229492),(-2.3053295612335205,27.685783386230469,3.7301015853881836),(-2.3875720500946045,28.673471450805664,3.8631727695465088),(-3.4402170181274414,27.25639533996582,5.5663881301879883),(-3.5629463195800781,28.228765487670898,5.7649683952331543),(-1.1562997102737427,27.438091278076172,5.6164875030517578),(-1.1975506544113159,28.41694450378418,5.8168549537658691),(-13.629753112792969,21.655977249145508,11.444619178771973),(-12.725757598876953,21.24560546875,13.130505561828613),(-13.349030494689941,23.130392074584961,8.5158166885375977),(-13.82525634765625,23.955568313598633,8.8196172714233398),(-12.162282943725586,24.181365966796875,7.2850017547607422),(-12.596171379089355,25.044034957885742,7.544893741607666),(-11.36467170715332,23.975854873657227,9.040654182434082),(-14.467349052429199,21.960849761962891,9.702977180480957),(-12.976140975952148,23.695957183837891,10.6260986328125),(-12.52916431427002,22.879724502563477,10.260071754455566),(-11.770105361938477,24.831192016601562,9.3631782531738281),(-10.32989501953125,24.996320724487305,7.3626093864440918),(-9.5083255767822266,24.746706008911133,9.1062145233154297),(-10.512664794921875,23.655590057373047,10.753034591674805),(-7.5859189033508301,25.391271591186523,9.1360797882080078),(-8.6239681243896484,24.379175186157227,10.817293167114258),(-10.698413848876953,25.888063430786133,7.625269889831543),(-8.444554328918457,25.683139801025391,7.4024748802185059),(-8.7458133697509766,26.599384307861328,7.6665573120117188),(-9.8475351333618164,25.629543304443359,9.4310779571533203),(-7.8565459251403809,26.297103881835938,9.4620084762573242),(-14.115993499755859,22.428552627563477,11.8529052734375),(-12.065165519714355,23.312267303466797,12.400103569030762),(-11.649567604064941,22.509252548217773,11.972969055175781),(-10.887703895568848,24.499502182006836,11.136648178100586),(-13.17974853515625,22.0035400390625,13.598936080932617),(-11.109641075134277,22.815343856811523,14.100658416748047),(-9.6103420257568359,23.222103118896484,12.413948059082031),(-8.9316272735595703,25.248899459838867,11.20319938659668),(-7.6999106407165527,23.900262832641602,12.458717346191406),(-10.726957321166992,22.029445648193359,13.614946365356445),(-9.953190803527832,24.050548553466797,12.856815338134766),(-8.6620216369628906,22.677467346191406,14.015445709228516),(-7.9746041297912598,24.752902984619141,12.903181076049805),(-6.6903271675109863,24.975706100463867,10.825176239013672),(-6.515925407409668,26.238302230834961,7.404393196105957),(-6.7483806610107422,27.174352645874023,7.6685447692871094),(-4.55389404296875,26.658960342407227,7.3683557510375977),(-4.7163538932800293,27.610017776489258,7.6312212944030762),(-5.6394953727722168,25.897165298461914,9.1248950958251953),(-5.8406839370727539,26.821044921875,9.4504251480102539),(-2.2845473289489746,26.928009033203125,7.442718505859375),(-2.3660483360290527,27.888662338256836,7.7082366943359375),(-3.4422001838684082,26.212539672851562,9.3158397674560547),(-3.5650002956390381,27.147668838500977,9.6481819152832031),(-1.1577314138412476,26.394392013549805,9.3662433624267578),(-1.1990333795547485,27.336009979248047,9.700383186340332),(-4.5131525993347168,25.363441467285156,11.047989845275879),(-6.5436816215515137,23.185674667358398,14.329534530639648),(-5.556485652923584,24.345794677734375,12.733363151550293),(-5.7547125816345215,25.214330673217773,13.187624931335449),(-6.9290037155151367,25.86671257019043,11.211363792419434),(-4.674159049987793,26.268281936645508,11.442126274108887),(-3.3568530082702637,24.648809432983398,12.91892147064209),(-1.1576528549194336,24.80061149597168,13.012314796447754),(-2.3076033592224121,25.591712951660156,11.20134162902832),(-2.3899269104003906,26.504695892333984,11.600948333740234),(-3.4766085147857666,25.528154373168945,13.379803657531738),(-1.1989520788192749,25.685371398925781,13.476528167724609),(-24.695150375366211,0.,15.262442588806152),(-23.844499588012695,0.,14.736711502075195),(-24.962148666381836,1.9090003967285156,14.698282241821289),(-24.011734008789062,3.0916159152984619,16.020959854125977),(-22.963113784790039,1.1391867399215698,16.035226821899414),(-23.184623718261719,2.9851219654083252,15.469100952148438),(-23.782320022583008,1.1798272132873535,16.607282638549805),(-22.830841064453125,0.,17.931684494018555),(-22.044408798217773,0.,17.314006805419922),(-22.755661010742188,2.3540072441101074,17.872636795043945),(-21.971818923950195,2.272921085357666,17.256994247436523),(-24.119218826293945,5.0087494850158691,15.361261367797852),(-24.106048583984375,6.8869600296020508,14.637649536132812),(-23.288406372070312,4.8362178802490234,14.832126617431641),(-22.218664169311523,5.9712204933166504,16.012693405151367),(-22.149171829223633,4.1321320533752441,16.675445556640625),(-22.939342498779297,4.279545783996582,17.270341873168945),(-23.011312484741211,6.1842436790466309,16.583944320678711),(-22.147546768188477,7.8576021194458008,15.279891014099121),(-22.937658309936523,8.1379213333129883,15.825000762939453),(-22.744300842285156,10.049130439758301,14.98346996307373),(-21.017158508300781,5.2538814544677734,17.787822723388672),(-21.007331848144531,7.1529111862182617,17.124797821044922),(-21.005987167358398,1.1392344236373901,18.525157928466797),(-21.755373001098633,1.1798765659332275,19.186042785644531),(-20.875360488891602,3.3957765102386475,18.396163940429688),(-21.620086669921875,3.5169205665588379,19.052446365356445),(-19.937860488891602,0.,19.703109741210938),(-19.873037338256836,2.2585325241088867,19.639049530029297),(-20.649143218994141,0.,20.406017303466797),(-20.582006454467773,2.3391053676605225,20.339672088623047),(-18.710687637329102,1.1402144432067871,20.840847015380859),(-19.378189086914062,1.1808915138244629,21.584342956542969),(-18.580049514770508,3.3971357345581055,20.711639404296875),(-19.242891311645508,3.5183284282684326,21.450527191162109),(-21.766944885253906,5.4413132667541504,18.422401428222656),(-20.437240600585938,6.6451711654663086,19.518032073974609),(-19.678987503051758,4.5023789405822754,19.447284698486328),(-19.733257293701172,6.4162712097167969,18.845712661743164),(-20.381032943725586,4.6630005836486816,20.14106559753418),(-18.388423919677734,5.5874314308166504,20.405324935913086),(-19.044429779052734,5.7867627143859863,21.133283615112305),(-17.251775741577148,4.4740924835205078,21.635377883911133),(-17.009849548339844,6.6457409858703613,21.26569938659668),(-20.678728103637695,10.840398788452148,15.511504173278809),(-20.892501831054688,9.0299005508422852,16.361391067504883),(-21.756767272949219,7.4080905914306641,17.735723495483398),(-21.637840270996094,9.3520412445068359,16.94508171081543),(-20.235605239868164,10.497331619262695,17.975509643554688),(-19.538566589355469,10.135740280151367,17.3563232421875),(-20.330778121948242,12.565112113952637,14.646100044250488),(-21.416440963745117,11.227128982543945,16.064876556396484),(-21.05607795715332,13.013371467590332,15.168599128723145),(-19.439432144165039,14.412134170532227,16.037189483642578),(-18.769821166992188,13.915693283081055,15.484771728515625),(-19.978796005249023,12.347575187683105,17.063928604125977),(-19.290605545043945,11.922249794006348,16.476144790649414),(-18.240480422973633,13.671141624450684,17.977134704589844),(-17.612167358398438,13.200223922729492,17.357892990112305),(-15.816548347473145,14.390371322631836,18.124151229858398),(-20.388679504394531,8.5932769775390625,18.794944763183594),(-19.686370849609375,8.2972726821899414,18.147531509399414),(-18.405632019042969,7.4949302673339844,19.768398284912109),(-18.318109512329102,9.3817024230957031,19.030538558959961),(-18.97160530090332,9.7163944244384766,19.709451675415039),(-19.062252044677734,7.7623114585876465,20.4736328125),(-18.778339385986328,11.60565185546875,18.854055404663086),(-16.860607147216797,10.420428276062012,19.820833206176758),(-16.979473114013672,8.5553779602050781,20.59693717956543),(-17.585214614868164,8.860590934753418,21.331731796264648),(-17.462108612060547,10.792176246643066,20.527938842773438),(-15.485763549804688,9.5707283020019531,21.314855575561523),(-18.131500244140625,11.205883026123047,18.204607009887695),(-16.390102386474609,12.444520950317383,19.032321929931641),(-16.974817276000977,12.88847827911377,19.711299896240234),(-14.519169807434082,13.600820541381836,19.746955871582031),(-15.046528816223145,11.612432479858398,20.60301399230957),(-15.58331298828125,12.026704788208008,21.33802604675293),(-15.037139892578125,14.086028099060059,20.451425552368164),(-17.443386077880859,0.,21.942176818847656),(-18.065677642822266,0.,22.72496223449707),(-17.385868072509766,2.2744784355163574,21.869823455810547),(-18.006107330322266,2.3556201457977295,22.650028228759766),(-16.580709457397461,3.4569466114044189,23.5780029296875),(-16.102561950683594,1.1401615142822266,22.915897369384766),(-16.00956916809082,3.3378684520721436,22.765832901000977),(-16.677019119262695,1.1808366775512695,23.733421325683594),(-14.736711502075195,0.,23.844499588012695),(-15.262442588806152,0.,24.695150375366211),(-14.691283226013184,2.1992783546447754,23.77099609375),(-15.21539306640625,2.2777373790740967,24.619024276733398),(-17.867231369018555,4.6337051391601562,22.407218933105469),(-17.616674423217773,6.8828272819519043,22.024351119995117),(-16.388309478759766,5.727053165435791,23.268363952636719),(-14.555277824401855,4.3849973678588867,23.550933837890625),(-15.823797225952148,5.5297784805297852,22.466859817504883),(-15.074536323547363,4.5414319038391113,24.39111328125),(-14.840740203857422,6.7771267890930176,24.012821197509766),(-15.549860000610352,7.6722421646118164,22.024290084838867),(-16.10460090637207,7.945948600769043,22.810005187988281),(-16.038217544555664,9.9121637344360352,22.075262069702148),(-18.770729064941406,16.380802154541016,14.903746604919434),(-17.028148651123047,15.154900550842285,16.312631607055664),(-16.894584655761719,17.635627746582031,15.695550918579102),(-16.312631607055664,17.028148651123047,15.154900550842285),(-17.635627746582031,15.695550918579102,16.894584655761719),(-15.154900550842285,16.312631607055664,17.028148651123047),(-15.695550918579102,16.894584655761719,17.635627746582031),(-14.903746604919434,18.770729064941406,16.380802154541016),(-16.380802154541016,14.903746604919434,18.770729064941406),(-13.130505561828613,12.725757598876953,21.24560546875),(-11.444619178771973,13.629753112792969,21.655977249145508),(-13.012314796447754,1.1576528549194336,24.80061149597168),(-12.91892147064209,3.3568530082702637,24.648809432983398),(-14.329534530639648,6.5436816215515137,23.185674667358398),(-12.733363151550293,5.556485652923584,24.345794677734375),(-13.187624931335449,5.7547125816345215,25.214330673217773),(-11.047989845275879,4.5131525993347168,25.363441467285156),(-10.825176239013672,6.6903271675109863,24.975706100463867),(-13.476528167724609,1.1989520788192749,25.685371398925781),(-13.379803657531738,3.4766085147857666,25.528154373168945),(-11.239492416381836,0.,25.678874969482422),(-11.640460014343262,0.,26.594966888427734),(-11.20134162902832,2.3076033592224121,25.591712951660156),(-11.600948333740234,2.3899269104003906,26.504695892333984),(-11.442126274108887,4.674159049987793,26.268281936645508),(-11.211363792419434,6.9290037155151367,25.86671257019043),(-9.3662433624267578,1.1577314138412476,26.394392013549805),(-9.3158397674560547,3.4422001838684082,26.212539672851562),(-9.6481819152832031,3.5650002956390381,27.147668838500977),(-7.4675612449645996,0.,27.017889022827148),(-7.442718505859375,2.2845473289489746,26.928009033203125),(-9.700383186340332,1.1990333795547485,27.336009979248047),(-7.7339658737182617,0.,27.98175048828125),(-7.7082366943359375,2.3660483360290527,27.888662338256836),(-9.1248950958251953,5.6394953727722168,25.897165298461914),(-9.4504251480102539,5.8406839370727539,26.821044921875),(-7.3683557510375977,4.55389404296875,26.658960342407227),(-7.404393196105957,6.515925407409668,26.238302230834961),(-7.6685447692871094,6.7483806610107422,27.174352645874023),(-7.6312212944030762,4.7163538932800293,27.610017776489258),(-14.015445709228516,8.6620216369628906,22.677467346191406),(-14.515445709228516,8.971038818359375,23.486484527587891),(-13.614946365356445,10.726957321166992,22.029445648193359),(-12.413948059082031,9.6103420257568359,23.222103118896484),(-12.903181076049805,7.9746041297912598,24.752902984619141),(-12.856815338134766,9.953190803527832,24.050548553466797),(-12.458717346191406,7.6999106407165527,23.900262832641602),(-11.20319938659668,8.9316272735595703,25.248899459838867),(-14.100658416748047,11.109641075134277,22.815343856811523),(-13.598936080932617,13.17974853515625,22.0035400390625),(-11.972969055175781,11.649567604064941,22.509252548217773),(-12.400103569030762,12.065165519714355,23.312267303466797),(-11.8529052734375,14.115993499755859,22.428552627563477),(-11.136648178100586,10.887703895568848,24.499502182006836),(-10.817293167114258,8.6239681243896484,24.379175186157227),(-9.1360797882080078,7.5859189033508301,25.391271591186523),(-10.753034591674805,10.512664794921875,23.655590057373047),(-9.1062145233154297,9.5083255767822266,24.746706008911133),(-7.3626093864440918,10.32989501953125,24.996320724487305),(-10.260071754455566,12.52916431427002,22.879724502563477),(-9.702977180480957,14.467349052429199,21.960849761962891),(-8.5158166885375977,13.349030494689941,23.130392074584961),(-9.3631782531738281,11.770105361938477,24.831192016601562),(-10.6260986328125,12.976140975952148,23.695957183837891),(-9.040654182434082,11.36467170715332,23.975854873657227),(-7.2850017547607422,12.162282943725586,24.181365966796875),(-7.544893741607666,12.596171379089355,25.044034957885742),(-8.8196172714233398,13.82525634765625,23.955568313598633),(-9.4620084762573242,7.8565459251403809,26.297103881835938),(-9.4310779571533203,9.8475351333618164,25.629543304443359),(-7.4024748802185059,8.444554328918457,25.683139801025391),(-7.6665573120117188,8.7458133697509766,26.599384307861328),(-7.625269889831543,10.698413848876953,25.888063430786133),(-5.6164875030517578,1.1562997102737427,27.438091278076172),(-5.8168549537658691,1.1975506544113159,28.41694450378418),(-5.5663881301879883,3.4402170181274414,27.25639533996582),(-5.7649683952331543,3.5629463195800781,28.228765487670898),(-3.7427806854248047,0.,27.779891967773438),(-3.8763041496276855,0.,28.770938873291016),(-3.7301015853881836,2.3053295612335205,27.685783386230469),(-3.8631727695465088,2.3875720500946045,28.673471450805664),(-5.5595731735229492,5.3757638931274414,26.942960739135742),(-3.7222914695739746,6.1700763702392578,27.088844299316406),(-5.7579107284545898,5.5675439834594727,27.904148101806641),(-3.7352950572967529,4.2480506896972656,27.454189300537109),(-3.86855149269104,4.399599552154541,28.433614730834961),(-3.8550839424133301,6.3901934623718262,28.055238723754883),(-1.8708178997039795,1.1562290191650391,27.944480895996094),(-1.9375591278076172,1.1974774599075317,28.941398620605469),(-1.8699233531951904,3.0941896438598633,27.79676628112793),(-1.9366327524185181,3.2045745849609375,28.788414001464844),(-1.8659282922744751,6.9327597618103027,27.095867156982422),(-1.8669805526733398,5.034233570098877,27.511846542358398),(-1.9335849285125732,5.213829517364502,28.493330001831055),(-1.9324951171875,7.1800851821899414,28.062509536743164),(-6.6497316360473633,14.133440017700195,23.275690078735352),(-5.5056099891662598,11.138091087341309,25.126918792724609),(-5.4944815635681152,12.90168285369873,24.271137237548828),(-5.6904969215393066,13.36194896697998,25.137008666992188),(-3.6930325031280518,11.839228630065918,25.138118743896484),(-3.6776635646820068,13.579330444335938,24.244739532470703),(-3.8088638782501221,14.063772201538086,25.109668731689453),(-1.8449068069458008,12.483979225158691,25.029531478881836),(-1.843242883682251,14.191984176635742,24.102300643920898),(-5.5807852745056152,7.3314905166625977,26.473287582397461),(-5.5609564781188965,9.2671947479248047,25.863597869873047),(-5.759343147277832,9.5978012084960938,26.786279678344727),(-3.7160508632659912,8.1269807815551758,26.568288803100586),(-3.6904172897338867,10.041472434997559,25.909080505371094),(-3.8220727443695068,10.399701118469238,26.833385467529297),(-5.7798795700073242,7.593040943145752,27.417718887329102),(-3.8486206531524658,8.4169101715087891,27.516111373901367),(-5.7020220756530762,11.535441398620605,26.023319244384766),(-3.8247811794281006,12.261591911315918,26.034919738769531),(-1.8512275218963623,8.8795585632324219,26.522768020629883),(-1.8497124910354614,10.699994087219238,25.842205047607422),(-1.9172699451446533,9.1963357925415039,27.468965530395508),(-1.9157007932662964,11.08171558380127,26.764123916625977),(-1.9107238054275513,12.929344177246094,25.922458648681641),(-14.390371322631836,18.124151229858398,15.816548347473145),(-13.200223922729492,17.357892990112305,17.612167358398438),(-13.600820541381836,19.746955871582031,14.519169807434082),(-14.086028099060059,20.451425552368164,15.037139892578125),(-11.612432479858398,20.60301399230957,15.046528816223145),(-12.026704788208008,21.33802604675293,15.58331298828125),(-12.88847827911377,19.711299896240234,16.974817276000977),(-12.444520950317383,19.032321929931641,16.390102386474609),(-11.205883026123047,18.204607009887695,18.131500244140625),(-9.5707283020019531,21.314855575561523,15.485763549804688),(-10.420428276062012,19.820833206176758,16.860607147216797),(-10.792176246643066,20.527938842773438,17.462108612060547),(-8.5553779602050781,20.59693717956543,16.979473114013672),(-8.860590934753418,21.331731796264648,17.585214614868164),(-13.915693283081055,15.484771728515625,18.769821166992188),(-14.412134170532227,16.037189483642578,19.439432144165039),(-13.671141624450684,17.977134704589844,18.240480422973633),(-11.922249794006348,16.476144790649414,19.290605545043945),(-13.013371467590332,15.168599128723145,21.05607795715332),(-12.565112113952637,14.646100044250488,20.330778121948242),(-11.227128982543945,16.064876556396484,21.416440963745117),(-12.347575187683105,17.063928604125977,19.978796005249023),(-11.60565185546875,18.854055404663086,18.778339385986328),(-10.135740280151367,17.3563232421875,19.538566589355469),(-10.840398788452148,15.511504173278809,20.678728103637695),(-10.497331619262695,17.975509643554688,20.235605239868164),(-9.3520412445068359,16.94508171081543,21.637840270996094),(-9.0299005508422852,16.361391067504883,20.892501831054688),(-7.4080905914306641,17.735723495483398,21.756767272949219),(-9.3817024230957031,19.030538558959961,18.318109512329102),(-9.7163944244384766,19.709451675415039,18.97160530090332),(-7.4949302673339844,19.768398284912109,18.405632019042969),(-8.2972726821899414,18.147531509399414,19.686370849609375),(-7.7623114585876465,20.4736328125,19.062252044677734),(-8.5932769775390625,18.794944763183594,20.388679504394531),(-9.9121637344360352,22.075262069702148,16.038217544555664),(-8.971038818359375,23.486484527587891,14.515445709228516),(-7.6722421646118164,22.024290084838867,15.549860000610352),(-7.945948600769043,22.810005187988281,16.10460090637207),(-6.6457409858703613,21.26569938659668,17.009849548339844),(-4.4740924835205078,21.635377883911133,17.251775741577148),(-7.1529111862182617,17.124797821044922,21.007331848144531),(-5.2538814544677734,17.787822723388672,21.017158508300781),(-6.4162712097167969,18.845712661743164,19.733257293701172),(-5.5874314308166504,20.405324935913086,18.388423919677734),(-5.7867627143859863,21.133283615112305,19.044429779052734),(-4.5023789405822754,19.447284698486328,19.678987503051758),(-6.6451711654663086,19.518032073974609,20.437240600585938),(-5.4413132667541504,18.422401428222656,21.766944885253906),(-4.6630005836486816,20.14106559753418,20.381032943725586),(-2.2585325241088867,19.639049530029297,19.873037338256836),(-3.3971357345581055,20.711639404296875,18.580049514770508),(-3.5183284282684326,21.450527191162109,19.242891311645508),(-1.1402144432067871,20.840847015380859,18.710687637329102),(-1.1808915138244629,21.584342956542969,19.378189086914062),(-3.3957765102386475,18.396163940429688,20.875360488891602),(-3.5169205665588379,19.052446365356445,21.620086669921875),(-2.3391053676605225,20.339672088623047,20.582006454467773),(-1.1392344236373901,18.525157928466797,21.005987167358398),(-1.1798765659332275,19.186042785644531,21.755373001098633),(-5.5297784805297852,22.466859817504883,15.823797225952148),(-6.7771267890930176,24.012821197509766,14.840740203857422),(-4.3849973678588867,23.550933837890625,14.555277824401855),(-4.5414319038391113,24.39111328125,15.074536323547363),(-5.727053165435791,23.268363952636719,16.388309478759766),(-6.8828272819519043,22.024351119995117,17.616674423217773),(-4.6337051391601562,22.407218933105469,17.867231369018555),(-3.3378684520721436,22.765832901000977,16.00956916809082),(-2.1992783546447754,23.77099609375,14.691283226013184),(-2.2777373790740967,24.619024276733398,15.21539306640625),(-1.1401615142822266,22.915897369384766,16.102561950683594),(-3.4569466114044189,23.5780029296875,16.580709457397461),(-2.2744784355163574,21.869823455810547,17.385868072509766),(-2.3556201457977295,22.650028228759766,18.006107330322266),(-1.1808366775512695,23.733421325683594,16.677019119262695),(-10.049130439758301,14.98346996307373,22.744300842285156),(-7.8576021194458008,15.279891014099121,22.147546768188477),(-8.1379213333129883,15.825000762939453,22.937658309936523),(-5.9712204933166504,16.012693405151367,22.218664169311523),(-6.1842436790466309,16.583944320678711,23.011312484741211),(-4.8362178802490234,14.832126617431641,23.288406372070312),(-4.1321320533752441,16.675445556640625,22.149171829223633),(-4.279545783996582,17.270341873168945,22.939342498779297),(-6.8869600296020508,14.637649536132812,24.106048583984375),(-5.0087494850158691,15.361261367797852,24.119218826293945),(-2.9851219654083252,15.469100952148438,23.184623718261719),(-2.272921085357666,17.256994247436523,21.971818923950195),(-2.3540072441101074,17.872636795043945,22.755661010742188),(-1.1391867399215698,16.035226821899414,22.963113784790039),(-3.0916159152984619,16.020959854125977,24.011734008789062),(-1.9090003967285156,14.698282241821289,24.962148666381836),(-1.1798272132873535,16.607282638549805,23.782320022583008),(0.,-29.030891418457031,0.),(2.00724196434021,-28.961416244506836,0.),(1.9381002187728882,-27.963808059692383,0.),(1.1974774599075317,-28.941398620605469,1.9375591278076172),(1.1562290191650391,-27.944480895996094,1.8708178997039795),(3.2045745849609375,-28.788414001464844,1.9366327524185181),(3.0941896438598633,-27.79676628112793,1.8699233531951904),(4.0048766136169434,-28.753322601318359,0.),(3.8669242858886719,-27.762884140014648,0.),(5.9833426475524902,-28.407608032226562,0.),(5.7772397994995117,-27.429079055786133,0.),(5.213829517364502,-28.493330001831055,1.9335849285125732),(5.034233570098877,-27.511846542358398,1.8669805526733398),(7.1800851821899414,-28.062509536743164,1.9324951171875),(6.9327597618103027,-27.095867156982422,1.8659282922744751),(0.,-28.770938873291016,3.8763041496276855),(0.,-27.779891967773438,3.7427806854248047),(2.3875720500946045,-28.673471450805664,3.8631727695465088),(2.3053295612335205,-27.685783386230469,3.7301015853881836),(1.1975506544113159,-28.41694450378418,5.8168549537658691),(1.1562997102737427,-27.438091278076172,5.6164875030517578),(3.5629463195800781,-28.228765487670898,5.7649683952331543),(3.4402170181274414,-27.25639533996582,5.5663881301879883),(4.399599552154541,-28.433614730834961,3.86855149269104),(4.2480506896972656,-27.454189300537109,3.7352950572967529),(6.3901934623718262,-28.055238723754883,3.8550839424133301),(6.1700763702392578,-27.088844299316406,3.7222914695739746),(5.3757638931274414,-26.942960739135742,5.5595731735229492),(5.5675439834594727,-27.904148101806641,5.7579107284545898),(7.9331707954406738,-27.925928115844727,0.),(7.6599040031433105,-26.9639892578125,0.),(9.8450288772583008,-27.310585021972656,0.),(9.5059061050415039,-26.369842529296875,0.),(8.8795585632324219,-26.522768020629883,1.8512275218963623),(9.1963357925415039,-27.468965530395508,1.9172699451446533),(10.699994087219238,-25.842205047607422,1.8497124910354614),(11.709765434265137,-26.564525604248047,0.),(11.30640983581543,-25.649482727050781,0.),(13.518455505371094,-25.691320419311523,0.),(11.08171558380127,-26.764123916625977,1.9157007932662964),(12.929344177246094,-25.922458648681641,1.9107238054275513),(13.052797317504883,-24.806356430053711,0.),(12.483979225158691,-25.029531478881836,1.8449068069458008),(14.191984176635742,-24.102300643920898,1.843242883682251),(8.4169101715087891,-27.516111373901367,3.8486206531524658),(8.1269807815551758,-26.568288803100586,3.7160508632659912),(10.399701118469238,-26.833385467529297,3.8220727443695068),(10.041472434997559,-25.909080505371094,3.6904172897338867),(7.593040943145752,-27.417718887329102,5.7798795700073242),(7.3314905166625977,-26.473287582397461,5.5807852745056152),(9.5978012084960938,-26.786279678344727,5.759343147277832),(9.2671947479248047,-25.863597869873047,5.5609564781188965),(12.261591911315918,-26.034919738769531,3.8247811794281006),(11.535441398620605,-26.023319244384766,5.7020220756530762),(11.839228630065918,-25.138118743896484,3.6930325031280518),(13.579330444335938,-24.244739532470703,3.6776635646820068),(14.063772201538086,-25.109668731689453,3.8088638782501221),(11.138091087341309,-25.126918792724609,5.5056099891662598),(13.36194896697998,-25.137008666992188,5.6904969215393066),(12.90168285369873,-24.271137237548828,5.4944815635681152),(14.133440017700195,-23.275690078735352,6.6497316360473633),(0.,-27.98175048828125,7.7339658737182617),(0.,-27.017889022827148,7.4675612449645996),(2.3660483360290527,-27.888662338256836,7.7082366943359375),(2.2845473289489746,-26.928009033203125,7.442718505859375),(1.1990333795547485,-27.336009979248047,9.700383186340332),(1.1577314138412476,-26.394392013549805,9.3662433624267578),(3.5650002956390381,-27.147668838500977,9.6481819152832031),(3.4422001838684082,-26.212539672851562,9.3158397674560547),(4.7163538932800293,-27.610017776489258,7.6312212944030762),(4.55389404296875,-26.658960342407227,7.3683557510375977),(6.7483806610107422,-27.174352645874023,7.6685447692871094),(6.515925407409668,-26.238302230834961,7.404393196105957),(5.8406839370727539,-26.821044921875,9.4504251480102539),(5.6394953727722168,-25.897165298461914,9.1248950958251953),(6.6903271675109863,-24.975706100463867,10.825176239013672),(0.,-26.594966888427734,11.640460014343262),(0.,-25.678874969482422,11.239492416381836),(2.3899269104003906,-26.504695892333984,11.600948333740234),(2.3076033592224121,-25.591712951660156,11.20134162902832),(1.1989520788192749,-25.685371398925781,13.476528167724609),(3.4766085147857666,-25.528154373168945,13.379803657531738),(1.1576528549194336,-24.80061149597168,13.012314796447754),(3.3568530082702637,-24.648809432983398,12.91892147064209),(4.674159049987793,-26.268281936645508,11.442126274108887),(6.9290037155151367,-25.86671257019043,11.211363792419434),(4.5131525993347168,-25.363441467285156,11.047989845275879),(5.7547125816345215,-25.214330673217773,13.187624931335449),(5.556485652923584,-24.345794677734375,12.733363151550293),(6.5436816215515137,-23.185674667358398,14.329534530639648),(8.7458133697509766,-26.599384307861328,7.6665573120117188),(8.444554328918457,-25.683139801025391,7.4024748802185059),(10.698413848876953,-25.888063430786133,7.625269889831543),(7.8565459251403809,-26.297103881835938,9.4620084762573242),(9.8475351333618164,-25.629543304443359,9.4310779571533203),(10.32989501953125,-24.996320724487305,7.3626093864440918),(7.5859189033508301,-25.391271591186523,9.1360797882080078),(8.6239681243896484,-24.379175186157227,10.817293167114258),(9.5083255767822266,-24.746706008911133,9.1062145233154297),(10.512664794921875,-23.655590057373047,10.753034591674805),(12.596171379089355,-25.044034957885742,7.544893741607666),(12.162282943725586,-24.181365966796875,7.2850017547607422),(11.36467170715332,-23.975854873657227,9.040654182434082),(13.82525634765625,-23.955568313598633,8.8196172714233398),(13.349030494689941,-23.130392074584961,8.5158166885375977),(11.770105361938477,-24.831192016601562,9.3631782531738281),(12.52916431427002,-22.879724502563477,10.260071754455566),(12.976140975952148,-23.695957183837891,10.6260986328125),(14.467349052429199,-21.960849761962891,9.702977180480957),(8.9316272735595703,-25.248899459838867,11.20319938659668),(7.6999106407165527,-23.900262832641602,12.458717346191406),(9.6103420257568359,-23.222103118896484,12.413948059082031),(7.9746041297912598,-24.752902984619141,12.903181076049805),(8.6620216369628906,-22.677467346191406,14.015445709228516),(9.953190803527832,-24.050548553466797,12.856815338134766),(10.726957321166992,-22.029445648193359,13.614946365356445),(10.887703895568848,-24.499502182006836,11.136648178100586),(11.649567604064941,-22.509252548217773,11.972969055175781),(12.065165519714355,-23.312267303466797,12.400103569030762),(14.115993499755859,-22.428552627563477,11.8529052734375),(11.109641075134277,-22.815343856811523,14.100658416748047),(13.17974853515625,-22.0035400390625,13.598936080932617),(13.629753112792969,-21.655977249145508,11.444619178771973),(12.725757598876953,-21.24560546875,13.130505561828613),(15.262442588806152,-24.695150375366211,0.),(14.736711502075195,-23.844499588012695,0.),(16.035226821899414,-22.963113784790039,0.),(16.035226821899414,-22.963113784790039,1.1391867399215698),(16.607282638549805,-23.782320022583008,0.),(16.607282638549805,-23.782320022583008,1.1798272132873535),(17.931684494018555,-22.830841064453125,0.),(17.314006805419922,-22.044408798217773,0.),(14.698282241821289,-24.962148666381836,1.9090003967285156),(16.020959854125977,-24.011734008789062,3.0916159152984619),(15.469100952148438,-23.184623718261719,2.9851219654083252),(17.872636795043945,-22.755661010742188,2.3540072441101074),(17.256994247436523,-21.971818923950195,2.272921085357666),(15.361261367797852,-24.119218826293945,5.0087494850158691),(14.832126617431641,-23.288406372070312,4.8362178802490234),(16.675445556640625,-22.149171829223633,4.1321320533752441),(17.270341873168945,-22.939342498779297,4.279545783996582),(14.637649536132812,-24.106048583984375,6.8869600296020508),(16.012693405151367,-22.218664169311523,5.9712204933166504),(16.583944320678711,-23.011312484741211,6.1842436790466309),(18.525157928466797,-21.005987167358398,0.),(19.186042785644531,-21.755373001098633,0.),(18.525157928466797,-21.005987167358398,1.1392344236373901),(19.186042785644531,-21.755373001098633,1.1798765659332275),(19.703109741210938,-19.937860488891602,0.),(20.406017303466797,-20.649143218994141,0.),(20.840847015380859,-18.710687637329102,0.),(21.584342956542969,-19.378189086914062,0.),(20.840847015380859,-18.710687637329102,1.1402144432067871),(21.584342956542969,-19.378189086914062,1.1808915138244629),(18.396163940429688,-20.875360488891602,3.3957765102386475),(19.052446365356445,-21.620086669921875,3.5169205665588379),(19.639049530029297,-19.873037338256836,2.2585325241088867),(20.339672088623047,-20.582006454467773,2.3391053676605225),(20.711639404296875,-18.580049514770508,3.3971357345581055),(21.450527191162109,-19.242891311645508,3.5183284282684326),(17.787822723388672,-21.017158508300781,5.2538814544677734),(17.124797821044922,-21.007331848144531,7.1529111862182617),(18.422401428222656,-21.766944885253906,5.4413132667541504),(19.447284698486328,-19.678987503051758,4.5023789405822754),(20.14106559753418,-20.381032943725586,4.6630005836486816),(19.518032073974609,-20.437240600585938,6.6451711654663086),(18.845712661743164,-19.733257293701172,6.4162712097167969),(20.405324935913086,-18.388423919677734,5.5874314308166504),(21.133283615112305,-19.044429779052734,5.7867627143859863),(21.635377883911133,-17.251775741577148,4.4740924835205078),(21.26569938659668,-17.009849548339844,6.6457409858703613),(21.942176818847656,-17.443386077880859,0.),(22.72496223449707,-18.065677642822266,0.),(22.915897369384766,-16.102561950683594,0.),(22.915897369384766,-16.102561950683594,1.1401615142822266),(23.733421325683594,-16.677019119262695,0.),(23.733421325683594,-16.677019119262695,1.1808366775512695),(23.844499588012695,-14.736711502075195,0.),(24.695150375366211,-15.262442588806152,0.),(21.869823455810547,-17.385868072509766,2.2744784355163574),(22.650028228759766,-18.006107330322266,2.3556201457977295),(23.5780029296875,-16.580709457397461,3.4569466114044189),(22.765832901000977,-16.00956916809082,3.3378684520721436),(23.77099609375,-14.691283226013184,2.1992783546447754),(24.619024276733398,-15.21539306640625,2.2777373790740967),(22.407218933105469,-17.867231369018555,4.6337051391601562),(23.550933837890625,-14.555277824401855,4.3849973678588867),(24.39111328125,-15.074536323547363,4.5414319038391113),(23.268363952636719,-16.388309478759766,5.727053165435791),(22.024351119995117,-17.616674423217773,6.8828272819519043),(22.466859817504883,-15.823797225952148,5.5297784805297852),(24.012821197509766,-14.840740203857422,6.7771267890930176),(15.279891014099121,-22.147546768188477,7.8576021194458008),(15.825000762939453,-22.937658309936523,8.1379213333129883),(14.98346996307373,-22.744300842285156,10.049130439758301),(17.735723495483398,-21.756767272949219,7.4080905914306641),(16.361391067504883,-20.892501831054688,9.0299005508422852),(15.511504173278809,-20.678728103637695,10.840398788452148),(16.94508171081543,-21.637840270996094,9.3520412445068359),(17.975509643554688,-20.235605239868164,10.497331619262695),(17.3563232421875,-19.538566589355469,10.135740280151367),(18.794944763183594,-20.388679504394531,8.5932769775390625),(19.768398284912109,-18.405632019042969,7.4949302673339844),(18.147531509399414,-19.686370849609375,8.2972726821899414),(20.4736328125,-19.062252044677734,7.7623114585876465),(19.030538558959961,-18.318109512329102,9.3817024230957031),(19.709451675415039,-18.97160530090332,9.7163944244384766),(20.59693717956543,-16.979473114013672,8.5553779602050781),(21.331731796264648,-17.585214614868164,8.860590934753418),(19.820833206176758,-16.860607147216797,10.420428276062012),(20.527938842773438,-17.462108612060547,10.792176246643066),(21.314855575561523,-15.485763549804688,9.5707283020019531),(16.064876556396484,-21.416440963745117,11.227128982543945),(14.646100044250488,-20.330778121948242,12.565112113952637),(17.063928604125977,-19.978796005249023,12.347575187683105),(16.476144790649414,-19.290605545043945,11.922249794006348),(15.168599128723145,-21.05607795715332,13.013371467590332),(16.037189483642578,-19.439432144165039,14.412134170532227),(15.484771728515625,-18.769821166992188,13.915693283081055),(17.977134704589844,-18.240480422973633,13.671141624450684),(17.357892990112305,-17.612167358398438,13.200223922729492),(18.124151229858398,-15.816548347473145,14.390371322631836),(18.854055404663086,-18.778339385986328,11.60565185546875),(18.204607009887695,-18.131500244140625,11.205883026123047),(19.032321929931641,-16.390102386474609,12.444520950317383),(20.60301399230957,-15.046528816223145,11.612432479858398),(21.33802604675293,-15.58331298828125,12.026704788208008),(19.711299896240234,-16.974817276000977,12.88847827911377),(19.746955871582031,-14.519169807434082,13.600820541381836),(20.451425552368164,-15.037139892578125,14.086028099060059),(22.024290084838867,-15.549860000610352,7.6722421646118164),(22.810005187988281,-16.10460090637207,7.945948600769043),(22.075262069702148,-16.038217544555664,9.9121637344360352),(24.80061149597168,-13.012314796447754,0.),(24.80061149597168,-13.012314796447754,1.1576528549194336),(24.648809432983398,-12.91892147064209,3.3568530082702637),(25.685371398925781,-13.476528167724609,0.),(25.685371398925781,-13.476528167724609,1.1989520788192749),(25.678874969482422,-11.239492416381836,0.),(26.594966888427734,-11.640460014343262,0.),(25.528154373168945,-13.379803657531738,3.4766085147857666),(25.591712951660156,-11.20134162902832,2.3076033592224121),(26.504695892333984,-11.600948333740234,2.3899269104003906),(26.394392013549805,-9.3662433624267578,0.),(26.394392013549805,-9.3662433624267578,1.1577314138412476),(27.017889022827148,-7.4675612449645996,0.),(27.336009979248047,-9.700383186340332,0.),(27.336009979248047,-9.700383186340332,1.1990333795547485),(27.98175048828125,-7.7339658737182617,0.),(26.212539672851562,-9.3158397674560547,3.4422001838684082),(27.147668838500977,-9.6481819152832031,3.5650002956390381),(26.928009033203125,-7.442718505859375,2.2845473289489746),(27.888662338256836,-7.7082366943359375,2.3660483360290527),(25.363441467285156,-11.047989845275879,4.5131525993347168),(23.185674667358398,-14.329534530639648,6.5436816215515137),(24.345794677734375,-12.733363151550293,5.556485652923584),(25.214330673217773,-13.187624931335449,5.7547125816345215),(24.975706100463867,-10.825176239013672,6.6903271675109863),(26.268281936645508,-11.442126274108887,4.674159049987793),(25.86671257019043,-11.211363792419434,6.9290037155151367),(26.658960342407227,-7.3683557510375977,4.55389404296875),(27.610017776489258,-7.6312212944030762,4.7163538932800293),(25.897165298461914,-9.1248950958251953,5.6394953727722168),(26.821044921875,-9.4504251480102539,5.8406839370727539),(26.238302230834961,-7.404393196105957,6.515925407409668),(27.174352645874023,-7.6685447692871094,6.7483806610107422),(27.438091278076172,-5.6164875030517578,0.),(28.41694450378418,-5.8168549537658691,0.),(27.438091278076172,-5.6164875030517578,1.1562997102737427),(28.41694450378418,-5.8168549537658691,1.1975506544113159),(27.779891967773438,-3.7427806854248047,0.),(28.770938873291016,-3.8763041496276855,0.),(27.25639533996582,-5.5663881301879883,3.4402170181274414),(28.228765487670898,-5.7649683952331543,3.5629463195800781),(27.685783386230469,-3.7301015853881836,2.3053295612335205),(28.673471450805664,-3.8631727695465088,2.3875720500946045),(27.944480895996094,-1.8708178997039795,0.),(28.941398620605469,-1.9375591278076172,0.),(27.944480895996094,-1.8708178997039795,1.1562290191650391),(28.941398620605469,-1.9375591278076172,1.1974774599075317),(27.79676628112793,-1.8699233531951904,3.0941896438598633),(28.788414001464844,-1.9366327524185181,3.2045745849609375),(26.942960739135742,-5.5595731735229492,5.3757638931274414),(27.454189300537109,-3.7352950572967529,4.2480506896972656),(28.433614730834961,-3.86855149269104,4.399599552154541),(27.088844299316406,-3.7222914695739746,6.1700763702392578),(27.904148101806641,-5.7579107284545898,5.5675439834594727),(28.055238723754883,-3.8550839424133301,6.3901934623718262),(27.511846542358398,-1.8669805526733398,5.034233570098877),(28.493330001831055,-1.9335849285125732,5.213829517364502),(27.095867156982422,-1.8659282922744751,6.9327597618103027),(28.062509536743164,-1.9324951171875,7.1800851821899414),(21.24560546875,-13.130505561828613,12.725757598876953),(21.655977249145508,-11.444619178771973,13.629753112792969),(22.677467346191406,-14.015445709228516,8.6620216369628906),(23.486484527587891,-14.515445709228516,8.971038818359375),(24.752902984619141,-12.903181076049805,7.9746041297912598),(23.900262832641602,-12.458717346191406,7.6999106407165527),(25.248899459838867,-11.20319938659668,8.9316272735595703),(22.029445648193359,-13.614946365356445,10.726957321166992),(23.222103118896484,-12.413948059082031,9.6103420257568359),(24.050548553466797,-12.856815338134766,9.953190803527832),(25.391271591186523,-9.1360797882080078,7.5859189033508301),(24.379175186157227,-10.817293167114258,8.6239681243896484),(24.746706008911133,-9.1062145233154297,9.5083255767822266),(23.655590057373047,-10.753034591674805,10.512664794921875),(24.996320724487305,-7.3626093864440918,10.32989501953125),(26.297103881835938,-9.4620084762573242,7.8565459251403809),(25.683139801025391,-7.4024748802185059,8.444554328918457),(26.599384307861328,-7.6665573120117188,8.7458133697509766),(25.629543304443359,-9.4310779571533203,9.8475351333618164),(25.888063430786133,-7.625269889831543,10.698413848876953),(22.815343856811523,-14.100658416748047,11.109641075134277),(22.509252548217773,-11.972969055175781,11.649567604064941),(23.312267303466797,-12.400103569030762,12.065165519714355),(24.499502182006836,-11.136648178100586,10.887703895568848),(22.0035400390625,-13.598936080932617,13.17974853515625),(22.428552627563477,-11.8529052734375,14.115993499755859),(22.879724502563477,-10.260071754455566,12.52916431427002),(24.831192016601562,-9.3631782531738281,11.770105361938477),(23.975854873657227,-9.040654182434082,11.36467170715332),(24.181365966796875,-7.2850017547607422,12.162282943725586),(25.044034957885742,-7.544893741607666,12.596171379089355),(21.960849761962891,-9.702977180480957,14.467349052429199),(23.130392074584961,-8.5158166885375977,13.349030494689941),(23.695957183837891,-10.6260986328125,12.976140975952148),(23.955568313598633,-8.8196172714233398,13.82525634765625),(26.473287582397461,-5.5807852745056152,7.3314905166625977),(26.568288803100586,-3.7160508632659912,8.1269807815551758),(27.417718887329102,-5.7798795700073242,7.593040943145752),(27.516111373901367,-3.8486206531524658,8.4169101715087891),(25.863597869873047,-5.5609564781188965,9.2671947479248047),(26.786279678344727,-5.759343147277832,9.5978012084960938),(25.909080505371094,-3.6904172897338867,10.041472434997559),(26.833385467529297,-3.8220727443695068,10.399701118469238),(26.522768020629883,-1.8512275218963623,8.8795585632324219),(25.842205047607422,-1.8497124910354614,10.699994087219238),(27.468965530395508,-1.9172699451446533,9.1963357925415039),(25.126918792724609,-5.5056099891662598,11.138091087341309),(25.138118743896484,-3.6930325031280518,11.839228630065918),(23.275690078735352,-6.6497316360473633,14.133440017700195),(24.271137237548828,-5.4944815635681152,12.90168285369873),(25.137008666992188,-5.6904969215393066,13.36194896697998),(24.244739532470703,-3.6776635646820068,13.579330444335938),(25.109668731689453,-3.8088638782501221,14.063772201538086),(25.029531478881836,-1.8449068069458008,12.483979225158691),(24.102300643920898,-1.843242883682251,14.191984176635742),(26.023319244384766,-5.7020220756530762,11.535441398620605),(26.034919738769531,-3.8247811794281006,12.261591911315918),(26.764123916625977,-1.9157007932662964,11.08171558380127),(25.922458648681641,-1.9107238054275513,12.929344177246094),(0.,-24.695150375366211,15.262442588806152),(0.,-23.844499588012695,14.736711502075195),(1.1401615142822266,-22.915897369384766,16.102561950683594),(2.2777373790740967,-24.619024276733398,15.21539306640625),(2.1992783546447754,-23.77099609375,14.691283226013184),(3.3378684520721436,-22.765832901000977,16.00956916809082),(1.1808366775512695,-23.733421325683594,16.677019119262695),(0.,-22.72496223449707,18.065677642822266),(0.,-21.942176818847656,17.443386077880859),(3.4569466114044189,-23.5780029296875,16.580709457397461),(2.2744784355163574,-21.869823455810547,17.385868072509766),(2.3556201457977295,-22.650028228759766,18.006107330322266),(4.5414319038391113,-24.39111328125,15.074536323547363),(4.3849973678588867,-23.550933837890625,14.555277824401855),(6.7771267890930176,-24.012821197509766,14.840740203857422),(5.5297784805297852,-22.466859817504883,15.823797225952148),(4.6337051391601562,-22.407218933105469,17.867231369018555),(5.727053165435791,-23.268363952636719,16.388309478759766),(6.8828272819519043,-22.024351119995117,17.616674423217773),(4.4740924835205078,-21.635377883911133,17.251775741577148),(6.6457409858703613,-21.26569938659668,17.009849548339844),(1.1402144432067871,-20.840847015380859,18.710687637329102),(1.1808915138244629,-21.584342956542969,19.378189086914062),(0.,-19.703109741210938,19.937860488891602),(3.3971357345581055,-20.711639404296875,18.580049514770508),(3.5183284282684326,-21.450527191162109,19.242891311645508),(2.2585325241088867,-19.639049530029297,19.873037338256836),(0.,-20.406017303466797,20.649143218994141),(1.1798765659332275,-19.186042785644531,21.755373001098633),(1.1392344236373901,-18.525157928466797,21.005987167358398),(2.3391053676605225,-20.339672088623047,20.582006454467773),(3.5169205665588379,-19.052446365356445,21.620086669921875),(3.3957765102386475,-18.396163940429688,20.875360488891602),(4.5023789405822754,-19.447284698486328,19.678987503051758),(5.7867627143859863,-21.133283615112305,19.044429779052734),(5.5874314308166504,-20.405324935913086,18.388423919677734),(6.4162712097167969,-18.845712661743164,19.733257293701172),(4.6630005836486816,-20.14106559753418,20.381032943725586),(5.4413132667541504,-18.422401428222656,21.766944885253906),(6.6451711654663086,-19.518032073974609,20.437240600585938),(5.2538814544677734,-17.787822723388672,21.017158508300781),(7.1529111862182617,-17.124797821044922,21.007331848144531),(8.971038818359375,-23.486484527587891,14.515445709228516),(7.945948600769043,-22.810005187988281,16.10460090637207),(7.6722421646118164,-22.024290084838867,15.549860000610352),(9.9121637344360352,-22.075262069702148,16.038217544555664),(9.5707283020019531,-21.314855575561523,15.485763549804688),(8.5553779602050781,-20.59693717956543,16.979473114013672),(8.860590934753418,-21.331731796264648,17.585214614868164),(10.792176246643066,-20.527938842773438,17.462108612060547),(10.420428276062012,-19.820833206176758,16.860607147216797),(11.612432479858398,-20.60301399230957,15.046528816223145),(12.026704788208008,-21.33802604675293,15.58331298828125),(14.086028099060059,-20.451425552368164,15.037139892578125),(13.600820541381836,-19.746955871582031,14.519169807434082),(12.444520950317383,-19.032321929931641,16.390102386474609),(11.205883026123047,-18.204607009887695,18.131500244140625),(12.88847827911377,-19.711299896240234,16.974817276000977),(14.390371322631836,-18.124151229858398,15.816548347473145),(13.200223922729492,-17.357892990112305,17.612167358398438),(7.7623114585876465,-20.4736328125,19.062252044677734),(7.4949302673339844,-19.768398284912109,18.405632019042969),(8.2972726821899414,-18.147531509399414,19.686370849609375),(9.7163944244384766,-19.709451675415039,18.97160530090332),(9.3817024230957031,-19.030538558959961,18.318109512329102),(8.5932769775390625,-18.794944763183594,20.388679504394531),(10.135740280151367,-17.3563232421875,19.538566589355469),(7.4080905914306641,-17.735723495483398,21.756767272949219),(9.0299005508422852,-16.361391067504883,20.892501831054688),(10.497331619262695,-17.975509643554688,20.235605239868164),(9.3520412445068359,-16.94508171081543,21.637840270996094),(10.840398788452148,-15.511504173278809,20.678728103637695),(11.60565185546875,-18.854055404663086,18.778339385986328),(11.922249794006348,-16.476144790649414,19.290605545043945),(13.671141624450684,-17.977134704589844,18.240480422973633),(13.915693283081055,-15.484771728515625,18.769821166992188),(14.412134170532227,-16.037189483642578,19.439432144165039),(12.347575187683105,-17.063928604125977,19.978796005249023),(12.565112113952637,-14.646100044250488,20.330778121948242),(11.227128982543945,-16.064876556396484,21.416440963745117),(13.013371467590332,-15.168599128723145,21.05607795715332),(0.,-17.314006805419922,22.044408798217773),(0.,-17.931684494018555,22.830841064453125),(1.1391867399215698,-16.035226821899414,22.963113784790039),(2.272921085357666,-17.256994247436523,21.971818923950195),(2.3540072441101074,-17.872636795043945,22.755661010742188),(2.9851219654083252,-15.469100952148438,23.184623718261719),(1.1798272132873535,-16.607282638549805,23.782320022583008),(0.,-14.736711502075195,23.844499588012695),(0.,-15.262442588806152,24.695150375366211),(3.0916159152984619,-16.020959854125977,24.011734008789062),(1.9090003967285156,-14.698282241821289,24.962148666381836),(4.1321320533752441,-16.675445556640625,22.149171829223633),(4.279545783996582,-17.270341873168945,22.939342498779297),(4.8362178802490234,-14.832126617431641,23.288406372070312),(6.1842436790466309,-16.583944320678711,23.011312484741211),(5.9712204933166504,-16.012693405151367,22.218664169311523),(5.0087494850158691,-15.361261367797852,24.119218826293945),(6.8869600296020508,-14.637649536132812,24.106048583984375),(7.8576021194458008,-15.279891014099121,22.147546768188477),(8.1379213333129883,-15.825000762939453,22.937658309936523),(10.049130439758301,-14.98346996307373,22.744300842285156),(11.444619178771973,-13.629753112792969,21.655977249145508),(13.130505561828613,-12.725757598876953,21.24560546875),(0.,-13.052797317504883,24.806356430053711),(1.843242883682251,-14.191984176635742,24.102300643920898),(1.8449068069458008,-12.483979225158691,25.029531478881836),(6.6497316360473633,-14.133440017700195,23.275690078735352),(3.6776635646820068,-13.579330444335938,24.244739532470703),(3.8088638782501221,-14.063772201538086,25.109668731689453),(3.6930325031280518,-11.839228630065918,25.138118743896484),(5.4944815635681152,-12.90168285369873,24.271137237548828),(5.6904969215393066,-13.36194896697998,25.137008666992188),(5.5056099891662598,-11.138091087341309,25.126918792724609),(0.,-13.518455505371094,25.691320419311523),(0.,-11.30640983581543,25.649482727050781),(0.,-11.709765434265137,26.564525604248047),(1.9107238054275513,-12.929344177246094,25.922458648681641),(1.9157007932662964,-11.08171558380127,26.764123916625977),(0.,-9.5059061050415039,26.369842529296875),(0.,-7.6599040031433105,26.9639892578125),(1.8497124910354614,-10.699994087219238,25.842205047607422),(1.8512275218963623,-8.8795585632324219,26.522768020629883),(0.,-9.8450288772583008,27.310585021972656),(0.,-7.9331707954406738,27.925928115844727),(1.9172699451446533,-9.1963357925415039,27.468965530395508),(3.8247811794281006,-12.261591911315918,26.034919738769531),(5.7020220756530762,-11.535441398620605,26.023319244384766),(3.6904172897338867,-10.041472434997559,25.909080505371094),(3.8220727443695068,-10.399701118469238,26.833385467529297),(3.7160508632659912,-8.1269807815551758,26.568288803100586),(5.5609564781188965,-9.2671947479248047,25.863597869873047),(5.759343147277832,-9.5978012084960938,26.786279678344727),(5.5807852745056152,-7.3314905166625977,26.473287582397461),(3.8486206531524658,-8.4169101715087891,27.516111373901367),(5.7798795700073242,-7.593040943145752,27.417718887329102),(1.8659282922744751,-6.9327597618103027,27.095867156982422),(0.,-5.7772397994995117,27.429079055786133),(0.,-5.9833426475524902,28.407608032226562),(0.,-3.8669242858886719,27.762884140014648),(0.,-4.0048766136169434,28.753322601318359),(1.9324951171875,-7.1800851821899414,28.062509536743164),(1.8669805526733398,-5.034233570098877,27.511846542358398),(1.9335849285125732,-5.213829517364502,28.493330001831055),(0.,-1.9381002187728882,27.963808059692383),(0.,-2.00724196434021,28.961416244506836),(1.8699233531951904,-3.0941896438598633,27.79676628112793),(1.9366327524185181,-3.2045745849609375,28.788414001464844),(1.8708178997039795,-1.1562290191650391,27.944480895996094),(1.9375591278076172,-1.1974774599075317,28.941398620605469),(3.7222914695739746,-6.1700763702392578,27.088844299316406),(5.5595731735229492,-5.3757638931274414,26.942960739135742),(3.8550839424133301,-6.3901934623718262,28.055238723754883),(3.7352950572967529,-4.2480506896972656,27.454189300537109),(3.86855149269104,-4.399599552154541,28.433614730834961),(5.7579107284545898,-5.5675439834594727,27.904148101806641),(3.7301015853881836,-2.3053295612335205,27.685783386230469),(3.8631727695465088,-2.3875720500946045,28.673471450805664),(5.5663881301879883,-3.4402170181274414,27.25639533996582),(5.7649683952331543,-3.5629463195800781,28.228765487670898),(5.6164875030517578,-1.1562997102737427,27.438091278076172),(5.8168549537658691,-1.1975506544113159,28.41694450378418),(8.5158166885375977,-13.349030494689941,23.130392074584961),(9.702977180480957,-14.467349052429199,21.960849761962891),(10.260071754455566,-12.52916431427002,22.879724502563477),(8.8196172714233398,-13.82525634765625,23.955568313598633),(7.2850017547607422,-12.162282943725586,24.181365966796875),(9.040654182434082,-11.36467170715332,23.975854873657227),(7.544893741607666,-12.596171379089355,25.044034957885742),(10.6260986328125,-12.976140975952148,23.695957183837891),(9.3631782531738281,-11.770105361938477,24.831192016601562),(7.3626093864440918,-10.32989501953125,24.996320724487305),(10.753034591674805,-10.512664794921875,23.655590057373047),(9.1062145233154297,-9.5083255767822266,24.746706008911133),(10.817293167114258,-8.6239681243896484,24.379175186157227),(9.1360797882080078,-7.5859189033508301,25.391271591186523),(11.8529052734375,-14.115993499755859,22.428552627563477),(11.972969055175781,-11.649567604064941,22.509252548217773),(12.400103569030762,-12.065165519714355,23.312267303466797),(13.598936080932617,-13.17974853515625,22.0035400390625),(14.100658416748047,-11.109641075134277,22.815343856811523),(11.136648178100586,-10.887703895568848,24.499502182006836),(12.413948059082031,-9.6103420257568359,23.222103118896484),(13.614946365356445,-10.726957321166992,22.029445648193359),(14.015445709228516,-8.6620216369628906,22.677467346191406),(12.458717346191406,-7.6999106407165527,23.900262832641602),(11.20319938659668,-8.9316272735595703,25.248899459838867),(12.856815338134766,-9.953190803527832,24.050548553466797),(12.903181076049805,-7.9746041297912598,24.752902984619141),(7.625269889831543,-10.698413848876953,25.888063430786133),(7.4024748802185059,-8.444554328918457,25.683139801025391),(7.6665573120117188,-8.7458133697509766,26.599384307861328),(9.4310779571533203,-9.8475351333618164,25.629543304443359),(9.4620084762573242,-7.8565459251403809,26.297103881835938),(10.825176239013672,-6.6903271675109863,24.975706100463867),(14.329534530639648,-6.5436816215515137,23.185674667358398),(11.047989845275879,-4.5131525993347168,25.363441467285156),(12.733363151550293,-5.556485652923584,24.345794677734375),(13.187624931335449,-5.7547125816345215,25.214330673217773),(12.91892147064209,-3.3568530082702637,24.648809432983398),(13.012314796447754,-1.1576528549194336,24.80061149597168),(7.404393196105957,-6.515925407409668,26.238302230834961),(7.6685447692871094,-6.7483806610107422,27.174352645874023),(7.3683557510375977,-4.55389404296875,26.658960342407227),(9.1248950958251953,-5.6394953727722168,25.897165298461914),(9.4504251480102539,-5.8406839370727539,26.821044921875),(7.6312212944030762,-4.7163538932800293,27.610017776489258),(7.442718505859375,-2.2845473289489746,26.928009033203125),(9.3158397674560547,-3.4422001838684082,26.212539672851562),(9.6481819152832031,-3.5650002956390381,27.147668838500977),(9.3662433624267578,-1.1577314138412476,26.394392013549805),(7.7082366943359375,-2.3660483360290527,27.888662338256836),(9.700383186340332,-1.1990333795547485,27.336009979248047),(11.211363792419434,-6.9290037155151367,25.86671257019043),(11.442126274108887,-4.674159049987793,26.268281936645508),(11.20134162902832,-2.3076033592224121,25.591712951660156),(11.600948333740234,-2.3899269104003906,26.504695892333984),(13.379803657531738,-3.4766085147857666,25.528154373168945),(13.476528167724609,-1.1989520788192749,25.685371398925781),(14.903746604919434,-18.770729064941406,16.380802154541016),(16.312631607055664,-17.028148651123047,15.154900550842285),(16.894584655761719,-17.635627746582031,15.695550918579102),(17.028148651123047,-15.154900550842285,16.312631607055664),(15.695550918579102,-16.894584655761719,17.635627746582031),(15.154900550842285,-16.312631607055664,17.028148651123047),(17.635627746582031,-15.695550918579102,16.894584655761719),(18.770729064941406,-16.380802154541016,14.903746604919434),(16.380802154541016,-14.903746604919434,18.770729064941406),(15.816548347473145,-14.390371322631836,18.124151229858398),(17.612167358398438,-13.200223922729492,17.357892990112305),(18.769821166992188,-13.915693283081055,15.484771728515625),(19.439432144165039,-14.412134170532227,16.037189483642578),(21.05607795715332,-13.013371467590332,15.168599128723145),(20.330778121948242,-12.565112113952637,14.646100044250488),(21.416440963745117,-11.227128982543945,16.064876556396484),(18.240480422973633,-13.671141624450684,17.977134704589844),(19.290605545043945,-11.922249794006348,16.476144790649414),(19.978796005249023,-12.347575187683105,17.063928604125977),(20.678728103637695,-10.840398788452148,15.511504173278809),(19.538566589355469,-10.135740280151367,17.3563232421875),(21.637840270996094,-9.3520412445068359,16.94508171081543),(20.235605239868164,-10.497331619262695,17.975509643554688),(20.892501831054688,-9.0299005508422852,16.361391067504883),(21.756767272949219,-7.4080905914306641,17.735723495483398),(14.519169807434082,-13.600820541381836,19.746955871582031),(16.974817276000977,-12.88847827911377,19.711299896240234),(16.390102386474609,-12.444520950317383,19.032321929931641),(18.131500244140625,-11.205883026123047,18.204607009887695),(15.037139892578125,-14.086028099060059,20.451425552368164),(15.046528816223145,-11.612432479858398,20.60301399230957),(15.58331298828125,-12.026704788208008,21.33802604675293),(16.860607147216797,-10.420428276062012,19.820833206176758),(15.485763549804688,-9.5707283020019531,21.314855575561523),(17.462108612060547,-10.792176246643066,20.527938842773438),(16.979473114013672,-8.5553779602050781,20.59693717956543),(17.585214614868164,-8.860590934753418,21.331731796264648),(18.778339385986328,-11.60565185546875,18.854055404663086),(18.318109512329102,-9.3817024230957031,19.030538558959961),(18.97160530090332,-9.7163944244384766,19.709451675415039),(19.686370849609375,-8.2972726821899414,18.147531509399414),(18.405632019042969,-7.4949302673339844,19.768398284912109),(20.388679504394531,-8.5932769775390625,18.794944763183594),(19.062252044677734,-7.7623114585876465,20.4736328125),(21.007331848144531,-7.1529111862182617,17.124797821044922),(21.017158508300781,-5.2538814544677734,17.787822723388672),(17.009849548339844,-6.6457409858703613,21.26569938659668),(17.251775741577148,-4.4740924835205078,21.635377883911133),(19.733257293701172,-6.4162712097167969,18.845712661743164),(19.678987503051758,-4.5023789405822754,19.447284698486328),(20.437240600585938,-6.6451711654663086,19.518032073974609),(21.766944885253906,-5.4413132667541504,18.422401428222656),(18.388423919677734,-5.5874314308166504,20.405324935913086),(19.044429779052734,-5.7867627143859863,21.133283615112305),(20.381032943725586,-4.6630005836486816,20.14106559753418),(19.873037338256836,-2.2585325241088867,19.639049530029297),(20.875360488891602,-3.3957765102386475,18.396163940429688),(21.620086669921875,-3.5169205665588379,19.052446365356445),(21.005987167358398,-1.1392344236373901,18.525157928466797),(21.755373001098633,-1.1798765659332275,19.186042785644531),(18.580049514770508,-3.3971357345581055,20.711639404296875),(19.242891311645508,-3.5183284282684326,21.450527191162109),(18.710687637329102,-1.1402144432067871,20.840847015380859),(19.378189086914062,-1.1808915138244629,21.584342956542969),(20.582006454467773,-2.3391053676605225,20.339672088623047),(22.744300842285156,-10.049130439758301,14.98346996307373),(22.147546768188477,-7.8576021194458008,15.279891014099121),(22.937658309936523,-8.1379213333129883,15.825000762939453),(22.218664169311523,-5.9712204933166504,16.012693405151367),(23.288406372070312,-4.8362178802490234,14.832126617431641),(24.106048583984375,-6.8869600296020508,14.637649536132812),(24.119218826293945,-5.0087494850158691,15.361261367797852),(23.011312484741211,-6.1842436790466309,16.583944320678711),(22.149171829223633,-4.1321320533752441,16.675445556640625),(22.939342498779297,-4.279545783996582,17.270341873168945),(23.184623718261719,-2.9851219654083252,15.469100952148438),(22.963113784790039,-1.1391867399215698,16.035226821899414),(24.962148666381836,-1.9090003967285156,14.698282241821289),(24.011734008789062,-3.0916159152984619,16.020959854125977),(21.971818923950195,-2.272921085357666,17.256994247436523),(22.755661010742188,-2.3540072441101074,17.872636795043945),(23.782320022583008,-1.1798272132873535,16.607282638549805),(16.038217544555664,-9.9121637344360352,22.075262069702148),(15.549860000610352,-7.6722421646118164,22.024290084838867),(14.515445709228516,-8.971038818359375,23.486484527587891),(16.10460090637207,-7.945948600769043,22.810005187988281),(15.823797225952148,-5.5297784805297852,22.466859817504883),(14.555277824401855,-4.3849973678588867,23.550933837890625),(17.616674423217773,-6.8828272819519043,22.024351119995117),(16.388309478759766,-5.727053165435791,23.268363952636719),(17.867231369018555,-4.6337051391601562,22.407218933105469),(14.840740203857422,-6.7771267890930176,24.012821197509766),(15.074536323547363,-4.5414319038391113,24.39111328125),(16.00956916809082,-3.3378684520721436,22.765832901000977),(16.102561950683594,-1.1401615142822266,22.915897369384766),(17.385868072509766,-2.2744784355163574,21.869823455810547),(18.006107330322266,-2.3556201457977295,22.650028228759766),(16.580709457397461,-3.4569466114044189,23.5780029296875),(14.691283226013184,-2.1992783546447754,23.77099609375),(15.21539306640625,-2.2777373790740967,24.619024276733398),(16.677019119262695,-1.1808366775512695,23.733421325683594),(1.7163969652508946E-15,28.030891418457031,0.),(0.,29.030891418457031,0.),(1.9381002187728882,27.963808059692383,0.),(2.00724196434021,28.961416244506836,0.),(1.1562290191650391,27.944480895996094,1.8708178997039795),(1.1974774599075317,28.941398620605469,1.9375591278076172),(3.0941896438598633,27.79676628112793,1.8699233531951904),(3.2045745849609375,28.788414001464844,1.9366327524185181),(3.8669242858886719,27.762884140014648,0.),(4.0048766136169434,28.753322601318359,0.),(5.7772397994995117,27.429079055786133,0.),(5.9833426475524902,28.407608032226562,0.),(5.034233570098877,27.511846542358398,1.8669805526733398),(5.213829517364502,28.493330001831055,1.9335849285125732),(6.9327597618103027,27.095867156982422,1.8659282922744751),(7.1800851821899414,28.062509536743164,1.9324951171875),(0.,27.779891967773438,3.7427806854248047),(0.,28.770938873291016,3.8763041496276855),(2.3053295612335205,27.685783386230469,3.7301015853881836),(2.3875720500946045,28.673471450805664,3.8631727695465088),(1.1562997102737427,27.438091278076172,5.6164875030517578),(1.1975506544113159,28.41694450378418,5.8168549537658691),(3.4402170181274414,27.25639533996582,5.5663881301879883),(3.5629463195800781,28.228765487670898,5.7649683952331543),(4.2480506896972656,27.454189300537109,3.7352950572967529),(4.399599552154541,28.433614730834961,3.86855149269104),(6.1700763702392578,27.088844299316406,3.7222914695739746),(6.3901934623718262,28.055238723754883,3.8550839424133301),(5.3757638931274414,26.942960739135742,5.5595731735229492),(5.5675439834594727,27.904148101806641,5.7579107284545898),(7.6599040031433105,26.9639892578125,0.),(7.9331707954406738,27.925928115844727,0.),(9.5059061050415039,26.369842529296875,0.),(9.8450288772583008,27.310585021972656,0.),(8.8795585632324219,26.522768020629883,1.8512275218963623),(10.699994087219238,25.842205047607422,1.8497124910354614),(9.1963357925415039,27.468965530395508,1.9172699451446533),(13.052797317504883,24.806356430053711,0.),(12.483979225158691,25.029531478881836,1.8449068069458008),(14.191984176635742,24.102300643920898,1.843242883682251),(11.30640983581543,25.649482727050781,0.),(11.709765434265137,26.564525604248047,0.),(13.518455505371094,25.691320419311523,0.),(11.08171558380127,26.764123916625977,1.9157007932662964),(12.929344177246094,25.922458648681641,1.9107238054275513),(8.1269807815551758,26.568288803100586,3.7160508632659912),(8.4169101715087891,27.516111373901367,3.8486206531524658),(10.041472434997559,25.909080505371094,3.6904172897338867),(10.399701118469238,26.833385467529297,3.8220727443695068),(7.3314905166625977,26.473287582397461,5.5807852745056152),(7.593040943145752,27.417718887329102,5.7798795700073242),(9.2671947479248047,25.863597869873047,5.5609564781188965),(9.5978012084960938,26.786279678344727,5.759343147277832),(11.839228630065918,25.138118743896484,3.6930325031280518),(13.579330444335938,24.244739532470703,3.6776635646820068),(14.063772201538086,25.109668731689453,3.8088638782501221),(11.138091087341309,25.126918792724609,5.5056099891662598),(14.133440017700195,23.275690078735352,6.6497316360473633),(12.90168285369873,24.271137237548828,5.4944815635681152),(13.36194896697998,25.137008666992188,5.6904969215393066),(12.261591911315918,26.034919738769531,3.8247811794281006),(11.535441398620605,26.023319244384766,5.7020220756530762),(0.,27.017889022827148,7.4675612449645996),(0.,27.98175048828125,7.7339658737182617),(2.2845473289489746,26.928009033203125,7.442718505859375),(2.3660483360290527,27.888662338256836,7.7082366943359375),(1.1577314138412476,26.394392013549805,9.3662433624267578),(1.1990333795547485,27.336009979248047,9.700383186340332),(3.4422001838684082,26.212539672851562,9.3158397674560547),(3.5650002956390381,27.147668838500977,9.6481819152832031),(6.6903271675109863,24.975706100463867,10.825176239013672),(4.55389404296875,26.658960342407227,7.3683557510375977),(4.7163538932800293,27.610017776489258,7.6312212944030762),(6.515925407409668,26.238302230834961,7.404393196105957),(6.7483806610107422,27.174352645874023,7.6685447692871094),(5.6394953727722168,25.897165298461914,9.1248950958251953),(5.8406839370727539,26.821044921875,9.4504251480102539),(1.1576528549194336,24.80061149597168,13.012314796447754),(3.3568530082702637,24.648809432983398,12.91892147064209),(0.,25.678874969482422,11.239492416381836),(0.,26.594966888427734,11.640460014343262),(2.3076033592224121,25.591712951660156,11.20134162902832),(2.3899269104003906,26.504695892333984,11.600948333740234),(1.1989520788192749,25.685371398925781,13.476528167724609),(3.4766085147857666,25.528154373168945,13.379803657531738),(4.5131525993347168,25.363441467285156,11.047989845275879),(6.5436816215515137,23.185674667358398,14.329534530639648),(5.556485652923584,24.345794677734375,12.733363151550293),(5.7547125816345215,25.214330673217773,13.187624931335449),(4.674159049987793,26.268281936645508,11.442126274108887),(6.9290037155151367,25.86671257019043,11.211363792419434),(13.629753112792969,21.655977249145508,11.444619178771973),(12.725757598876953,21.24560546875,13.130505561828613),(10.32989501953125,24.996320724487305,7.3626093864440918),(7.5859189033508301,25.391271591186523,9.1360797882080078),(8.6239681243896484,24.379175186157227,10.817293167114258),(9.5083255767822266,24.746706008911133,9.1062145233154297),(10.512664794921875,23.655590057373047,10.753034591674805),(8.444554328918457,25.683139801025391,7.4024748802185059),(8.7458133697509766,26.599384307861328,7.6665573120117188),(10.698413848876953,25.888063430786133,7.625269889831543),(7.8565459251403809,26.297103881835938,9.4620084762573242),(9.8475351333618164,25.629543304443359,9.4310779571533203),(12.162282943725586,24.181365966796875,7.2850017547607422),(12.596171379089355,25.044034957885742,7.544893741607666),(11.36467170715332,23.975854873657227,9.040654182434082),(13.349030494689941,23.130392074584961,8.5158166885375977),(13.82525634765625,23.955568313598633,8.8196172714233398),(12.52916431427002,22.879724502563477,10.260071754455566),(11.770105361938477,24.831192016601562,9.3631782531738281),(14.467349052429199,21.960849761962891,9.702977180480957),(12.976140975952148,23.695957183837891,10.6260986328125),(8.9316272735595703,25.248899459838867,11.20319938659668),(7.6999106407165527,23.900262832641602,12.458717346191406),(9.6103420257568359,23.222103118896484,12.413948059082031),(8.6620216369628906,22.677467346191406,14.015445709228516),(7.9746041297912598,24.752902984619141,12.903181076049805),(10.726957321166992,22.029445648193359,13.614946365356445),(9.953190803527832,24.050548553466797,12.856815338134766),(11.649567604064941,22.509252548217773,11.972969055175781),(12.065165519714355,23.312267303466797,12.400103569030762),(10.887703895568848,24.499502182006836,11.136648178100586),(14.115993499755859,22.428552627563477,11.8529052734375),(11.109641075134277,22.815343856811523,14.100658416748047),(13.17974853515625,22.0035400390625,13.598936080932617),(28.030891418457031,0.,0.),(29.030891418457031,0.,0.),(27.944480895996094,1.8708178997039795,0.),(28.941398620605469,1.9375591278076172,0.),(27.944480895996094,1.8708178997039795,1.1562290191650391),(28.941398620605469,1.9375591278076172,1.1974774599075317),(27.963808059692383,0.,1.9381002187728882),(28.961416244506836,0.,2.00724196434021),(27.79676628112793,1.8699233531951904,3.0941896438598633),(28.788414001464844,1.9366327524185181,3.2045745849609375),(27.779891967773438,3.7427806854248047,0.),(28.770938873291016,3.8763041496276855,0.),(27.438091278076172,5.6164875030517578,0.),(28.41694450378418,5.8168549537658691,0.),(27.438091278076172,5.6164875030517578,1.1562997102737427),(28.41694450378418,5.8168549537658691,1.1975506544113159),(27.685783386230469,3.7301015853881836,2.3053295612335205),(28.673471450805664,3.8631727695465088,2.3875720500946045),(27.25639533996582,5.5663881301879883,3.4402170181274414),(28.228765487670898,5.7649683952331543,3.5629463195800781),(27.762884140014648,0.,3.8669242858886719),(28.753322601318359,0.,4.0048766136169434),(27.511846542358398,1.8669805526733398,5.034233570098877),(28.493330001831055,1.9335849285125732,5.213829517364502),(27.095867156982422,1.8659282922744751,6.9327597618103027),(27.429079055786133,0.,5.7772397994995117),(28.407608032226562,0.,5.9833426475524902),(28.062509536743164,1.9324951171875,7.1800851821899414),(26.942960739135742,5.5595731735229492,5.3757638931274414),(27.454189300537109,3.7352950572967529,4.2480506896972656),(28.433614730834961,3.86855149269104,4.399599552154541),(27.088844299316406,3.7222914695739746,6.1700763702392578),(28.055238723754883,3.8550839424133301,6.3901934623718262),(27.904148101806641,5.7579107284545898,5.5675439834594727),(24.80061149597168,13.012314796447754,0.),(24.80061149597168,13.012314796447754,1.1576528549194336),(24.648809432983398,12.91892147064209,3.3568530082702637),(27.017889022827148,7.4675612449645996,0.),(26.394392013549805,9.3662433624267578,0.),(26.394392013549805,9.3662433624267578,1.1577314138412476),(27.98175048828125,7.7339658737182617,0.),(27.336009979248047,9.700383186340332,0.),(27.336009979248047,9.700383186340332,1.1990333795547485),(26.928009033203125,7.442718505859375,2.2845473289489746),(26.212539672851562,9.3158397674560547,3.4422001838684082),(27.147668838500977,9.6481819152832031,3.5650002956390381),(27.888662338256836,7.7082366943359375,2.3660483360290527),(25.678874969482422,11.239492416381836,0.),(26.594966888427734,11.640460014343262,0.),(25.685371398925781,13.476528167724609,0.),(25.685371398925781,13.476528167724609,1.1989520788192749),(25.591712951660156,11.20134162902832,2.3076033592224121),(26.504695892333984,11.600948333740234,2.3899269104003906),(25.528154373168945,13.379803657531738,3.4766085147857666),(24.975706100463867,10.825176239013672,6.6903271675109863),(25.363441467285156,11.047989845275879,4.5131525993347168),(23.185674667358398,14.329534530639648,6.5436816215515137),(24.345794677734375,12.733363151550293,5.556485652923584),(25.214330673217773,13.187624931335449,5.7547125816345215),(26.658960342407227,7.3683557510375977,4.55389404296875),(27.610017776489258,7.6312212944030762,4.7163538932800293),(26.238302230834961,7.404393196105957,6.515925407409668),(27.174352645874023,7.6685447692871094,6.7483806610107422),(25.897165298461914,9.1248950958251953,5.6394953727722168),(26.821044921875,9.4504251480102539,5.8406839370727539),(26.268281936645508,11.442126274108887,4.674159049987793),(25.86671257019043,11.211363792419434,6.9290037155151367),(21.655977249145508,11.444619178771973,13.629753112792969),(21.24560546875,13.130505561828613,12.725757598876953),(26.9639892578125,0.,7.6599040031433105),(26.522768020629883,1.8512275218963623,8.8795585632324219),(27.925928115844727,0.,7.9331707954406738),(26.369842529296875,0.,9.5059061050415039),(25.842205047607422,1.8497124910354614,10.699994087219238),(27.310585021972656,0.,9.8450288772583008),(27.468965530395508,1.9172699451446533,9.1963357925415039),(26.568288803100586,3.7160508632659912,8.1269807815551758),(26.473287582397461,5.5807852745056152,7.3314905166625977),(27.516111373901367,3.8486206531524658,8.4169101715087891),(27.417718887329102,5.7798795700073242,7.593040943145752),(25.909080505371094,3.6904172897338867,10.041472434997559),(26.833385467529297,3.8220727443695068,10.399701118469238),(25.863597869873047,5.5609564781188965,9.2671947479248047),(26.786279678344727,5.759343147277832,9.5978012084960938),(25.029531478881836,1.8449068069458008,12.483979225158691),(24.806356430053711,0.,13.052797317504883),(24.102300643920898,1.843242883682251,14.191984176635742),(25.138118743896484,3.6930325031280518,11.839228630065918),(25.126918792724609,5.5056099891662598,11.138091087341309),(23.275690078735352,6.6497316360473633,14.133440017700195),(24.244739532470703,3.6776635646820068,13.579330444335938),(25.109668731689453,3.8088638782501221,14.063772201538086),(24.271137237548828,5.4944815635681152,12.90168285369873),(25.137008666992188,5.6904969215393066,13.36194896697998),(25.649482727050781,0.,11.30640983581543),(26.564525604248047,0.,11.709765434265137),(26.764123916625977,1.9157007932662964,11.08171558380127),(25.691320419311523,0.,13.518455505371094),(25.922458648681641,1.9107238054275513,12.929344177246094),(26.034919738769531,3.8247811794281006,12.261591911315918),(26.023319244384766,5.7020220756530762,11.535441398620605),(25.391271591186523,9.1360797882080078,7.5859189033508301),(24.379175186157227,10.817293167114258,8.6239681243896484),(24.996320724487305,7.3626093864440918,10.32989501953125),(24.746706008911133,9.1062145233154297,9.5083255767822266),(23.655590057373047,10.753034591674805,10.512664794921875),(22.677467346191406,14.015445709228516,8.6620216369628906),(23.900262832641602,12.458717346191406,7.6999106407165527),(25.248899459838867,11.20319938659668,8.9316272735595703),(24.752902984619141,12.903181076049805,7.9746041297912598),(23.222103118896484,12.413948059082031,9.6103420257568359),(22.029445648193359,13.614946365356445,10.726957321166992),(24.050548553466797,12.856815338134766,9.953190803527832),(25.683139801025391,7.4024748802185059,8.444554328918457),(26.599384307861328,7.6665573120117188,8.7458133697509766),(26.297103881835938,9.4620084762573242,7.8565459251403809),(25.888063430786133,7.625269889831543,10.698413848876953),(25.629543304443359,9.4310779571533203,9.8475351333618164),(22.879724502563477,10.260071754455566,12.52916431427002),(23.975854873657227,9.040654182434082,11.36467170715332),(24.181365966796875,7.2850017547607422,12.162282943725586),(25.044034957885742,7.544893741607666,12.596171379089355),(24.831192016601562,9.3631782531738281,11.770105361938477),(23.130392074584961,8.5158166885375977,13.349030494689941),(21.960849761962891,9.702977180480957,14.467349052429199),(23.955568313598633,8.8196172714233398,13.82525634765625),(23.695957183837891,10.6260986328125,12.976140975952148),(22.509252548217773,11.972969055175781,11.649567604064941),(23.312267303466797,12.400103569030762,12.065165519714355),(22.815343856811523,14.100658416748047,11.109641075134277),(24.499502182006836,11.136648178100586,10.887703895568848),(22.428552627563477,11.8529052734375,14.115993499755859),(22.0035400390625,13.598936080932617,13.17974853515625),(19.703109741210938,19.937860488891602,0.),(18.525157928466797,21.005987167358398,0.),(19.186042785644531,21.755373001098633,0.),(18.525157928466797,21.005987167358398,1.1392344236373901),(19.186042785644531,21.755373001098633,1.1798765659332275),(20.840847015380859,18.710687637329102,0.),(21.584342956542969,19.378189086914062,0.),(20.840847015380859,18.710687637329102,1.1402144432067871),(21.584342956542969,19.378189086914062,1.1808915138244629),(20.406017303466797,20.649143218994141,0.),(19.639049530029297,19.873037338256836,2.2585325241088867),(18.396163940429688,20.875360488891602,3.3957765102386475),(19.052446365356445,21.620086669921875,3.5169205665588379),(20.711639404296875,18.580049514770508,3.3971357345581055),(21.450527191162109,19.242891311645508,3.5183284282684326),(20.339672088623047,20.582006454467773,2.3391053676605225),(17.787822723388672,21.017158508300781,5.2538814544677734),(17.124797821044922,21.007331848144531,7.1529111862182617),(21.635377883911133,17.251775741577148,4.4740924835205078),(21.26569938659668,17.009849548339844,6.6457409858703613),(19.447284698486328,19.678987503051758,4.5023789405822754),(18.422401428222656,21.766944885253906,5.4413132667541504),(20.14106559753418,20.381032943725586,4.6630005836486816),(18.845712661743164,19.733257293701172,6.4162712097167969),(19.518032073974609,20.437240600585938,6.6451711654663086),(20.405324935913086,18.388423919677734,5.5874314308166504),(21.133283615112305,19.044429779052734,5.7867627143859863),(16.035226821899414,22.963113784790039,0.),(16.035226821899414,22.963113784790039,1.1391867399215698),(14.736711502075195,23.844499588012695,0.),(15.262442588806152,24.695150375366211,0.),(17.314006805419922,22.044408798217773,0.),(17.931684494018555,22.830841064453125,0.),(16.607282638549805,23.782320022583008,0.),(16.607282638549805,23.782320022583008,1.1798272132873535),(15.469100952148438,23.184623718261719,2.9851219654083252),(14.698282241821289,24.962148666381836,1.9090003967285156),(16.020959854125977,24.011734008789062,3.0916159152984619),(17.256994247436523,21.971818923950195,2.272921085357666),(17.872636795043945,22.755661010742188,2.3540072441101074),(14.832126617431641,23.288406372070312,4.8362178802490234),(15.361261367797852,24.119218826293945,5.0087494850158691),(16.675445556640625,22.149171829223633,4.1321320533752441),(17.270341873168945,22.939342498779297,4.279545783996582),(16.012693405151367,22.218664169311523,5.9712204933166504),(14.637649536132812,24.106048583984375,6.8869600296020508),(16.583944320678711,23.011312484741211,6.1842436790466309),(22.915897369384766,16.102561950683594,0.),(22.915897369384766,16.102561950683594,1.1401615142822266),(21.942176818847656,17.443386077880859,0.),(22.72496223449707,18.065677642822266,0.),(23.844499588012695,14.736711502075195,0.),(24.695150375366211,15.262442588806152,0.),(23.733421325683594,16.677019119262695,0.),(23.733421325683594,16.677019119262695,1.1808366775512695),(22.765832901000977,16.00956916809082,3.3378684520721436),(21.869823455810547,17.385868072509766,2.2744784355163574),(22.650028228759766,18.006107330322266,2.3556201457977295),(23.5780029296875,16.580709457397461,3.4569466114044189),(23.77099609375,14.691283226013184,2.1992783546447754),(24.619024276733398,15.21539306640625,2.2777373790740967),(23.550933837890625,14.555277824401855,4.3849973678588867),(22.407218933105469,17.867231369018555,4.6337051391601562),(24.39111328125,15.074536323547363,4.5414319038391113),(22.466859817504883,15.823797225952148,5.5297784805297852),(23.268363952636719,16.388309478759766,5.727053165435791),(22.024351119995117,17.616674423217773,6.8828272819519043),(24.012821197509766,14.840740203857422,6.7771267890930176),(17.735723495483398,21.756767272949219,7.4080905914306641),(16.361391067504883,20.892501831054688,9.0299005508422852),(15.511504173278809,20.678728103637695,10.840398788452148),(17.3563232421875,19.538566589355469,10.135740280151367),(16.94508171081543,21.637840270996094,9.3520412445068359),(17.975509643554688,20.235605239868164,10.497331619262695),(20.59693717956543,16.979473114013672,8.5553779602050781),(21.331731796264648,17.585214614868164,8.860590934753418),(19.820833206176758,16.860607147216797,10.420428276062012),(21.314855575561523,15.485763549804688,9.5707283020019531),(20.527938842773438,17.462108612060547,10.792176246643066),(19.768398284912109,18.405632019042969,7.4949302673339844),(18.147531509399414,19.686370849609375,8.2972726821899414),(18.794944763183594,20.388679504394531,8.5932769775390625),(20.4736328125,19.062252044677734,7.7623114585876465),(19.030538558959961,18.318109512329102,9.3817024230957031),(19.709451675415039,18.97160530090332,9.7163944244384766),(18.124151229858398,15.816548347473145,14.390371322631836),(17.357892990112305,17.612167358398438,13.200223922729492),(16.064876556396484,21.416440963745117,11.227128982543945),(14.646100044250488,20.330778121948242,12.565112113952637),(16.476144790649414,19.290605545043945,11.922249794006348),(17.063928604125977,19.978796005249023,12.347575187683105),(15.484771728515625,18.769821166992188,13.915693283081055),(16.037189483642578,19.439432144165039,14.412134170532227),(15.168599128723145,21.05607795715332,13.013371467590332),(17.977134704589844,18.240480422973633,13.671141624450684),(18.204607009887695,18.131500244140625,11.205883026123047),(19.032321929931641,16.390102386474609,12.444520950317383),(20.60301399230957,15.046528816223145,11.612432479858398),(21.33802604675293,15.58331298828125,12.026704788208008),(19.746955871582031,14.519169807434082,13.600820541381836),(19.711299896240234,16.974817276000977,12.88847827911377),(20.451425552368164,15.037139892578125,14.086028099060059),(18.854055404663086,18.778339385986328,11.60565185546875),(15.279891014099121,22.147546768188477,7.8576021194458008),(15.825000762939453,22.937658309936523,8.1379213333129883),(14.98346996307373,22.744300842285156,10.049130439758301),(22.024290084838867,15.549860000610352,7.6722421646118164),(22.810005187988281,16.10460090637207,7.945948600769043),(23.486484527587891,14.515445709228516,8.971038818359375),(22.075262069702148,16.038217544555664,9.9121637344360352),(11.444619178771973,13.629753112792969,21.655977249145508),(13.130505561828613,12.725757598876953,21.24560546875),(0.,0.,28.030891418457031),(0.,0.,29.030891418457031),(0.,1.9381002187728882,27.963808059692383),(0.,2.00724196434021,28.961416244506836),(1.8708178997039795,1.1562290191650391,27.944480895996094),(1.9375591278076172,1.1974774599075317,28.941398620605469),(1.8699233531951904,3.0941896438598633,27.79676628112793),(1.9366327524185181,3.2045745849609375,28.788414001464844),(1.8659282922744751,6.9327597618103027,27.095867156982422),(0.,3.8669242858886719,27.762884140014648),(0.,4.0048766136169434,28.753322601318359),(0.,5.7772397994995117,27.429079055786133),(0.,5.9833426475524902,28.407608032226562),(1.8669805526733398,5.034233570098877,27.511846542358398),(1.9335849285125732,5.213829517364502,28.493330001831055),(1.9324951171875,7.1800851821899414,28.062509536743164),(3.7427806854248047,0.,27.779891967773438),(3.8763041496276855,0.,28.770938873291016),(3.7301015853881836,2.3053295612335205,27.685783386230469),(3.8631727695465088,2.3875720500946045,28.673471450805664),(5.6164875030517578,1.1562997102737427,27.438091278076172),(5.8168549537658691,1.1975506544113159,28.41694450378418),(5.5663881301879883,3.4402170181274414,27.25639533996582),(5.7649683952331543,3.5629463195800781,28.228765487670898),(3.7222914695739746,6.1700763702392578,27.088844299316406),(5.5595731735229492,5.3757638931274414,26.942960739135742),(3.7352950572967529,4.2480506896972656,27.454189300537109),(3.86855149269104,4.399599552154541,28.433614730834961),(3.8550839424133301,6.3901934623718262,28.055238723754883),(5.7579107284545898,5.5675439834594727,27.904148101806641),(0.,13.052797317504883,24.806356430053711),(1.8449068069458008,12.483979225158691,25.029531478881836),(1.843242883682251,14.191984176635742,24.102300643920898),(6.6497316360473633,14.133440017700195,23.275690078735352),(3.6930325031280518,11.839228630065918,25.138118743896484),(3.6776635646820068,13.579330444335938,24.244739532470703),(3.8088638782501221,14.063772201538086,25.109668731689453),(5.5056099891662598,11.138091087341309,25.126918792724609),(5.4944815635681152,12.90168285369873,24.271137237548828),(5.6904969215393066,13.36194896697998,25.137008666992188),(0.,7.6599040031433105,26.9639892578125),(0.,9.5059061050415039,26.369842529296875),(1.8512275218963623,8.8795585632324219,26.522768020629883),(1.8497124910354614,10.699994087219238,25.842205047607422),(0.,7.9331707954406738,27.925928115844727),(0.,9.8450288772583008,27.310585021972656),(1.9172699451446533,9.1963357925415039,27.468965530395508),(0.,11.30640983581543,25.649482727050781),(0.,11.709765434265137,26.564525604248047),(0.,13.518455505371094,25.691320419311523),(1.9157007932662964,11.08171558380127,26.764123916625977),(1.9107238054275513,12.929344177246094,25.922458648681641),(3.7160508632659912,8.1269807815551758,26.568288803100586),(3.6904172897338867,10.041472434997559,25.909080505371094),(3.8220727443695068,10.399701118469238,26.833385467529297),(5.5807852745056152,7.3314905166625977,26.473287582397461),(5.5609564781188965,9.2671947479248047,25.863597869873047),(5.759343147277832,9.5978012084960938,26.786279678344727),(3.8486206531524658,8.4169101715087891,27.516111373901367),(5.7798795700073242,7.593040943145752,27.417718887329102),(3.8247811794281006,12.261591911315918,26.034919738769531),(5.7020220756530762,11.535441398620605,26.023319244384766),(10.825176239013672,6.6903271675109863,24.975706100463867),(13.012314796447754,1.1576528549194336,24.80061149597168),(12.91892147064209,3.3568530082702637,24.648809432983398),(14.329534530639648,6.5436816215515137,23.185674667358398),(11.047989845275879,4.5131525993347168,25.363441467285156),(12.733363151550293,5.556485652923584,24.345794677734375),(13.187624931335449,5.7547125816345215,25.214330673217773),(7.4675612449645996,0.,27.017889022827148),(7.442718505859375,2.2845473289489746,26.928009033203125),(9.3662433624267578,1.1577314138412476,26.394392013549805),(9.3158397674560547,3.4422001838684082,26.212539672851562),(9.6481819152832031,3.5650002956390381,27.147668838500977),(7.7339658737182617,0.,27.98175048828125),(7.7082366943359375,2.3660483360290527,27.888662338256836),(9.700383186340332,1.1990333795547485,27.336009979248047),(7.3683557510375977,4.55389404296875,26.658960342407227),(7.404393196105957,6.515925407409668,26.238302230834961),(7.6685447692871094,6.7483806610107422,27.174352645874023),(9.1248950958251953,5.6394953727722168,25.897165298461914),(9.4504251480102539,5.8406839370727539,26.821044921875),(7.6312212944030762,4.7163538932800293,27.610017776489258),(11.239492416381836,0.,25.678874969482422),(11.640460014343262,0.,26.594966888427734),(11.20134162902832,2.3076033592224121,25.591712951660156),(11.600948333740234,2.3899269104003906,26.504695892333984),(13.476528167724609,1.1989520788192749,25.685371398925781),(13.379803657531738,3.4766085147857666,25.528154373168945),(11.442126274108887,4.674159049987793,26.268281936645508),(11.211363792419434,6.9290037155151367,25.86671257019043),(7.3626093864440918,10.32989501953125,24.996320724487305),(10.817293167114258,8.6239681243896484,24.379175186157227),(9.1360797882080078,7.5859189033508301,25.391271591186523),(10.753034591674805,10.512664794921875,23.655590057373047),(9.1062145233154297,9.5083255767822266,24.746706008911133),(8.5158166885375977,13.349030494689941,23.130392074584961),(10.260071754455566,12.52916431427002,22.879724502563477),(9.702977180480957,14.467349052429199,21.960849761962891),(7.2850017547607422,12.162282943725586,24.181365966796875),(9.040654182434082,11.36467170715332,23.975854873657227),(7.544893741607666,12.596171379089355,25.044034957885742),(8.8196172714233398,13.82525634765625,23.955568313598633),(9.3631782531738281,11.770105361938477,24.831192016601562),(10.6260986328125,12.976140975952148,23.695957183837891),(12.413948059082031,9.6103420257568359,23.222103118896484),(14.015445709228516,8.6620216369628906,22.677467346191406),(13.614946365356445,10.726957321166992,22.029445648193359),(12.458717346191406,7.6999106407165527,23.900262832641602),(11.20319938659668,8.9316272735595703,25.248899459838867),(12.903181076049805,7.9746041297912598,24.752902984619141),(12.856815338134766,9.953190803527832,24.050548553466797),(11.972969055175781,11.649567604064941,22.509252548217773),(12.400103569030762,12.065165519714355,23.312267303466797),(11.8529052734375,14.115993499755859,22.428552627563477),(14.100658416748047,11.109641075134277,22.815343856811523),(13.598936080932617,13.17974853515625,22.0035400390625),(11.136648178100586,10.887703895568848,24.499502182006836),(7.4024748802185059,8.444554328918457,25.683139801025391),(7.6665573120117188,8.7458133697509766,26.599384307861328),(7.625269889831543,10.698413848876953,25.888063430786133),(9.4620084762573242,7.8565459251403809,26.297103881835938),(9.4310779571533203,9.8475351333618164,25.629543304443359),(4.4740924835205078,21.635377883911133,17.251775741577148),(6.6457409858703613,21.26569938659668,17.009849548339844),(0.,19.703109741210938,19.937860488891602),(1.1402144432067871,20.840847015380859,18.710687637329102),(1.1808915138244629,21.584342956542969,19.378189086914062),(2.2585325241088867,19.639049530029297,19.873037338256836),(3.3971357345581055,20.711639404296875,18.580049514770508),(3.5183284282684326,21.450527191162109,19.242891311645508),(1.1392344236373901,18.525157928466797,21.005987167358398),(1.1798765659332275,19.186042785644531,21.755373001098633),(0.,20.406017303466797,20.649143218994141),(3.3957765102386475,18.396163940429688,20.875360488891602),(3.5169205665588379,19.052446365356445,21.620086669921875),(2.3391053676605225,20.339672088623047,20.582006454467773),(5.2538814544677734,17.787822723388672,21.017158508300781),(7.1529111862182617,17.124797821044922,21.007331848144531),(4.5023789405822754,19.447284698486328,19.678987503051758),(6.4162712097167969,18.845712661743164,19.733257293701172),(5.5874314308166504,20.405324935913086,18.388423919677734),(5.7867627143859863,21.133283615112305,19.044429779052734),(5.4413132667541504,18.422401428222656,21.766944885253906),(4.6630005836486816,20.14106559753418,20.381032943725586),(6.6451711654663086,19.518032073974609,20.437240600585938),(1.1401615142822266,22.915897369384766,16.102561950683594),(0.,23.844499588012695,14.736711502075195),(0.,24.695150375366211,15.262442588806152),(3.3378684520721436,22.765832901000977,16.00956916809082),(2.1992783546447754,23.77099609375,14.691283226013184),(2.2777373790740967,24.619024276733398,15.21539306640625),(0.,21.942176818847656,17.443386077880859),(0.,22.72496223449707,18.065677642822266),(1.1808366775512695,23.733421325683594,16.677019119262695),(3.4569466114044189,23.5780029296875,16.580709457397461),(2.2744784355163574,21.869823455810547,17.385868072509766),(2.3556201457977295,22.650028228759766,18.006107330322266),(4.3849973678588867,23.550933837890625,14.555277824401855),(4.5414319038391113,24.39111328125,15.074536323547363),(5.5297784805297852,22.466859817504883,15.823797225952148),(6.7771267890930176,24.012821197509766,14.840740203857422),(4.6337051391601562,22.407218933105469,17.867231369018555),(5.727053165435791,23.268363952636719,16.388309478759766),(6.8828272819519043,22.024351119995117,17.616674423217773),(9.5707283020019531,21.314855575561523,15.485763549804688),(8.5553779602050781,20.59693717956543,16.979473114013672),(8.860590934753418,21.331731796264648,17.585214614868164),(10.420428276062012,19.820833206176758,16.860607147216797),(10.792176246643066,20.527938842773438,17.462108612060547),(14.390371322631836,18.124151229858398,15.816548347473145),(13.200223922729492,17.357892990112305,17.612167358398438),(11.612432479858398,20.60301399230957,15.046528816223145),(12.026704788208008,21.33802604675293,15.58331298828125),(13.600820541381836,19.746955871582031,14.519169807434082),(14.086028099060059,20.451425552368164,15.037139892578125),(12.444520950317383,19.032321929931641,16.390102386474609),(11.205883026123047,18.204607009887695,18.131500244140625),(12.88847827911377,19.711299896240234,16.974817276000977),(10.135740280151367,17.3563232421875,19.538566589355469),(7.4080905914306641,17.735723495483398,21.756767272949219),(9.0299005508422852,16.361391067504883,20.892501831054688),(10.840398788452148,15.511504173278809,20.678728103637695),(10.497331619262695,17.975509643554688,20.235605239868164),(9.3520412445068359,16.94508171081543,21.637840270996094),(7.4949302673339844,19.768398284912109,18.405632019042969),(8.2972726821899414,18.147531509399414,19.686370849609375),(7.7623114585876465,20.4736328125,19.062252044677734),(9.3817024230957031,19.030538558959961,18.318109512329102),(9.7163944244384766,19.709451675415039,18.97160530090332),(8.5932769775390625,18.794944763183594,20.388679504394531),(11.922249794006348,16.476144790649414,19.290605545043945),(13.915693283081055,15.484771728515625,18.769821166992188),(14.412134170532227,16.037189483642578,19.439432144165039),(13.671141624450684,17.977134704589844,18.240480422973633),(12.565112113952637,14.646100044250488,20.330778121948242),(11.227128982543945,16.064876556396484,21.416440963745117),(12.347575187683105,17.063928604125977,19.978796005249023),(13.013371467590332,15.168599128723145,21.05607795715332),(11.60565185546875,18.854055404663086,18.778339385986328),(8.971038818359375,23.486484527587891,14.515445709228516),(7.6722421646118164,22.024290084838867,15.549860000610352),(7.945948600769043,22.810005187988281,16.10460090637207),(9.9121637344360352,22.075262069702148,16.038217544555664),(1.1391867399215698,16.035226821899414,22.963113784790039),(0.,17.314006805419922,22.044408798217773),(0.,17.931684494018555,22.830841064453125),(2.9851219654083252,15.469100952148438,23.184623718261719),(2.272921085357666,17.256994247436523,21.971818923950195),(2.3540072441101074,17.872636795043945,22.755661010742188),(0.,14.736711502075195,23.844499588012695),(0.,15.262442588806152,24.695150375366211),(1.1798272132873535,16.607282638549805,23.782320022583008),(3.0916159152984619,16.020959854125977,24.011734008789062),(1.9090003967285156,14.698282241821289,24.962148666381836),(4.8362178802490234,14.832126617431641,23.288406372070312),(4.1321320533752441,16.675445556640625,22.149171829223633),(4.279545783996582,17.270341873168945,22.939342498779297),(5.9712204933166504,16.012693405151367,22.218664169311523),(6.1842436790466309,16.583944320678711,23.011312484741211),(5.0087494850158691,15.361261367797852,24.119218826293945),(6.8869600296020508,14.637649536132812,24.106048583984375),(7.8576021194458008,15.279891014099121,22.147546768188477),(8.1379213333129883,15.825000762939453,22.937658309936523),(10.049130439758301,14.98346996307373,22.744300842285156),(21.017158508300781,5.2538814544677734,17.787822723388672),(21.007331848144531,7.1529111862182617,17.124797821044922),(17.251775741577148,4.4740924835205078,21.635377883911133),(17.009849548339844,6.6457409858703613,21.26569938659668),(19.937860488891602,0.,19.703109741210938),(19.873037338256836,2.2585325241088867,19.639049530029297),(21.005987167358398,1.1392344236373901,18.525157928466797),(21.755373001098633,1.1798765659332275,19.186042785644531),(20.875360488891602,3.3957765102386475,18.396163940429688),(21.620086669921875,3.5169205665588379,19.052446365356445),(18.710687637329102,1.1402144432067871,20.840847015380859),(19.378189086914062,1.1808915138244629,21.584342956542969),(18.580049514770508,3.3971357345581055,20.711639404296875),(19.242891311645508,3.5183284282684326,21.450527191162109),(20.649143218994141,0.,20.406017303466797),(20.582006454467773,2.3391053676605225,20.339672088623047),(19.678987503051758,4.5023789405822754,19.447284698486328),(19.733257293701172,6.4162712097167969,18.845712661743164),(21.766944885253906,5.4413132667541504,18.422401428222656),(20.437240600585938,6.6451711654663086,19.518032073974609),(18.388423919677734,5.5874314308166504,20.405324935913086),(19.044429779052734,5.7867627143859863,21.133283615112305),(20.381032943725586,4.6630005836486816,20.14106559753418),(15.816548347473145,14.390371322631836,18.124151229858398),(17.612167358398438,13.200223922729492,17.357892990112305),(20.678728103637695,10.840398788452148,15.511504173278809),(19.538566589355469,10.135740280151367,17.3563232421875),(20.892501831054688,9.0299005508422852,16.361391067504883),(21.756767272949219,7.4080905914306641,17.735723495483398),(21.637840270996094,9.3520412445068359,16.94508171081543),(20.235605239868164,10.497331619262695,17.975509643554688),(18.769821166992188,13.915693283081055,15.484771728515625),(19.439432144165039,14.412134170532227,16.037189483642578),(20.330778121948242,12.565112113952637,14.646100044250488),(21.416440963745117,11.227128982543945,16.064876556396484),(21.05607795715332,13.013371467590332,15.168599128723145),(19.290605545043945,11.922249794006348,16.476144790649414),(18.240480422973633,13.671141624450684,17.977134704589844),(19.978796005249023,12.347575187683105,17.063928604125977),(16.860607147216797,10.420428276062012,19.820833206176758),(15.485763549804688,9.5707283020019531,21.314855575561523),(16.979473114013672,8.5553779602050781,20.59693717956543),(17.585214614868164,8.860590934753418,21.331731796264648),(17.462108612060547,10.792176246643066,20.527938842773438),(14.519169807434082,13.600820541381836,19.746955871582031),(16.390102386474609,12.444520950317383,19.032321929931641),(18.131500244140625,11.205883026123047,18.204607009887695),(16.974817276000977,12.88847827911377,19.711299896240234),(15.046528816223145,11.612432479858398,20.60301399230957),(15.58331298828125,12.026704788208008,21.33802604675293),(15.037139892578125,14.086028099060059,20.451425552368164),(19.686370849609375,8.2972726821899414,18.147531509399414),(18.405632019042969,7.4949302673339844,19.768398284912109),(18.318109512329102,9.3817024230957031,19.030538558959961),(18.97160530090332,9.7163944244384766,19.709451675415039),(20.388679504394531,8.5932769775390625,18.794944763183594),(19.062252044677734,7.7623114585876465,20.4736328125),(18.778339385986328,11.60565185546875,18.854055404663086),(22.963113784790039,1.1391867399215698,16.035226821899414),(23.184623718261719,2.9851219654083252,15.469100952148438),(23.844499588012695,0.,14.736711502075195),(24.695150375366211,0.,15.262442588806152),(24.962148666381836,1.9090003967285156,14.698282241821289),(24.011734008789062,3.0916159152984619,16.020959854125977),(22.044408798217773,0.,17.314006805419922),(22.830841064453125,0.,17.931684494018555),(21.971818923950195,2.272921085357666,17.256994247436523),(22.755661010742188,2.3540072441101074,17.872636795043945),(23.782320022583008,1.1798272132873535,16.607282638549805),(23.288406372070312,4.8362178802490234,14.832126617431641),(22.218664169311523,5.9712204933166504,16.012693405151367),(24.119218826293945,5.0087494850158691,15.361261367797852),(24.106048583984375,6.8869600296020508,14.637649536132812),(22.149171829223633,4.1321320533752441,16.675445556640625),(22.939342498779297,4.279545783996582,17.270341873168945),(23.011312484741211,6.1842436790466309,16.583944320678711),(22.147546768188477,7.8576021194458008,15.279891014099121),(22.937658309936523,8.1379213333129883,15.825000762939453),(22.744300842285156,10.049130439758301,14.98346996307373),(16.102561950683594,1.1401615142822266,22.915897369384766),(16.00956916809082,3.3378684520721436,22.765832901000977),(17.443386077880859,0.,21.942176818847656),(18.065677642822266,0.,22.72496223449707),(17.385868072509766,2.2744784355163574,21.869823455810547),(18.006107330322266,2.3556201457977295,22.650028228759766),(16.580709457397461,3.4569466114044189,23.5780029296875),(14.736711502075195,0.,23.844499588012695),(15.262442588806152,0.,24.695150375366211),(14.691283226013184,2.1992783546447754,23.77099609375),(15.21539306640625,2.2777373790740967,24.619024276733398),(16.677019119262695,1.1808366775512695,23.733421325683594),(14.555277824401855,4.3849973678588867,23.550933837890625),(15.823797225952148,5.5297784805297852,22.466859817504883),(17.867231369018555,4.6337051391601562,22.407218933105469),(17.616674423217773,6.8828272819519043,22.024351119995117),(16.388309478759766,5.727053165435791,23.268363952636719),(15.074536323547363,4.5414319038391113,24.39111328125),(14.840740203857422,6.7771267890930176,24.012821197509766),(15.549860000610352,7.6722421646118164,22.024290084838867),(14.515445709228516,8.971038818359375,23.486484527587891),(16.10460090637207,7.945948600769043,22.810005187988281),(16.038217544555664,9.9121637344360352,22.075262069702148),(16.312631607055664,17.028148651123047,15.154900550842285),(17.028148651123047,15.154900550842285,16.312631607055664),(16.894584655761719,17.635627746582031,15.695550918579102),(15.154900550842285,16.312631607055664,17.028148651123047),(15.695550918579102,16.894584655761719,17.635627746582031),(17.635627746582031,15.695550918579102,16.894584655761719),(14.903746604919434,18.770729064941406,16.380802154541016),(18.770729064941406,16.380802154541016,14.903746604919434),(16.380802154541016,14.903746604919434,18.770729064941406)),$);
#575=IFCTRIANGULATEDFACESET(#574,$,.T.,((45,5,43),(11,5,45),(11,45,53),(11,53,16),(2,3,1),(9,111,3),(2,9,3),(2,1,5),(8,6,7),(2,5,11),(12,6,8),(8,7,4),(10,8,4),(2,13,9),(9,15,114),(9,13,15),(2,11,13),(12,8,14),(13,11,16),(12,14,65),(10,14,8),(10,17,14),(16,61,20),(13,19,15),(14,21,65),(13,16,19),(14,17,21),(15,19,18),(16,20,19),(21,66,65),(19,20,69),(17,141,21),(18,19,69),(21,70,66),(21,141,70),(49,47,24),(30,49,24),(30,55,49),(23,24,22),(29,28,25),(23,30,24),(31,29,25),(23,22,26),(23,26,32),(29,234,27),(29,27,28),(23,33,30),(30,35,55),(30,33,35),(31,36,34),(23,32,33),(33,32,245),(31,34,29),(29,34,234),(35,59,55),(35,39,59),(35,37,39),(36,67,41),(33,37,35),(33,245,37),(34,36,38),(34,38,246),(36,41,38),(39,86,59),(39,72,86),(39,37,40),(38,41,250),(39,40,72),(41,68,73),(41,73,250),(52,42,49),(52,45,42),(45,43,42),(46,44,6),(46,51,44),(46,57,51),(49,42,47),(50,48,51),(50,51,57),(52,58,53),(52,53,45),(12,54,46),(46,54,57),(52,49,55),(50,57,56),(52,55,58),(56,57,60),(54,60,57),(12,46,6),(12,65,54),(50,25,48),(31,25,50),(31,50,56),(31,56,36),(54,62,60),(53,58,61),(16,53,61),(56,60,67),(55,59,58),(60,64,67),(58,63,61),(20,61,75),(61,63,75),(58,59,63),(59,86,63),(62,64,60),(62,77,64),(54,65,62),(62,65,66),(62,66,77),(36,56,67),(64,68,67),(41,67,68),(20,81,69),(69,81,71),(18,69,177),(70,141,178),(69,71,177),(70,178,84),(71,188,177),(71,94,188),(72,88,86),(40,287,72),(72,287,74),(72,74,88),(74,102,88),(74,306,102),(75,79,81),(63,76,75),(63,86,76),(64,77,78),(75,76,79),(77,80,78),(78,80,90),(76,89,79),(79,92,83),(79,89,92),(80,95,90),(20,75,81),(70,82,66),(66,82,77),(70,84,82),(77,82,80),(71,81,83),(79,83,81),(82,84,85),(84,180,93),(84,93,85),(80,82,85),(80,85,95),(64,78,68),(68,78,87),(76,86,88),(73,68,87),(73,87,293),(76,88,89),(78,90,87),(89,88,102),(87,90,91),(87,91,293),(91,319,293),(71,83,94),(83,98,94),(92,98,83),(85,96,95),(95,96,108),(85,93,96),(93,99,96),(94,97,191),(94,98,97),(92,104,98),(96,109,108),(98,104,346),(96,99,109),(97,98,346),(99,376,109),(89,102,100),(92,89,100),(95,101,90),(90,101,91),(95,108,101),(92,100,104),(91,101,103),(91,103,319),(100,102,105),(102,306,105),(100,106,104),(101,108,107),(100,105,106),(105,450,106),(101,107,103),(103,107,451),(108,109,350),(107,108,350),(111,112,110),(115,118,112),(111,115,112),(111,114,115),(115,130,124),(114,130,115),(118,119,117),(118,123,119),(118,117,112),(121,113,120),(116,113,121),(121,120,122),(121,122,126),(118,124,123),(123,124,132),(115,124,118),(116,121,125),(116,125,138),(121,126,125),(125,126,133),(111,110,3),(128,4,127),(10,4,128),(128,127,113),(116,128,113),(9,114,111),(10,128,129),(10,129,17),(116,129,128),(116,138,129),(114,139,130),(130,139,131),(125,135,138),(130,134,124),(124,134,132),(125,133,135),(130,131,134),(135,142,138),(131,169,134),(135,182,142),(132,134,136),(135,133,137),(134,169,136),(135,137,182),(17,129,140),(15,139,114),(129,138,140),(15,18,139),(17,140,141),(18,174,139),(140,175,141),(140,138,142),(131,139,174),(140,142,175),(145,143,119),(146,122,144),(123,145,119),(145,147,143),(146,144,148),(145,151,147),(146,148,152),(126,122,146),(123,149,145),(123,132,149),(145,149,151),(146,152,150),(149,159,151),(150,152,160),(126,146,150),(126,150,133),(155,153,147),(156,148,154),(151,155,147),(152,148,156),(155,642,153),(156,154,643),(155,648,642),(156,643,649),(151,157,155),(152,156,158),(151,159,157),(152,158,160),(155,157,648),(156,649,158),(157,662,648),(158,649,663),(132,162,149),(149,162,159),(150,160,161),(133,150,161),(160,164,161),(132,136,162),(136,202,162),(162,163,159),(162,202,163),(133,161,137),(137,161,204),(161,164,204),(164,205,204),(159,165,157),(160,158,166),(159,163,165),(160,166,164),(157,165,662),(158,663,166),(165,666,662),(166,663,667),(163,167,165),(164,166,168),(165,167,666),(166,667,168),(167,709,666),(164,168,205),(168,667,710),(131,176,169),(169,176,172),(136,169,170),(137,171,182),(169,172,170),(172,173,170),(172,193,173),(18,177,174),(174,177,179),(131,174,176),(142,183,175),(174,179,176),(175,183,181),(141,175,178),(175,181,178),(179,187,176),(181,183,185),(84,178,180),(178,181,180),(179,177,188),(181,185,189),(180,181,189),(142,182,183),(182,184,183),(171,184,182),(172,176,187),(183,184,185),(172,187,193),(184,194,185),(171,186,184),(184,186,194),(179,190,187),(187,190,198),(179,188,190),(180,189,226),(188,191,190),(94,191,188),(189,185,197),(189,227,226),(189,197,227),(191,372,192),(190,192,198),(191,192,190),(187,198,193),(173,193,195),(186,196,194),(194,196,201),(185,194,197),(194,201,197),(193,198,199),(193,199,195),(195,199,358),(197,200,227),(197,201,200),(192,355,198),(198,355,199),(196,223,201),(201,223,356),(200,201,356),(163,202,203),(202,206,203),(136,170,202),(137,204,171),(170,206,202),(171,204,207),(204,205,207),(170,173,206),(171,207,186),(173,213,206),(203,206,208),(207,205,209),(206,213,208),(207,209,217),(163,203,167),(167,203,211),(167,211,709),(211,712,709),(168,210,205),(205,210,209),(168,710,210),(210,710,714),(203,208,211),(209,210,212),(208,215,211),(209,212,218),(210,714,212),(211,215,712),(215,724,712),(212,714,725),(186,207,217),(173,195,213),(208,213,214),(213,219,214),(214,219,222),(208,214,215),(214,216,215),(212,725,224),(215,216,724),(214,222,216),(216,727,724),(216,365,727),(186,217,196),(196,217,220),(195,219,213),(209,218,217),(217,218,220),(195,358,219),(196,220,223),(220,361,223),(219,358,359),(220,218,221),(219,359,222),(220,221,361),(212,224,218),(218,224,221),(224,725,732),(221,224,225),(216,222,365),(221,225,367),(224,732,225),(365,1002,727),(225,732,1003),(93,180,226),(93,226,99),(97,372,191),(99,226,373),(226,227,373),(231,228,229),(32,228,231),(231,229,232),(235,241,230),(231,243,245),(231,232,243),(232,252,243),(32,26,228),(234,233,27),(234,235,233),(235,230,233),(32,231,245),(234,246,235),(34,246,234),(235,247,241),(235,246,247),(232,229,236),(241,237,230),(232,236,240),(241,242,237),(240,236,238),(240,238,264),(242,239,237),(242,265,239),(240,254,252),(232,240,252),(241,253,242),(247,253,241),(240,264,254),(254,264,275),(242,255,265),(242,253,255),(243,248,245),(243,252,244),(243,244,248),(244,296,289),(246,249,247),(37,245,248),(38,249,246),(247,251,253),(249,251,247),(37,248,40),(38,250,249),(40,248,289),(249,250,290),(244,289,248),(249,290,251),(251,290,301),(252,254,256),(253,257,255),(244,252,256),(251,257,253),(254,275,258),(256,254,258),(257,259,255),(244,256,296),(256,297,296),(257,301,298),(257,298,259),(256,258,297),(258,321,297),(259,298,322),(251,301,257),(264,238,260),(264,260,266),(265,267,261),(265,261,239),(266,260,262),(267,263,261),(266,262,271),(267,272,263),(264,266,275),(265,276,267),(255,276,265),(266,271,277),(267,278,272),(266,277,275),(267,276,278),(271,262,268),(272,269,263),(271,268,273),(272,274,269),(273,268,1314),(274,270,269),(271,273,281),(272,282,274),(277,271,281),(278,282,272),(273,1329,281),(274,282,1330),(275,277,279),(258,275,279),(255,259,276),(259,280,276),(279,277,283),(278,280,284),(276,280,278),(258,279,321),(279,323,321),(259,322,280),(280,322,324),(279,283,323),(280,324,284),(277,281,283),(278,284,282),(281,285,283),(282,284,286),(281,1329,285),(282,286,1330),(283,328,323),(283,285,328),(284,329,286),(284,324,329),(285,1375,328),(286,329,1376),(40,289,287),(287,289,294),(73,288,250),(250,288,290),(73,293,288),(290,291,301),(288,291,290),(289,296,294),(287,294,292),(74,287,292),(288,293,295),(74,292,306),(293,319,295),(292,294,307),(288,295,291),(291,295,303),(294,296,299),(296,297,299),(298,304,322),(299,297,300),(297,321,300),(299,300,313),(300,334,313),(298,301,302),(291,302,301),(298,302,304),(294,299,307),(291,303,302),(307,299,313),(303,305,302),(302,305,304),(305,327,304),(292,308,306),(306,308,310),(292,307,308),(307,315,308),(295,319,309),(295,309,303),(309,319,320),(105,306,310),(310,308,311),(308,315,311),(309,320,316),(310,311,453),(307,313,315),(303,312,305),(309,312,303),(309,316,312),(313,334,317),(305,314,327),(315,313,317),(305,312,314),(312,316,318),(311,315,447),(316,459,318),(315,317,447),(317,485,447),(312,318,314),(314,318,339),(103,320,319),(103,451,320),(105,310,450),(320,451,452),(316,320,452),(322,326,324),(300,321,325),(304,326,322),(321,323,325),(325,323,330),(326,331,324),(304,327,326),(300,325,334),(325,335,334),(326,327,336),(326,336,331),(325,330,335),(323,328,330),(328,332,330),(324,331,329),(329,331,333),(328,1375,332),(329,333,1376),(331,341,333),(336,341,331),(330,332,340),(333,341,1391),(334,335,337),(335,342,337),(327,338,336),(317,334,337),(314,338,327),(338,344,336),(314,339,338),(317,337,485),(337,487,485),(338,339,488),(338,488,344),(337,342,487),(335,330,340),(335,340,342),(332,1390,340),(340,1390,343),(340,343,342),(336,344,341),(341,344,345),(341,345,1391),(344,493,345),(344,488,493),(342,343,492),(345,493,1666),(97,346,375),(346,351,375),(351,378,375),(104,106,348),(106,450,347),(106,347,348),(104,348,346),(346,348,351),(109,376,349),(109,349,350),(107,350,457),(350,353,457),(349,353,350),(348,352,351),(351,354,378),(351,352,354),(347,352,348),(347,465,352),(349,387,353),(353,387,466),(352,465,467),(352,467,354),(354,467,399),(192,374,355),(199,357,358),(355,374,381),(355,381,357),(199,355,357),(357,381,384),(358,362,359),(222,359,366),(359,364,366),(223,361,360),(223,360,356),(357,362,358),(356,360,407),(221,367,361),(361,367,363),(360,361,363),(357,384,362),(362,384,410),(359,362,364),(360,363,408),(362,410,364),(222,366,365),(365,366,369),(225,1003,368),(365,369,1002),(225,368,367),(367,368,371),(364,370,366),(366,370,369),(363,367,371),(364,417,370),(371,368,1010),(369,370,1009),(364,410,417),(370,417,419),(370,419,1009),(97,375,372),(372,375,377),(192,372,374),(227,380,373),(372,377,374),(373,380,379),(99,373,376),(373,379,376),(374,377,382),(377,375,378),(376,379,386),(379,380,385),(377,388,382),(379,396,386),(377,378,388),(379,385,396),(200,380,227),(200,383,380),(200,356,383),(356,407,383),(374,382,381),(380,383,385),(383,392,385),(381,382,389),(383,407,392),(381,389,384),(392,407,411),(349,376,386),(349,386,387),(384,389,409),(389,394,409),(388,391,382),(385,392,390),(382,391,389),(385,390,396),(388,403,391),(392,411,393),(390,392,393),(389,391,394),(391,405,394),(378,395,388),(354,395,378),(386,397,387),(386,396,397),(396,402,397),(388,395,403),(387,397,398),(387,398,466),(354,399,395),(397,402,400),(397,400,398),(395,401,403),(401,428,403),(395,399,401),(399,540,401),(390,402,396),(390,404,402),(390,393,404),(391,403,405),(402,404,406),(403,428,405),(393,426,404),(394,405,431),(404,426,429),(400,402,406),(400,406,546),(404,429,406),(360,408,407),(407,408,411),(363,416,408),(363,371,416),(371,418,416),(371,1010,418),(384,409,410),(409,413,410),(408,412,411),(408,416,412),(410,413,417),(411,412,414),(393,411,414),(394,415,409),(409,415,413),(394,431,415),(414,412,422),(413,415,423),(415,433,423),(416,418,420),(417,421,419),(412,416,420),(413,421,417),(418,1029,420),(412,420,422),(413,423,421),(421,1031,419),(421,425,1031),(420,424,422),(421,423,425),(422,424,438),(420,1029,424),(393,414,426),(414,427,426),(414,422,427),(422,438,427),(424,1081,438),(401,541,428),(405,428,430),(405,430,431),(428,541,548),(406,429,547),(429,573,547),(428,548,430),(430,548,436),(415,431,433),(423,433,439),(423,439,425),(425,439,1082),(431,432,433),(426,427,434),(430,432,431),(427,441,434),(432,440,433),(429,426,434),(429,434,573),(430,436,432),(434,435,573),(434,441,435),(432,436,437),(432,437,440),(427,438,441),(438,442,441),(433,440,439),(439,440,443),(438,1081,442),(439,443,1082),(441,442,444),(435,441,444),(444,442,1089),(437,445,440),(440,445,443),(437,582,445),(443,445,1090),(445,583,1090),(311,446,453),(311,447,446),(318,459,449),(447,485,448),(318,449,339),(446,447,448),(446,448,463),(448,490,463),(310,453,450),(450,453,454),(107,457,451),(347,450,454),(451,457,455),(451,455,452),(452,455,461),(347,454,465),(455,457,458),(454,464,465),(454,453,460),(446,460,453),(455,456,461),(455,458,456),(454,460,464),(353,458,457),(353,466,458),(316,452,459),(452,461,459),(449,459,462),(446,463,460),(459,461,462),(460,463,473),(456,474,461),(461,474,462),(449,462,500),(463,490,475),(462,476,500),(462,474,476),(458,466,468),(465,470,467),(398,471,466),(466,471,468),(456,458,468),(464,470,465),(456,468,479),(464,480,470),(468,482,479),(399,467,469),(467,470,469),(470,480,472),(469,470,472),(468,471,482),(469,472,542),(471,539,482),(464,460,473),(456,479,474),(464,473,480),(474,479,477),(473,478,480),(463,475,473),(474,477,476),(473,475,478),(477,504,476),(475,506,478),(478,506,484),(479,482,483),(477,479,483),(478,481,480),(472,480,481),(482,539,554),(482,554,483),(477,509,504),(477,483,509),(478,484,481),(483,554,522),(483,522,509),(485,487,489),(339,449,486),(339,486,488),(448,485,489),(449,500,486),(489,487,496),(486,494,488),(448,489,490),(486,500,501),(490,489,491),(489,496,491),(486,501,494),(342,492,487),(487,492,496),(492,499,496),(488,494,493),(493,494,495),(343,1665,492),(492,1665,499),(493,495,1666),(494,501,497),(496,499,498),(494,497,495),(491,496,498),(497,1673,495),(498,499,1672),(490,491,502),(491,498,512),(498,515,512),(498,1672,515),(476,503,500),(500,503,501),(501,503,511),(497,501,511),(497,514,1673),(475,490,502),(475,502,506),(502,507,506),(476,504,503),(503,504,505),(491,512,502),(503,505,511),(502,512,507),(506,507,508),(484,506,508),(504,510,505),(505,510,518),(507,517,508),(504,509,510),(509,525,510),(510,526,518),(497,511,514),(512,515,516),(511,513,514),(505,513,511),(513,1688,514),(507,512,516),(505,518,513),(507,516,517),(513,518,520),(516,519,517),(516,515,1692),(516,1692,519),(513,520,1688),(518,526,531),(518,531,520),(520,531,1746),(472,521,542),(472,481,521),(481,523,521),(481,484,523),(521,523,559),(523,529,559),(508,517,527),(484,524,523),(484,508,524),(522,525,509),(522,598,525),(523,524,529),(525,598,528),(508,527,524),(510,525,526),(524,527,530),(525,528,526),(526,528,533),(528,602,533),(524,530,529),(527,535,530),(530,535,603),(517,519,532),(519,1747,532),(517,532,527),(526,533,531),(527,532,535),(532,537,535),(531,533,534),(533,605,534),(531,534,1746),(532,1747,537),(535,537,536),(535,536,603),(536,537,1754),(534,605,1753),(398,538,471),(399,469,540),(398,400,538),(400,546,538),(471,538,539),(469,542,540),(401,540,541),(538,546,543),(540,544,541),(541,544,550),(540,542,544),(542,557,544),(538,543,539),(539,543,555),(543,563,555),(544,545,550),(544,557,545),(406,547,546),(546,547,549),(541,550,548),(547,552,549),(547,573,552),(543,546,549),(543,549,563),(436,548,551),(550,551,548),(549,565,563),(545,553,550),(549,552,565),(552,579,565),(550,553,551),(551,553,580),(539,555,554),(554,555,556),(521,557,542),(521,559,557),(555,563,560),(555,560,556),(522,554,556),(522,556,598),(556,561,598),(557,559,558),(545,557,558),(529,562,559),(558,559,562),(556,560,561),(560,567,561),(558,562,570),(563,565,564),(560,563,564),(545,568,553),(545,558,568),(565,579,566),(564,565,566),(560,564,567),(564,571,567),(564,566,571),(553,568,569),(553,569,580),(558,570,568),(568,570,572),(568,572,569),(566,588,571),(569,572,589),(435,574,573),(552,573,574),(436,551,575),(436,575,437),(435,577,574),(437,575,582),(552,574,579),(551,580,575),(574,576,579),(574,577,576),(435,444,577),(444,578,577),(445,582,583),(444,1089,578),(577,578,584),(576,577,584),(578,1123,584),(575,580,581),(575,581,582),(582,585,583),(581,585,582),(581,593,585),(583,585,1124),(585,596,1124),(576,586,579),(566,579,586),(569,587,580),(580,587,581),(576,592,586),(581,587,593),(566,586,588),(586,590,588),(569,589,587),(587,589,591),(586,592,590),(587,591,593),(576,584,592),(584,594,592),(585,593,596),(584,1123,594),(592,594,595),(590,592,595),(594,1132,595),(591,597,593),(593,597,596),(596,597,1135),(561,599,598),(528,598,599),(529,530,600),(529,600,562),(561,567,601),(561,601,599),(562,600,607),(528,599,602),(530,603,600),(599,604,602),(599,601,604),(601,612,604),(567,609,601),(533,602,605),(602,606,605),(536,617,603),(602,604,606),(604,619,606),(605,1769,1753),(605,606,1769),(536,1754,1779),(606,1780,1769),(562,607,570),(600,603,608),(600,608,607),(607,608,613),(570,607,610),(567,571,609),(570,610,572),(571,588,611),(571,611,609),(572,610,615),(572,615,589),(601,609,612),(609,614,612),(607,613,610),(610,613,616),(609,611,614),(610,616,615),(615,616,625),(603,617,608),(608,617,618),(608,618,613),(536,1779,617),(617,1779,1781),(606,619,1780),(617,1781,618),(604,612,619),(612,620,619),(613,618,621),(612,614,620),(614,634,620),(619,620,1784),(619,1784,1780),(618,1788,621),(618,1781,1788),(620,634,1785),(620,1785,1784),(613,621,616),(616,635,625),(616,621,635),(621,1789,635),(621,1788,1789),(588,590,622),(588,622,611),(590,628,622),(611,622,623),(611,623,614),(622,626,623),(589,615,624),(589,624,591),(591,624,629),(615,625,624),(624,625,627),(622,628,626),(624,627,629),(590,595,628),(595,630,628),(595,1132,630),(591,629,597),(597,629,631),(597,631,1135),(628,630,632),(626,628,632),(629,633,631),(627,633,629),(630,1180,632),(631,633,1181),(614,623,634),(634,1802,1785),(623,636,634),(625,635,637),(623,626,636),(626,638,636),(625,637,627),(627,637,639),(634,636,1802),(635,1803,637),(635,1789,1803),(636,638,1804),(636,1804,1802),(637,1805,639),(637,1803,1805),(626,632,638),(632,640,638),(627,639,633),(633,639,641),(632,1180,640),(633,641,1181),(638,640,1809),(638,1809,1804),(639,1810,641),(639,1805,1810),(640,2355,1809),(641,1810,2356),(646,644,642),(647,643,645),(648,646,642),(649,643,647),(646,652,644),(647,645,653),(646,658,652),(647,653,659),(648,650,646),(649,647,651),(648,662,650),(649,651,663),(646,650,658),(647,659,651),(650,670,658),(651,659,671),(656,654,652),(657,653,655),(658,656,652),(659,653,657),(656,676,654),(657,655,679),(656,682,676),(657,679,683),(658,660,656),(659,657,661),(658,670,660),(659,661,671),(656,660,682),(660,696,682),(657,683,661),(661,683,697),(650,662,664),(651,665,663),(662,666,664),(663,665,667),(650,664,670),(651,671,665),(664,673,670),(665,671,675),(666,668,664),(667,665,669),(666,709,668),(664,668,673),(665,675,669),(667,669,710),(669,675,718),(660,670,674),(661,672,671),(660,674,696),(671,672,675),(661,697,672),(670,673,674),(673,717,674),(674,698,696),(674,717,698),(675,672,719),(675,719,718),(672,697,699),(672,699,719),(678,677,676),(682,678,676),(681,679,680),(683,679,681),(678,686,677),(681,680,687),(681,687,691),(682,684,678),(682,696,684),(683,681,685),(683,685,697),(678,684,690),(681,691,685),(685,691,705),(678,690,686),(690,689,686),(689,688,686),(684,702,690),(690,702,692),(690,692,689),(694,687,693),(691,687,694),(689,775,688),(694,693,776),(694,776,784),(691,694,695),(691,695,705),(689,692,783),(694,784,695),(695,784,790),(684,696,700),(685,701,697),(685,705,701),(684,700,702),(696,698,700),(697,701,699),(698,743,700),(699,701,746),(700,703,702),(701,705,704),(700,743,703),(701,704,746),(692,702,706),(702,703,706),(695,707,705),(695,790,707),(692,706,789),(704,705,707),(703,753,706),(704,707,751),(706,792,789),(707,790,708),(706,753,792),(707,708,751),(668,709,713),(709,712,713),(668,716,673),(668,713,716),(669,711,710),(710,711,714),(669,718,711),(711,718,721),(713,720,716),(714,711,715),(712,724,726),(712,726,713),(714,715,725),(711,721,715),(713,726,720),(715,721,734),(673,716,717),(716,722,717),(718,719,723),(717,741,698),(719,699,742),(717,722,741),(719,742,723),(716,720,722),(718,723,721),(720,730,722),(721,723,735),(722,744,741),(723,742,748),(722,730,744),(723,748,735),(715,731,725),(724,728,726),(726,729,720),(726,728,729),(724,727,728),(727,1004,728),(728,737,729),(720,729,730),(729,738,730),(730,759,744),(729,737,738),(725,731,732),(715,734,731),(731,734,736),(732,731,733),(727,1002,1004),(732,733,1003),(731,736,733),(728,1004,737),(733,736,1007),(721,735,734),(734,735,739),(735,748,760),(735,760,739),(730,738,759),(734,739,736),(737,1013,738),(736,739,1015),(738,1014,759),(739,760,740),(739,740,1015),(738,1013,1014),(698,741,743),(699,746,742),(741,745,743),(703,743,752),(743,745,752),(741,744,745),(744,761,745),(742,746,749),(704,747,746),(746,747,749),(742,749,748),(748,749,758),(745,767,752),(747,750,749),(745,761,767),(749,750,758),(703,752,753),(704,751,747),(752,755,753),(747,751,756),(753,845,792),(753,755,845),(708,754,751),(751,754,756),(752,767,755),(747,756,750),(750,756,768),(756,757,768),(756,754,757),(754,849,757),(755,770,845),(744,759,761),(748,758,760),(760,758,765),(761,764,767),(750,762,758),(758,762,765),(759,763,761),(759,1014,763),(763,764,761),(740,760,765),(740,765,1020),(765,766,1020),(765,762,766),(762,773,766),(763,1022,764),(764,1022,771),(755,767,769),(764,769,767),(750,768,762),(762,768,773),(768,774,773),(755,769,770),(757,774,768),(769,772,770),(770,772,865),(764,771,769),(769,771,772),(771,1054,772),(757,864,774),(774,864,869),(773,774,1052),(772,1054,868),(774,869,1052),(778,777,775),(689,783,775),(783,778,775),(780,776,779),(784,776,780),(778,781,777),(780,779,782),(778,786,781),(780,782,787),(783,788,778),(692,789,783),(783,789,788),(784,780,785),(784,785,790),(778,788,786),(780,787,785),(788,791,786),(785,787,812),(798,796,781),(786,798,781),(786,806,798),(786,791,806),(788,789,794),(785,793,790),(785,812,793),(788,794,791),(789,792,794),(708,790,793),(792,843,794),(708,793,844),(793,813,844),(793,812,813),(791,794,795),(794,843,795),(791,795,817),(787,782,799),(787,807,812),(799,782,797),(798,800,796),(799,797,801),(799,801,809),(798,808,800),(808,804,800),(804,802,800),(805,801,803),(809,801,805),(787,799,807),(798,806,808),(799,809,807),(806,814,808),(807,809,815),(808,810,804),(809,805,811),(808,814,810),(809,811,815),(805,803,823),(805,823,831),(805,831,811),(811,831,837),(812,807,818),(812,818,813),(813,818,853),(807,815,818),(791,817,806),(806,817,814),(811,821,815),(810,814,816),(815,821,819),(817,820,814),(795,852,817),(817,852,820),(818,815,819),(818,819,853),(814,820,816),(816,820,858),(811,837,821),(819,821,822),(821,841,822),(804,824,802),(804,832,824),(804,810,832),(828,823,827),(826,825,824),(832,826,824),(831,823,828),(828,827,829),(826,830,825),(826,834,830),(828,829,886),(832,835,826),(810,836,832),(831,833,837),(832,836,835),(831,828,833),(828,886,833),(826,835,834),(835,900,834),(810,816,836),(816,840,836),(821,837,841),(836,840,839),(833,838,837),(833,901,838),(837,838,841),(835,836,839),(835,839,900),(816,858,840),(858,882,840),(838,903,841),(822,841,883),(840,882,842),(841,903,883),(840,842,839),(792,845,843),(708,844,754),(845,846,843),(754,844,849),(795,843,847),(843,846,847),(770,846,845),(770,865,846),(844,848,849),(844,813,848),(795,847,852),(813,853,848),(848,853,857),(757,849,864),(849,851,864),(846,850,847),(849,848,851),(847,850,856),(848,857,851),(851,857,866),(847,856,852),(819,854,853),(852,856,855),(853,854,857),(820,852,855),(820,855,858),(854,860,857),(856,862,855),(850,871,856),(866,857,860),(856,871,862),(819,822,854),(822,859,854),(855,861,858),(822,883,859),(859,883,950),(855,862,861),(854,859,860),(860,859,863),(862,876,861),(859,950,863),(863,950,943),(846,865,850),(850,865,870),(851,867,864),(864,867,869),(850,870,871),(851,866,867),(867,866,873),(772,868,865),(865,868,870),(869,867,872),(868,1103,870),(1056,869,872),(867,873,872),(870,878,871),(870,1103,878),(872,873,1106),(873,879,1106),(866,860,874),(871,875,862),(860,863,874),(866,874,873),(871,878,875),(862,875,876),(863,877,874),(863,943,877),(875,881,876),(876,881,964),(873,874,879),(878,880,875),(874,877,879),(879,877,1224),(875,880,881),(880,1225,881),(858,861,882),(882,884,946),(842,882,946),(861,884,882),(861,876,884),(876,964,884),(886,829,885),(834,888,830),(886,885,887),(887,885,889),(834,900,891),(886,887,901),(833,886,901),(887,897,902),(887,902,901),(891,890,888),(834,891,888),(891,892,890),(887,889,897),(900,907,891),(891,907,892),(892,907,910),(897,889,893),(892,894,890),(892,898,894),(897,893,899),(899,893,895),(899,895,921),(898,896,894),(898,922,896),(892,910,898),(897,899,909),(902,897,909),(898,910,912),(899,921,911),(899,911,909),(898,912,922),(912,932,922),(901,902,904),(838,901,904),(839,905,900),(902,909,906),(904,902,906),(839,842,905),(838,904,903),(903,904,947),(842,948,905),(905,948,908),(904,906,947),(906,954,947),(900,905,907),(907,908,910),(905,908,907),(908,948,959),(906,913,954),(909,911,913),(910,914,912),(906,909,913),(908,914,910),(913,911,915),(912,916,932),(914,916,912),(908,959,914),(913,960,954),(914,959,961),(913,915,960),(914,961,916),(915,978,960),(916,961,979),(921,895,917),(922,918,896),(921,917,923),(922,924,918),(923,917,919),(924,920,918),(923,919,927),(924,928,920),(911,921,931),(921,923,931),(922,932,924),(923,927,933),(924,934,928),(923,933,931),(924,932,934),(927,919,925),(928,926,920),(927,925,929),(928,930,926),(929,925,1985),(930,1986,926),(927,929,937),(928,938,930),(933,927,937),(934,938,928),(929,2001,937),(930,938,2002),(911,931,915),(915,931,936),(932,935,934),(916,935,932),(931,933,936),(936,933,939),(935,940,934),(915,936,978),(936,980,978),(916,979,935),(935,979,981),(936,939,980),(935,981,940),(933,937,939),(934,940,938),(937,941,939),(938,940,942),(937,2001,941),(938,942,2002),(939,941,984),(939,984,980),(940,981,985),(940,985,942),(941,2047,984),(942,985,2048),(877,943,944),(877,944,1224),(881,1225,968),(944,1226,1224),(944,973,1226),(883,903,945),(903,947,945),(883,945,950),(842,946,948),(946,953,948),(947,954,949),(945,947,949),(948,953,959),(884,951,946),(945,952,950),(884,964,951),(943,950,952),(946,951,953),(945,949,952),(952,949,956),(951,967,953),(954,960,955),(949,954,955),(955,960,957),(949,955,956),(953,967,962),(956,955,958),(967,971,962),(955,957,958),(958,957,977),(953,962,959),(959,962,961),(957,960,978),(962,963,961),(961,963,979),(971,963,962),(971,994,963),(951,964,965),(964,968,965),(943,952,966),(952,956,966),(943,966,944),(951,965,967),(965,974,967),(881,968,964),(968,969,965),(944,966,973),(965,969,974),(968,1227,969),(966,956,970),(966,970,973),(956,958,970),(967,974,971),(958,977,972),(971,976,994),(958,972,970),(974,976,971),(970,975,973),(969,1258,974),(973,975,1231),(970,972,975),(975,972,991),(974,1258,976),(976,1258,1283),(978,980,982),(957,978,982),(963,983,979),(979,983,981),(982,980,986),(983,987,981),(957,982,977),(963,994,983),(977,982,990),(983,994,995),(990,982,986),(983,995,987),(980,984,986),(984,988,986),(981,987,985),(987,989,985),(984,2047,988),(985,989,2048),(986,988,998),(990,986,998),(987,999,989),(988,2064,998),(977,990,992),(972,977,992),(976,993,994),(992,990,996),(972,992,991),(976,1283,993),(991,992,1284),(993,1283,1285),(992,996,1284),(993,1285,1000),(993,995,994),(993,1000,995),(990,998,996),(996,998,997),(997,998,2064),(996,997,1290),(996,1290,1284),(1000,1291,1001),(997,2502,1290),(995,999,987),(995,1000,999),(989,999,2065),(999,1001,2065),(999,1000,1001),(733,1006,1003),(369,1008,1002),(1002,1008,1004),(737,1004,1005),(1008,1005,1004),(368,1003,1006),(733,1007,1006),(1006,1007,1012),(369,1009,1008),(368,1006,1010),(1006,1012,1010),(1008,1009,1011),(1008,1011,1005),(1005,1011,1018),(1007,1017,1012),(1011,1028,1018),(737,1005,1013),(1005,1018,1013),(1013,1019,1014),(736,1015,1007),(1007,1015,1017),(1015,1016,1017),(740,1016,1015),(740,1020,1016),(1014,1019,1021),(1016,1020,1024),(1013,1018,1019),(1017,1016,1023),(1018,1037,1019),(1019,1048,1021),(1019,1037,1048),(419,1026,1009),(1009,1026,1011),(1011,1026,1028),(1018,1028,1037),(763,1014,1021),(763,1021,1022),(1021,1049,1022),(1022,1049,1053),(1021,1048,1049),(771,1022,1053),(418,1010,1025),(1010,1012,1025),(1012,1027,1025),(1012,1017,1027),(1017,1023,1027),(1016,1024,1023),(1023,1024,1040),(418,1025,1029),(419,1031,1026),(1025,1030,1029),(1025,1027,1030),(1026,1032,1028),(1027,1039,1030),(1028,1032,1041),(1030,1039,1035),(1026,1031,1032),(1031,1034,1032),(1032,1036,1041),(424,1029,1033),(1029,1030,1033),(425,1034,1031),(424,1033,1081),(1033,1030,1035),(1032,1034,1036),(1033,1035,1083),(1027,1023,1039),(1023,1040,1039),(1028,1041,1037),(1037,1038,1048),(1037,1041,1038),(1039,1040,1042),(1040,1064,1042),(1035,1039,1042),(1036,1043,1041),(1036,1093,1043),(1041,1043,1038),(1038,1043,1067),(1043,1094,1067),(1033,1083,1081),(1035,1044,1083),(1035,1042,1044),(1042,1064,1045),(1042,1045,1044),(766,1047,1020),(1020,1047,1024),(766,773,1046),(766,1046,1047),(1024,1047,1063),(1048,1062,1049),(1024,1063,1040),(1049,1050,1053),(1047,1046,1051),(1047,1051,1063),(1049,1062,1050),(773,1052,1046),(771,1053,1054),(1046,1052,1058),(1053,1057,1054),(1054,1055,868),(1057,1055,1054),(1052,869,1056),(1052,1056,1058),(1050,1057,1053),(1046,1058,1051),(1050,1068,1057),(1051,1058,1074),(1058,1060,1074),(1057,1068,1059),(1057,1059,1055),(1058,1056,1060),(1056,1104,1060),(1060,1104,1061),(1038,1062,1048),(1038,1067,1062),(1040,1063,1064),(1063,1065,1064),(1062,1067,1066),(1051,1065,1063),(1050,1062,1066),(1050,1066,1068),(1051,1074,1065),(1066,1072,1068),(1067,1071,1066),(1064,1065,1070),(1065,1074,1069),(1065,1069,1070),(1045,1064,1070),(1094,1071,1067),(1045,1070,1100),(1066,1071,1072),(1070,1069,1073),(1071,1102,1072),(1070,1073,1100),(1069,1078,1073),(1073,1078,1145),(1060,1075,1074),(1069,1074,1075),(1068,1072,1076),(1059,1068,1076),(1060,1061,1075),(1059,1076,1111),(1069,1075,1078),(1075,1077,1078),(1061,1077,1075),(1061,1236,1077),(1076,1080,1111),(1072,1079,1076),(1072,1102,1079),(1076,1079,1080),(1079,1152,1080),(425,1082,1034),(1034,1082,1084),(1034,1084,1036),(1036,1084,1093),(1043,1093,1094),(442,1081,1086),(1081,1083,1086),(1082,1088,1084),(443,1088,1082),(1083,1087,1086),(1044,1087,1083),(1084,1085,1093),(1088,1085,1084),(442,1086,1089),(1086,1091,1089),(1086,1087,1091),(1087,1096,1091),(443,1090,1088),(1088,1090,1092),(1090,1121,1092),(1088,1092,1085),(1085,1092,1098),(1092,1122,1098),(1044,1097,1087),(1085,1095,1093),(1093,1095,1094),(1044,1045,1097),(1094,1095,1101),(1087,1097,1096),(1045,1100,1097),(1097,1100,1116),(1095,1099,1101),(1096,1097,1116),(1085,1098,1095),(1095,1098,1099),(1094,1101,1071),(1071,1101,1102),(1100,1143,1116),(1073,1143,1100),(1101,1144,1102),(1099,1144,1101),(1102,1144,1151),(1079,1102,1151),(1055,1103,868),(1055,1107,1103),(1055,1059,1107),(1056,872,1104),(872,1106,1104),(878,1103,1105),(1103,1107,1105),(1104,1106,1108),(879,1222,1106),(1108,1106,1222),(1059,1111,1107),(1107,1111,1109),(1107,1109,1105),(1061,1104,1108),(1061,1108,1236),(1105,1109,1110),(1109,1238,1110),(878,1105,880),(880,1110,1225),(880,1105,1110),(1109,1111,1237),(1080,1237,1111),(1109,1237,1238),(1078,1077,1112),(1078,1112,1145),(1077,1241,1112),(1080,1152,1240),(1112,1241,1113),(1089,1091,1114),(578,1089,1114),(583,1121,1090),(1091,1096,1115),(1091,1115,1114),(1092,1121,1122),(578,1114,1123),(1114,1125,1123),(1114,1115,1125),(1115,1119,1125),(1096,1117,1115),(1098,1122,1118),(1096,1116,1117),(1116,1149,1117),(1098,1118,1099),(1099,1118,1147),(1115,1117,1119),(1117,1149,1120),(1118,1128,1147),(1117,1120,1119),(583,1124,1121),(1121,1126,1122),(1121,1124,1126),(1124,1134,1126),(1122,1126,1127),(1126,1131,1127),(1122,1127,1118),(1118,1127,1128),(594,1123,1129),(1123,1125,1129),(596,1134,1124),(1125,1119,1130),(1125,1130,1129),(1126,1134,1131),(594,1129,1132),(1129,1133,1132),(1129,1130,1133),(1130,1139,1133),(596,1135,1134),(1134,1135,1136),(1134,1136,1131),(1131,1136,1142),(1119,1137,1130),(1127,1131,1138),(1119,1120,1137),(1120,1158,1137),(1127,1138,1128),(1128,1138,1171),(1130,1137,1139),(1131,1142,1138),(1137,1158,1140),(1137,1140,1139),(1138,1142,1141),(1138,1141,1171),(1116,1143,1149),(1143,1146,1149),(1073,1145,1143),(1143,1145,1146),(1144,1148,1151),(1145,1153,1146),(1146,1153,1159),(1099,1147,1144),(1144,1147,1148),(1149,1146,1157),(1120,1149,1157),(1147,1150,1148),(1128,1150,1147),(1146,1159,1157),(1148,1150,1156),(1079,1151,1152),(1112,1153,1145),(1148,1154,1151),(1151,1154,1152),(1152,1155,1240),(1112,1113,1153),(1113,1162,1153),(1153,1162,1159),(1152,1154,1155),(1154,1166,1155),(1148,1156,1154),(1154,1156,1166),(1120,1157,1158),(1157,1160,1158),(1157,1159,1160),(1159,1167,1160),(1150,1172,1156),(1156,1172,1165),(1158,1160,1173),(1160,1167,1161),(1160,1161,1173),(1159,1162,1167),(1162,1164,1167),(1113,1163,1162),(1162,1163,1164),(1155,1166,1297),(1166,1170,1297),(1163,1298,1164),(1168,1164,1198),(1164,1298,1198),(1156,1165,1166),(1165,1170,1166),(1167,1164,1168),(1161,1167,1168),(1175,1169,1165),(1169,1305,1170),(1165,1169,1170),(1128,1171,1150),(1150,1171,1172),(1171,1174,1172),(1140,1158,1173),(1141,1174,1171),(1172,1174,1175),(1172,1175,1165),(1132,1133,1176),(1133,1139,1178),(1133,1178,1176),(1135,1177,1136),(630,1132,1176),(631,1177,1135),(1136,1179,1142),(1136,1177,1179),(630,1176,1180),(1176,1182,1180),(631,1181,1177),(1177,1181,1183),(1176,1178,1182),(1178,1187,1182),(1177,1183,1179),(1179,1183,1188),(1139,1184,1178),(1139,1140,1184),(1140,1207,1184),(1184,1185,1187),(1184,1207,1185),(1185,1207,1210),(1142,1179,1186),(1142,1186,1141),(1141,1186,1213),(1178,1184,1187),(1179,1188,1186),(1186,1189,1213),(1186,1188,1189),(1180,1182,1190),(640,1180,1190),(1181,1191,1183),(641,1191,1181),(1182,1187,1192),(1182,1192,1190),(1183,1193,1188),(1183,1191,1193),(640,1190,2355),(1190,2357,2355),(641,2356,1191),(1191,2356,2358),(1190,1192,2357),(1192,2364,2357),(1191,2358,1193),(1193,2358,2365),(1185,1210,1194),(1194,2395,2366),(1187,1185,1195),(1187,1195,1192),(1188,1196,1189),(1188,1193,1196),(1185,1194,1195),(1189,1196,1197),(1192,1195,2364),(1195,2366,2364),(1193,2365,1196),(1196,2365,2367),(1195,1194,2366),(1196,2367,1197),(1197,2367,2399),(1161,1199,1208),(1161,1168,1199),(1168,1200,1199),(1169,1215,1201),(1168,1198,1200),(1198,1302,1200),(1201,1306,1305),(1169,1201,1305),(1199,1200,1202),(1211,1199,1202),(1200,1302,1203),(1201,1204,1306),(1200,1203,1202),(1202,1203,1205),(1202,1205,1218),(1203,1307,1206),(1203,1206,1205),(1204,1221,1312),(1205,2385,2402),(1206,2565,2385),(1205,1206,2385),(1312,2404,2566),(1140,1173,1207),(1173,1208,1207),(1141,1213,1174),(1174,1213,1209),(1161,1208,1173),(1175,1209,1215),(1174,1209,1175),(1207,1208,1210),(1208,1199,1211),(1208,1211,1210),(1209,1212,1215),(1209,1214,1212),(1213,1214,1209),(1189,1214,1213),(1175,1215,1169),(1201,1215,1216),(1212,1216,1215),(1201,1216,1204),(1210,1211,1217),(1194,1210,1217),(1211,1202,1218),(1211,1218,1217),(1212,1219,1220),(1194,1217,2395),(1217,2396,2395),(1217,1218,2396),(1218,2402,2396),(1219,2400,1220),(1220,2400,2403),(1189,1197,1214),(1197,1219,1214),(1214,1219,1212),(1197,2399,1219),(1219,2399,2400),(1216,1220,1221),(1212,1220,1216),(1204,1216,1221),(1218,1205,2402),(1220,2403,1221),(1221,2404,1312),(1221,2403,2404),(1108,1222,1223),(1108,1223,1236),(879,1224,1222),(1110,1228,1225),(1222,1224,1229),(968,1225,1227),(1228,1227,1225),(1224,1226,1229),(1229,1226,1232),(1110,1238,1228),(1222,1229,1223),(1238,1244,1228),(1229,1232,1230),(1223,1229,1230),(1228,1244,1233),(1228,1233,1227),(1227,1233,1257),(973,1231,1226),(1226,1231,1232),(1231,1259,1234),(1230,1232,1251),(1232,1234,1251),(1232,1231,1234),(1233,1235,1257),(1233,1252,1235),(1234,1253,1251),(1234,1259,1261),(1234,1261,1253),(1235,1255,1287),(1077,1236,1241),(1236,1239,1241),(1223,1239,1236),(1237,1243,1238),(1223,1230,1239),(1238,1243,1244),(1239,1230,1245),(1239,1245,1246),(1243,1247,1244),(1080,1240,1237),(1237,1240,1243),(1240,1242,1243),(1241,1239,1246),(1155,1242,1240),(1113,1241,1246),(1242,1247,1243),(1113,1246,1163),(1163,1246,1249),(1246,1245,1249),(1245,1254,1249),(1247,1248,1256),(1242,1248,1247),(1163,1249,1298),(1249,1263,1298),(1249,1254,1263),(1254,1265,1263),(1248,1250,1256),(1230,1251,1245),(1244,1252,1233),(1244,1247,1252),(1245,1251,1254),(1247,1256,1252),(1251,1253,1254),(1252,1256,1255),(1254,1253,1265),(1235,1252,1255),(1250,1269,1256),(1256,1269,1255),(969,1227,1257),(969,1257,1258),(975,1259,1231),(975,991,1259),(1258,1260,1283),(1257,1260,1258),(1235,1260,1257),(1235,1287,1260),(1253,1261,1266),(1261,1262,1266),(1262,1273,1266),(1262,1294,1273),(1275,1294,2507),(1263,1265,1264),(1263,1264,1300),(1264,1277,1303),(1253,1266,1265),(1265,1266,1268),(1255,1267,1287),(1255,1269,1267),(1269,1271,1267),(1267,1274,1288),(1266,1273,1268),(1267,1271,1274),(1269,1270,1271),(1250,1270,1269),(1264,1265,1268),(1264,1268,1277),(1270,1278,1271),(1277,1308,1303),(1277,1280,1308),(1280,2560,1308),(1268,1273,1272),(1273,1294,1275),(1272,1273,1275),(1274,1279,1276),(1272,1275,2480),(1268,1272,1277),(1271,1278,1279),(1272,1280,1277),(1278,1281,1279),(1271,1279,1274),(1272,2480,1280),(1279,2488,1276),(1279,1281,2488),(991,1282,1259),(991,1284,1282),(1259,1282,1261),(1260,1286,1283),(1286,1285,1283),(1282,1284,1289),(1286,1293,1285),(1260,1287,1286),(1261,1282,1262),(1287,1288,1286),(1286,1288,1293),(1262,1282,1289),(1284,1290,1289),(1289,1290,1292),(1000,1285,1291),(1285,1293,1291),(1293,1296,1291),(1290,2502,1292),(1001,1291,2503),(1291,1296,2503),(1262,1289,1294),(1289,1292,1294),(1293,1295,1296),(1288,1295,1293),(1294,1292,2507),(1295,2508,1296),(1267,1288,1287),(1274,1295,1288),(1274,1276,1295),(1276,2508,1295),(1155,1297,1242),(1242,1297,1248),(1248,1297,1299),(1170,1299,1297),(1248,1299,1250),(1170,1305,1299),(1198,1298,1300),(1298,1263,1300),(1299,1305,1301),(1198,1300,1302),(1250,1299,1301),(1250,1301,1270),(1300,1303,1302),(1203,1302,1307),(1302,1303,1307),(1264,1303,1300),(1270,1301,1304),(1301,1306,1304),(1305,1306,1301),(1204,1311,1306),(1306,1311,1304),(1270,1304,1278),(1206,1307,1310),(1307,1308,1310),(1303,1308,1307),(1278,1304,1309),(1304,1311,1309),(1311,1313,1309),(1308,2560,1310),(1309,1313,2561),(1311,1312,1313),(1204,1312,1311),(1206,1310,2565),(1312,2566,1313),(1278,1309,1281),(1281,1309,2561),(1317,1314,1315),(1318,1316,270),(273,1314,1317),(274,1318,270),(1319,1315,1321),(1320,1322,1316),(1317,1315,1319),(1318,1320,1316),(273,1317,1329),(274,1330,1318),(1317,1331,1329),(1318,1330,1332),(1317,1319,1331),(1318,1332,1320),(1319,1337,1331),(1320,1332,1338),(1325,1321,1323),(1326,1324,1322),(1319,1321,1325),(1320,1326,1322),(1327,1323,1343),(1325,1323,1327),(1326,1328,1324),(1328,1344,1324),(1319,1325,1337),(1320,1338,1326),(1325,1339,1337),(1326,1338,1340),(1325,1327,1339),(1326,1340,1328),(1328,1340,1359),(1329,1331,1333),(1330,1334,1332),(285,1329,1333),(286,1334,1330),(1331,1337,1335),(1332,1336,1338),(1333,1331,1335),(1334,1336,1332),(286,1376,1334),(285,1333,1375),(1333,1377,1375),(1334,1376,1378),(1333,1335,1377),(1335,1383,1377),(1334,1378,1336),(1336,1378,1384),(1335,1337,1342),(1336,1341,1338),(1338,1341,1340),(1337,1339,1342),(1339,1362,1342),(1340,1363,1359),(1341,1363,1340),(1335,1342,1383),(1336,1384,1341),(1342,1385,1383),(1342,1362,1385),(1341,1386,1363),(1341,1384,1386),(1348,1343,1345),(1327,1343,1348),(1347,1346,1344),(1328,1347,1344),(1353,1345,1350),(1349,1351,1346),(1347,1349,1346),(1348,1345,1353),(1327,1348,1358),(1327,1358,1339),(1328,1359,1347),(1347,1359,1361),(1348,1360,1358),(1347,1361,1349),(1348,1353,1360),(1349,1361,1368),(1349,1356,1351),(1353,1350,1354),(1354,1350,1352),(1354,1352,1446),(1353,1354,1366),(1360,1353,1366),(1354,1370,1366),(1356,1355,1351),(1446,1352,1438),(1357,1439,1355),(1356,1357,1355),(1349,1368,1356),(1356,1368,1369),(1356,1369,1357),(1354,1446,1370),(1357,1369,1448),(1339,1358,1362),(1358,1364,1362),(1359,1363,1365),(1358,1360,1364),(1359,1365,1361),(1360,1367,1364),(1361,1365,1371),(1363,1405,1365),(1385,1362,1404),(1386,1405,1363),(1362,1364,1404),(1364,1406,1404),(1365,1405,1409),(1364,1367,1406),(1365,1409,1371),(1360,1366,1367),(1366,1372,1367),(1366,1370,1372),(1367,1414,1406),(1361,1371,1368),(1368,1371,1373),(1368,1373,1369),(1370,1451,1372),(1369,1373,1452),(1371,1415,1373),(1367,1372,1414),(1371,1409,1415),(1373,1374,1452),(1372,1451,1455),(1372,1455,1414),(1373,1415,1374),(332,1375,1379),(1375,1377,1379),(1376,1380,1378),(333,1380,1376),(1379,1377,1381),(1377,1383,1381),(1378,1382,1384),(1380,1382,1378),(332,1379,1390),(333,1391,1380),(1380,1391,1393),(1380,1393,1382),(1379,1381,1392),(1382,1393,1400),(1381,1383,1387),(1382,1388,1384),(1384,1388,1386),(1383,1385,1387),(1385,1407,1387),(1386,1388,1410),(1382,1400,1388),(1381,1387,1398),(1388,1389,1410),(1387,1399,1398),(1388,1400,1389),(1387,1407,1399),(1379,1392,1390),(1390,1392,1394),(1381,1398,1392),(1392,1398,1395),(343,1390,1394),(1394,1392,1395),(345,1396,1391),(1391,1396,1393),(1393,1397,1400),(1393,1396,1397),(345,1666,1396),(343,1394,1665),(1396,1666,1669),(1396,1669,1397),(1394,1395,1668),(1397,1669,1678),(1395,1398,1401),(1398,1399,1401),(1397,1402,1400),(1389,1400,1402),(1399,1426,1401),(1389,1402,1424),(1397,1678,1402),(1395,1401,1677),(1402,1403,1424),(1401,1679,1677),(1402,1678,1403),(1401,1426,1679),(1386,1410,1405),(1385,1404,1407),(1404,1408,1407),(1404,1406,1408),(1406,1419,1408),(1399,1407,1423),(1407,1408,1423),(1405,1410,1412),(1405,1412,1409),(1409,1412,1416),(1410,1411,1412),(1389,1411,1410),(1408,1419,1430),(1412,1413,1416),(1408,1430,1423),(1411,1413,1412),(1409,1416,1415),(1406,1414,1419),(1416,1418,1415),(1414,1455,1417),(1414,1417,1419),(1374,1415,1418),(1374,1418,1506),(1418,1422,1506),(1419,1421,1430),(1416,1420,1418),(1413,1420,1416),(1419,1417,1421),(1420,1422,1418),(1417,1508,1421),(1420,1436,1422),(1421,1508,1433),(1399,1423,1426),(1389,1424,1411),(1423,1428,1426),(1411,1424,1425),(1423,1430,1428),(1411,1425,1413),(1413,1425,1431),(1425,1429,1431),(1426,1428,1707),(1426,1707,1679),(1403,1427,1424),(1424,1427,1425),(1427,1429,1425),(1427,1711,1429),(1428,1434,1707),(1421,1432,1430),(1428,1430,1432),(1413,1431,1420),(1420,1431,1436),(1431,1437,1436),(1421,1433,1432),(1432,1433,1435),(1428,1432,1434),(1429,1437,1431),(1432,1435,1434),(1434,1435,1717),(1433,1530,1435),(1436,1437,1527),(1429,1716,1437),(1437,1716,1719),(1437,1719,1527),(1435,1530,1718),(1443,1438,1442),(1357,1441,1439),(1446,1438,1443),(1441,1440,1439),(1443,1442,1444),(1441,1445,1440),(1441,1450,1445),(1443,1444,1449),(1446,1443,1447),(1370,1446,1447),(1357,1448,1441),(1441,1448,1450),(1447,1443,1449),(1447,1449,1454),(1448,1453,1450),(1449,1469,1454),(1461,1444,1459),(1449,1444,1461),(1449,1461,1469),(1370,1447,1451),(1447,1454,1451),(1369,1452,1448),(1448,1452,1453),(1452,1456,1453),(1451,1454,1457),(1456,1474,1453),(1454,1476,1457),(1451,1457,1455),(1374,1456,1452),(1374,1506,1456),(1455,1457,1507),(1456,1506,1475),(1457,1476,1509),(1457,1509,1507),(1454,1469,1476),(1460,1458,1445),(1450,1460,1445),(1450,1468,1460),(1450,1453,1468),(1460,1462,1458),(1461,1459,1463),(1460,1470,1462),(1461,1463,1471),(1471,1463,1467),(1466,1464,1462),(1467,1463,1465),(1466,1485,1464),(1470,1466,1462),(1460,1468,1470),(1461,1471,1469),(1468,1477,1470),(1469,1471,1478),(1470,1477,1472),(1471,1473,1478),(1470,1472,1466),(1471,1467,1473),(1466,1472,1493),(1466,1493,1485),(1472,1483,1493),(1453,1474,1468),(1456,1475,1474),(1474,1475,1480),(1474,1477,1468),(1474,1480,1477),(1469,1478,1476),(1472,1477,1481),(1473,1482,1478),(1473,1499,1482),(1476,1478,1479),(1476,1479,1509),(1477,1480,1481),(1480,1516,1481),(1479,1478,1482),(1479,1482,1518),(1482,1503,1518),(1472,1481,1483),(1481,1484,1483),(1481,1516,1484),(1467,1465,1486),(1467,1486,1494),(1467,1494,1473),(1473,1494,1499),(1488,1487,1485),(1490,1486,1489),(1493,1488,1485),(1494,1486,1490),(1488,1491,1487),(1488,1497,1491),(1490,1489,1492),(1490,1492,1498),(1498,1492,1551),(1493,1496,1488),(1494,1490,1495),(1483,1496,1493),(1494,1495,1499),(1488,1496,1497),(1496,1500,1497),(1495,1490,1498),(1495,1498,1501),(1498,1554,1501),(1482,1499,1503),(1483,1504,1496),(1495,1502,1499),(1496,1504,1500),(1495,1501,1502),(1499,1502,1503),(1483,1484,1504),(1503,1502,1545),(1500,1504,1568),(1484,1544,1504),(1504,1544,1568),(1502,1505,1545),(1502,1501,1505),(1417,1455,1507),(1417,1507,1508),(1507,1509,1512),(1507,1512,1508),(1508,1512,1526),(1433,1508,1526),(1506,1510,1475),(1422,1510,1506),(1475,1510,1517),(1475,1517,1480),(1509,1515,1512),(1422,1511,1510),(1422,1436,1511),(1510,1514,1517),(1512,1515,1513),(1512,1513,1526),(1511,1514,1510),(1479,1515,1509),(1479,1518,1515),(1480,1517,1516),(1517,1519,1516),(1515,1518,1520),(1520,1518,1522),(1514,1519,1517),(1513,1515,1520),(1513,1520,1536),(1514,1537,1519),(1520,1524,1536),(1516,1519,1521),(1484,1516,1521),(1518,1503,1522),(1484,1521,1544),(1521,1525,1544),(1519,1523,1521),(1519,1537,1523),(1520,1522,1524),(1523,1525,1521),(1522,1546,1524),(1523,1539,1525),(1525,1539,1613),(1436,1527,1511),(1511,1527,1529),(1433,1526,1530),(1526,1528,1530),(1513,1528,1526),(1511,1529,1514),(1513,1536,1528),(1514,1529,1537),(1529,1534,1537),(1528,1536,1533),(1530,1528,1531),(1718,1530,1531),(1527,1532,1529),(1719,1532,1527),(1531,1528,1533),(1532,1534,1529),(1532,1885,1534),(1534,1885,1535),(1523,1537,1538),(1536,1524,1541),(1534,1538,1537),(1523,1538,1539),(1538,1542,1539),(1524,1546,1540),(1524,1540,1541),(1533,1536,1541),(1534,1535,1538),(1533,1541,1891),(1535,1542,1538),(1535,1895,1542),(1541,1543,1891),(1541,1540,1543),(1540,1630,1543),(1522,1503,1545),(1522,1545,1546),(1544,1608,1568),(1505,1609,1545),(1525,1608,1544),(1545,1609,1546),(1546,1609,1626),(1540,1546,1626),(1548,1547,1491),(1551,1492,1550),(1497,1548,1491),(1548,1552,1547),(1548,1555,1552),(1497,1549,1548),(1498,1551,1554),(1497,1500,1549),(1548,1549,1555),(1549,1567,1555),(1551,1550,1553),(1551,1553,1556),(1556,1553,1561),(1551,1556,1554),(1554,1556,1572),(1556,1564,1572),(1558,1557,1552),(1561,1553,1560),(1555,1558,1552),(1558,1559,1557),(1558,1565,1559),(1561,1560,1562),(1561,1562,1566),(1555,1563,1558),(1556,1561,1564),(1567,1563,1555),(1558,1563,1565),(1563,1574,1565),(1564,1561,1566),(1564,1566,1575),(1500,1569,1549),(1501,1554,1570),(1549,1569,1567),(1500,1568,1569),(1501,1570,1505),(1568,1611,1569),(1505,1570,1610),(1569,1571,1567),(1569,1611,1571),(1570,1573,1610),(1570,1554,1572),(1570,1572,1573),(1567,1576,1563),(1572,1564,1577),(1563,1576,1574),(1564,1575,1577),(1567,1571,1576),(1572,1577,1573),(1571,1616,1576),(1573,1577,1621),(1576,1578,1574),(1577,1575,1579),(1576,1616,1578),(1577,1579,1621),(1565,1582,1559),(1582,1580,1559),(1583,1562,1581),(1566,1562,1583),(1582,1584,1580),(1583,1581,1585),(1582,1588,1584),(1583,1585,1589),(1565,1586,1582),(1565,1574,1586),(1566,1583,1587),(1566,1587,1575),(1582,1586,1588),(1583,1589,1587),(1586,1597,1588),(1587,1589,1598),(1592,1590,1584),(1593,1585,1591),(1588,1592,1584),(1589,1585,1593),(1592,2110,1590),(1593,1591,2111),(1592,2116,2110),(1593,2111,2117),(1588,1594,1592),(1589,1593,1595),(1588,1597,1594),(1589,1595,1598),(1592,1594,2116),(1593,2117,1595),(1594,2130,2116),(1595,2117,2131),(1574,1596,1586),(1596,1599,1597),(1575,1587,1600),(1586,1596,1597),(1587,1598,1600),(1574,1578,1596),(1578,1641,1596),(1596,1641,1599),(1599,1641,1642),(1579,1575,1600),(1579,1600,1643),(1600,1598,1601),(1600,1601,1643),(1597,1602,1594),(1598,1595,1603),(1599,1602,1597),(1598,1603,1601),(1594,1602,2130),(1595,2131,1603),(1602,2135,2130),(1603,2131,2136),(1599,1642,1604),(1604,2179,2135),(1599,1604,1602),(1601,1603,1605),(1604,2135,1602),(1603,2136,1605),(1605,2136,2181),(1539,1606,1613),(1542,1606,1539),(1542,1898,1606),(1543,1630,1897),(1606,1898,1607),(1568,1608,1611),(1608,1614,1611),(1505,1610,1609),(1609,1610,1615),(1571,1611,1617),(1573,1612,1610),(1614,1617,1611),(1610,1612,1615),(1525,1613,1608),(1608,1613,1614),(1609,1615,1626),(1613,1627,1614),(1614,1627,1619),(1614,1619,1617),(1615,1612,1629),(1571,1617,1616),(1617,1618,1616),(1616,1618,1622),(1617,1619,1618),(1612,1624,1629),(1619,1634,1618),(1629,1624,1633),(1618,1620,1622),(1618,1634,1620),(1573,1621,1612),(1612,1621,1624),(1578,1616,1622),(1579,1623,1621),(1621,1623,1624),(1624,1623,1625),(1633,1624,1625),(1606,1627,1613),(1615,1628,1626),(1540,1626,1630),(1626,1628,1630),(1627,1632,1619),(1606,1607,1627),(1607,1632,1627),(1615,1629,1628),(1628,1629,1639),(1630,1631,1897),(1630,1628,1631),(1628,1639,1631),(1619,1632,1634),(1632,1638,1634),(1629,1633,1639),(1620,1634,1635),(1633,1625,1636),(1638,1635,1634),(1607,1637,1632),(1632,1637,1638),(1631,1639,1949),(1639,1640,1949),(1638,1654,1635),(1637,1950,1638),(1638,1950,1654),(1633,1640,1639),(1633,1636,1640),(1636,1954,1640),(1620,1652,1645),(1578,1622,1641),(1579,1643,1623),(1622,1645,1641),(1623,1643,1646),(1641,1645,1642),(1601,1644,1643),(1646,1643,1644),(1620,1645,1622),(1623,1646,1625),(1625,1646,1661),(1645,1647,1642),(1646,1644,1648),(1652,1647,1645),(1646,1648,1661),(1604,1642,1649),(1642,1647,1649),(1604,1649,2179),(1649,2182,2179),(1601,1605,1644),(1605,1651,1644),(1605,2181,1651),(1651,2181,2184),(1647,1650,1649),(1653,1650,1647),(1648,1651,1663),(1649,1650,2182),(1650,2204,2182),(1651,2184,1663),(1663,2184,2205),(1648,1644,1651),(1620,1635,1652),(1635,1655,1652),(1636,1661,1656),(1652,1653,1647),(1652,1655,1653),(1635,1654,1655),(1636,1656,1954),(1654,1953,1655),(1656,1955,1954),(1655,1657,1653),(1655,1953,1657),(1656,1658,1955),(1653,1659,1650),(1653,1657,1659),(1659,2195,2204),(1657,1660,1659),(1657,1959,1660),(1658,1664,1961),(1659,1660,2195),(1660,2640,2195),(1961,2207,2641),(1636,1625,1661),(1648,1662,1661),(1656,1661,1662),(1656,1662,1658),(1648,1663,1662),(1662,1663,1664),(1659,2204,1650),(1663,2205,1664),(1658,1662,1664),(1664,2205,2207),(1664,2207,1961),(1394,1668,1665),(499,1665,1671),(1665,1668,1671),(1666,1667,1669),(495,1667,1666),(1395,1677,1668),(1671,1668,1674),(1668,1677,1674),(1669,1670,1678),(1667,1670,1669),(499,1671,1672),(495,1673,1667),(1667,1673,1675),(1671,1676,1672),(1671,1674,1676),(1667,1675,1670),(1670,1675,1684),(1676,1674,1681),(1674,1677,1682),(1670,1680,1678),(1677,1679,1682),(1403,1678,1680),(1403,1680,1709),(1679,1708,1682),(1680,1685,1709),(1670,1684,1680),(1674,1682,1681),(1680,1684,1685),(1682,1708,1683),(1681,1682,1683),(515,1672,1687),(1672,1676,1687),(1676,1690,1687),(1676,1681,1690),(1681,1683,1699),(1673,1686,1675),(1675,1689,1684),(1689,1700,1684),(1684,1700,1685),(1685,1700,1726),(514,1686,1673),(515,1687,1692),(514,1688,1686),(1686,1688,1691),(1675,1686,1689),(1687,1690,1695),(1686,1691,1689),(1689,1691,1698),(1687,1695,1692),(1692,1695,1693),(520,1694,1688),(1688,1694,1691),(519,1692,1693),(1690,1702,1695),(1694,1697,1691),(1691,1697,1698),(1695,1702,1696),(1693,1695,1696),(520,1746,1694),(1694,1746,1749),(1694,1749,1697),(1697,1749,1757),(1689,1698,1700),(1681,1699,1690),(1690,1699,1702),(1683,1725,1699),(1702,1699,1704),(1699,1725,1704),(1700,1701,1726),(1698,1701,1700),(1697,1705,1698),(1698,1705,1701),(1696,1702,1703),(1702,1704,1703),(1703,1704,1732),(1697,1757,1705),(1701,1705,1706),(1705,1761,1706),(1679,1707,1708),(1403,1709,1427),(1427,1709,1711),(1708,1707,1710),(1434,1710,1707),(1683,1708,1713),(1708,1710,1713),(1434,1717,1710),(1709,1712,1711),(1429,1711,1716),(1711,1715,1716),(1685,1712,1709),(1683,1713,1725),(1685,1726,1712),(1712,1726,1729),(1710,1714,1713),(1712,1715,1711),(1713,1714,1728),(1712,1729,1715),(1715,1729,1721),(1716,1720,1719),(1715,1720,1716),(1435,1718,1717),(1717,1718,1722),(1719,1723,1532),(1720,1723,1719),(1718,1884,1722),(1710,1717,1714),(1714,1717,1722),(1715,1721,1720),(1714,1722,1737),(1721,1724,1720),(1720,1724,1723),(1722,1884,1739),(1722,1739,1737),(1723,1724,1889),(1724,1740,1889),(1713,1728,1725),(1726,1727,1729),(1701,1727,1726),(1725,1728,1730),(1714,1737,1728),(1729,1731,1721),(1727,1731,1729),(1730,1728,1734),(1728,1737,1734),(1704,1725,1730),(1704,1730,1732),(1701,1706,1727),(1706,1733,1727),(1730,1735,1732),(1706,1764,1733),(1733,1764,1828),(1727,1733,1731),(1730,1734,1735),(1733,1736,1731),(1735,1734,1744),(1733,1828,1736),(1736,1828,1767),(1731,1738,1721),(1721,1738,1724),(1737,1739,1742),(1734,1737,1742),(1731,1736,1738),(1724,1738,1740),(1742,1739,1741),(1738,1743,1740),(1743,1909,1740),(1734,1742,1744),(1736,1743,1738),(1742,1745,1744),(1736,1767,1743),(1744,1745,1841),(1742,1741,1745),(1741,1913,1745),(519,1693,1747),(1693,1750,1747),(1693,1696,1750),(534,1748,1746),(1746,1748,1749),(537,1747,1752),(1747,1750,1752),(534,1753,1748),(1696,1758,1750),(1749,1751,1757),(1752,1750,1755),(1750,1758,1755),(1748,1751,1749),(1748,1770,1751),(537,1752,1754),(1752,1756,1754),(1748,1753,1770),(1752,1755,1756),(1756,1755,1774),(1696,1703,1758),(1703,1760,1758),(1705,1757,1761),(1758,1760,1762),(1757,1759,1761),(1751,1759,1757),(1751,1773,1759),(1703,1732,1760),(1760,1732,1765),(1706,1761,1764),(1761,1772,1764),(1759,1772,1761),(1760,1765,1763),(1755,1758,1762),(1755,1762,1774),(1762,1760,1763),(1732,1735,1765),(1765,1766,1830),(1735,1766,1765),(1735,1744,1766),(1763,1765,1830),(1744,1841,1766),(1743,1767,1768),(1743,1768,1909),(1745,1913,1844),(1768,1914,1909),(1768,1848,1914),(1753,1769,1770),(1754,1756,1779),(1769,1771,1770),(1769,1780,1771),(1770,1771,1773),(1751,1770,1773),(1756,1774,1782),(1771,1786,1775),(1771,1775,1773),(1759,1773,1776),(1773,1775,1776),(1762,1777,1774),(1775,1793,1778),(1775,1778,1776),(1759,1776,1772),(1762,1763,1777),(1772,1776,1831),(1763,1833,1777),(1776,1778,1831),(1777,1833,1792),(1778,1836,1831),(1778,1796,1836),(1779,1782,1781),(1756,1782,1779),(1771,1780,1786),(1781,1782,1783),(1782,1774,1791),(1782,1791,1783),(1783,1791,1794),(1780,1784,1786),(1784,1787,1786),(1781,1783,1788),(1783,1790,1788),(1784,1785,1787),(1785,1801,1787),(1786,1787,1793),(1786,1793,1775),(1783,1794,1790),(1787,1801,1795),(1787,1795,1793),(1788,1790,1789),(1789,1790,1806),(1790,1794,1799),(1790,1799,1806),(1799,1817,1806),(1774,1777,1791),(1791,1792,1794),(1777,1792,1791),(1792,1833,1854),(1793,1795,1796),(1778,1793,1796),(1794,1797,1799),(1792,1797,1794),(1795,1798,1796),(1792,1854,1797),(1796,1855,1836),(1797,1854,1856),(1796,1798,1855),(1798,1866,1855),(1797,1856,1800),(1800,1856,1867),(1799,1800,1817),(1799,1797,1800),(1785,1802,1801),(1795,1801,1815),(1802,1807,1801),(1789,1806,1803),(1803,1806,1808),(1802,1804,1807),(1804,1811,1807),(1803,1808,1805),(1805,1808,1812),(1801,1807,1815),(1806,1817,1808),(1807,1811,1818),(1807,1818,1815),(1808,1819,1812),(1808,1817,1819),(1804,1809,1811),(1809,1813,1811),(1805,1812,1810),(1810,1812,1814),(1809,2355,1813),(1810,1814,2356),(1811,1813,1821),(1811,1821,1818),(1812,1822,1814),(1812,1819,1822),(1813,2371,1821),(1814,1822,2372),(1795,1815,1798),(1798,1815,1816),(1815,1818,1816),(1798,1816,1866),(1816,1868,1866),(1816,1823,1868),(1800,1820,1817),(1817,1820,1819),(1818,1823,1816),(1819,1820,1824),(1800,1867,1820),(1820,1867,1871),(1820,1871,1824),(1823,1825,1872),(1823,1872,1868),(1825,2424,1872),(1818,1821,1823),(1821,1825,1823),(1819,1824,1822),(1822,1824,1826),(1821,2371,1825),(1822,1826,2372),(1824,1871,1876),(1824,1876,1826),(1826,1876,2429),(1764,1827,1828),(1764,1772,1827),(1772,1831,1827),(1827,1829,1828),(1767,1828,1829),(1766,1834,1830),(1766,1841,1834),(1827,1832,1829),(1832,1837,1829),(1763,1830,1833),(1830,1835,1833),(1831,1836,1832),(1827,1831,1832),(1833,1835,1854),(1830,1834,1835),(1834,1846,1835),(1836,1855,1838),(1832,1836,1838),(1838,1855,1840),(1832,1838,1837),(1838,1839,1837),(1835,1846,1857),(1857,1846,1851),(1838,1840,1839),(1840,1859,1839),(1841,1844,1843),(1834,1841,1843),(1767,1829,1842),(1767,1842,1768),(1829,1837,1842),(1745,1844,1841),(1768,1842,1848),(1844,1915,1845),(1843,1844,1845),(1843,1845,1852),(1834,1843,1846),(1843,1852,1846),(1842,1847,1848),(1837,1847,1842),(1847,1849,1848),(1848,1849,1917),(1845,1968,1852),(1847,1850,1849),(1850,1860,1849),(1837,1839,1847),(1846,1852,1851),(1839,1859,1850),(1839,1850,1847),(1851,1853,1878),(1851,1852,1853),(1852,1968,1853),(1853,1968,1975),(1835,1857,1854),(1854,1857,1856),(1840,1855,1866),(1856,1857,1858),(1856,1858,1867),(1857,1851,1858),(1858,1851,1878),(1850,1859,1862),(1859,1861,1862),(1853,1863,1878),(1861,1864,1862),(1850,1862,1860),(1860,1862,1971),(1853,1975,1863),(1863,1975,1976),(1862,1864,1971),(1863,1976,1882),(1861,1880,1864),(1864,1880,1865),(1865,1880,2438),(1864,1865,1982),(1864,1982,1971),(1882,1983,1883),(1865,2666,1982),(1866,1868,1869),(1840,1866,1869),(1858,1870,1867),(1867,1870,1871),(1868,1873,1869),(1871,1870,1874),(1840,1869,1859),(1859,1869,1861),(1858,1878,1870),(1870,1878,1879),(1869,1873,1861),(1870,1879,1874),(1868,1872,1873),(1872,1875,1873),(1872,2424,1875),(1873,1875,1880),(1873,1880,1861),(1874,1881,1877),(1875,2438,1880),(1871,1874,1876),(1876,1874,1877),(1876,1877,2429),(1863,1879,1878),(1863,1882,1879),(1879,1882,1881),(1874,1879,1881),(1881,1883,2439),(1877,1881,2439),(1881,1882,1883),(1718,1531,1884),(1531,1886,1884),(1531,1533,1886),(1723,1885,1532),(1723,1889,1885),(1885,1889,1887),(1533,1891,1886),(1886,1891,1890),(1535,1885,1887),(1535,1887,1895),(1884,1886,1888),(1739,1884,1888),(1889,1893,1887),(1740,1893,1889),(1888,1886,1890),(1888,1890,1892),(1890,1900,1892),(1543,1896,1891),(1890,1891,1896),(1890,1896,1900),(1739,1888,1741),(1741,1888,1892),(1741,1892,1913),(1887,1894,1895),(1887,1893,1894),(1542,1895,1898),(1895,1901,1898),(1543,1897,1896),(1896,1897,1902),(1631,1899,1897),(1607,1898,1903),(1897,1899,1902),(1901,1903,1898),(1894,1901,1895),(1896,1902,1900),(1901,1904,1903),(1894,1912,1901),(1900,1902,1921),(1912,1904,1901),(1902,1906,1921),(1899,1906,1902),(1607,1903,1637),(1637,1903,1907),(1637,1907,1950),(1907,1928,1950),(1904,1907,1903),(1899,1905,1906),(1904,1924,1907),(1906,1905,1926),(1907,1924,1928),(1924,1932,1928),(1905,1908,1926),(1740,1909,1893),(1893,1909,1911),(1892,1910,1913),(1909,1914,1911),(1914,1916,1911),(1892,1900,1910),(1893,1911,1894),(1910,1900,1921),(1911,1916,1912),(1894,1911,1912),(1910,1921,1918),(1913,1910,1915),(1844,1913,1915),(1915,1910,1918),(1915,1918,1966),(1912,1916,1922),(1916,1919,1922),(1919,1925,1922),(1914,1917,1916),(1848,1917,1914),(1917,1967,1919),(1917,1919,1916),(1918,1923,1920),(1918,1920,1966),(1919,1930,1925),(1919,1967,1930),(1920,1927,1972),(1912,1922,1904),(1921,1906,1923),(1904,1922,1924),(1906,1926,1923),(1918,1921,1923),(1922,1925,1924),(1925,1932,1924),(1923,1926,1927),(1908,1934,1926),(1927,1926,1934),(1920,1923,1927),(1928,1929,1952),(1928,1932,1929),(1929,1940,1957),(1940,1963,1957),(1940,1942,1963),(1942,2644,1963),(1925,1930,1936),(1930,1931,1936),(1931,1944,1936),(1931,1979,1944),(1946,1979,2661),(1925,1936,1932),(1932,1936,1933),(1908,1935,1934),(1934,1935,1938),(1929,1932,1933),(1929,1933,1940),(1935,1941,1938),(1927,1934,1937),(1937,1934,1938),(1927,1937,1972),(1936,1944,1933),(1937,1945,1974),(1937,1938,1945),(1933,1944,1939),(1939,1942,1940),(1933,1939,1940),(1938,1941,1948),(1941,1943,1948),(1939,2584,1942),(1939,1944,1946),(1944,1979,1946),(1945,1948,1947),(1939,1946,2584),(1938,1948,1945),(1947,1948,2594),(1948,1943,2594),(1631,1949,1899),(1899,1949,1905),(1905,1949,1951),(1640,1951,1949),(1640,1954,1951),(1905,1951,1908),(1654,1950,1952),(1654,1952,1953),(1928,1952,1950),(1951,1954,1956),(1657,1953,1959),(1952,1957,1953),(1953,1957,1959),(1956,1954,1955),(1658,1962,1955),(1958,1955,1962),(1908,1951,1956),(1908,1956,1935),(1929,1957,1952),(1956,1955,1958),(1935,1956,1958),(1660,1959,1960),(1959,1963,1960),(1658,1961,1962),(1962,1961,1965),(1660,1960,2640),(1961,2641,1965),(1957,1963,1959),(1958,1962,1964),(1964,1962,1965),(1941,1958,1964),(1963,2644,1960),(1964,1965,2645),(1935,1958,1941),(1941,1964,1943),(1943,1964,2645),(1845,1915,1966),(1845,1966,1968),(1849,1967,1917),(1849,1860,1967),(1968,1969,1975),(1966,1969,1968),(1920,1969,1966),(1920,1972,1969),(1860,1970,1967),(1967,1970,1930),(1860,1971,1970),(1969,1973,1975),(1970,1971,1977),(1930,1970,1931),(1973,1972,1974),(1969,1972,1973),(1931,1970,1977),(1973,1974,1981),(1975,1973,1976),(1976,1973,1981),(1971,1982,1977),(1977,1982,1978),(1982,2666,1978),(1931,1977,1979),(1977,1978,1979),(1981,1980,1984),(1974,1980,1981),(1978,2661,1979),(1980,2662,1984),(1976,1981,1983),(1983,1981,1984),(1882,1976,1983),(1983,1984,2667),(1883,1983,2667),(1937,1974,1972),(1945,1980,1974),(1945,1947,1980),(1947,2662,1980),(1989,1985,1987),(1990,1988,1986),(929,1985,1989),(930,1990,1986),(1991,1987,1993),(1992,1994,1988),(1989,1987,1991),(1990,1992,1988),(929,1989,2001),(930,2002,1990),(1989,2003,2001),(1990,2002,2004),(1989,1991,2003),(1990,2004,1992),(1991,2009,2003),(1992,2004,2010),(1997,1993,1995),(1998,1996,1994),(1991,1993,1997),(1992,1998,1994),(1999,1995,2015),(2000,2016,1996),(1997,1995,1999),(1998,2000,1996),(1991,1997,2009),(1992,2010,1998),(1997,2011,2009),(1998,2010,2012),(1999,2030,2011),(1997,1999,2011),(1998,2012,2000),(2001,2003,2005),(2002,2006,2004),(941,2001,2005),(942,2006,2002),(2003,2009,2007),(2004,2008,2010),(2005,2003,2007),(2006,2008,2004),(2005,2049,2047),(941,2005,2047),(942,2048,2006),(2006,2048,2050),(2005,2007,2049),(2007,2056,2049),(2006,2050,2008),(2008,2050,2057),(2013,2009,2011),(2007,2009,2013),(2008,2014,2010),(2011,2030,2034),(2013,2011,2034),(2010,2014,2012),(2012,2014,2035),(2007,2013,2056),(2008,2057,2014),(2013,2034,2058),(2013,2058,2056),(2014,2057,2059),(2014,2059,2035),(2019,2015,2017),(1999,2015,2019),(2021,2018,2016),(2000,2021,2016),(2020,2017,2025),(2028,2026,2018),(2019,2017,2020),(2021,2028,2018),(1999,2019,2030),(2019,2032,2030),(2000,2031,2021),(2000,2012,2031),(2019,2020,2032),(2021,2033,2028),(2020,2038,2032),(2021,2031,2033),(2023,2025,2022),(2024,2022,2272),(2279,2273,2027),(2023,2022,2024),(2020,2023,2038),(2023,2039,2038),(2023,2024,2039),(2040,2279,2029),(2024,2278,2039),(2020,2025,2023),(2028,2029,2026),(2029,2027,2026),(2029,2279,2027),(2028,2045,2029),(2033,2045,2028),(2040,2029,2045),(2036,2041,2078),(2030,2036,2034),(2012,2035,2031),(2031,2035,2037),(2030,2032,2036),(2031,2037,2033),(2032,2041,2036),(2033,2037,2046),(2034,2036,2083),(2058,2034,2083),(2059,2084,2035),(2035,2084,2037),(2036,2078,2083),(2037,2084,2085),(2037,2085,2046),(2032,2038,2041),(2038,2043,2041),(2038,2039,2043),(2039,2283,2043),(2040,2044,2284),(2041,2043,2088),(2044,2046,2089),(2041,2088,2078),(2042,2043,2283),(2044,2288,2284),(2042,2088,2043),(2044,2089,2288),(2033,2046,2045),(2044,2045,2046),(2040,2045,2044),(2046,2085,2089),(2047,2049,2051),(988,2047,2051),(989,2052,2048),(2048,2052,2050),(2049,2056,2053),(2051,2049,2053),(2052,2054,2050),(2054,2057,2050),(988,2051,2064),(989,2065,2052),(2051,2066,2064),(2051,2053,2066),(2052,2067,2054),(2053,2070,2066),(2053,2056,2060),(2054,2061,2057),(2056,2058,2060),(2057,2061,2059),(2058,2079,2060),(2059,2061,2086),(2053,2060,2070),(2054,2074,2061),(2055,2060,2079),(2055,2070,2060),(2061,2074,2075),(2061,2075,2086),(997,2064,2062),(2062,2064,2066),(2063,2066,2070),(2062,2066,2063),(997,2062,2502),(1001,2503,2068),(2062,2505,2502),(2062,2063,2505),(2068,2506,2069),(2063,2513,2505),(2052,2065,2067),(2065,2068,2067),(2054,2067,2074),(2067,2069,2074),(1001,2068,2065),(2068,2069,2067),(2063,2070,2072),(2055,2072,2070),(2055,2098,2072),(2073,2101,2075),(2063,2072,2513),(2069,2514,2073),(2071,2072,2098),(2071,2513,2072),(2073,2514,2516),(2073,2516,2101),(2069,2073,2074),(2073,2075,2074),(2076,2331,2077),(2077,2527,2102),(2077,2529,2527),(2077,2331,2529),(2109,2530,2336),(2079,2083,2081),(2078,2081,2083),(2078,2090,2081),(2079,2081,2080),(2055,2079,2080),(2081,2090,2082),(2087,2106,2094),(2080,2081,2082),(2097,2106,2087),(2058,2083,2079),(2059,2086,2084),(2084,2086,2087),(2084,2087,2085),(2085,2087,2094),(2075,2097,2086),(2097,2087,2086),(2078,2088,2090),(2085,2094,2089),(2090,2088,2091),(2042,2091,2088),(2042,2346,2091),(2091,2346,2095),(2089,2092,2288),(2089,2094,2092),(2093,2090,2091),(2082,2090,2093),(2094,2106,2096),(2093,2091,2095),(2092,2096,2348),(2076,2093,2095),(2096,2107,2348),(2094,2096,2092),(2055,2080,2098),(2075,2101,2097),(2080,2099,2098),(2097,2101,2103),(2082,2104,2099),(2099,2104,2102),(2080,2082,2099),(2097,2103,2106),(2071,2098,2100),(2100,2098,2099),(2101,2555,2103),(2101,2516,2555),(2100,2099,2102),(2100,2102,2520),(2103,2555,2108),(2082,2093,2104),(2076,2104,2093),(2076,2077,2104),(2096,2106,2105),(2103,2105,2106),(2096,2105,2107),(2105,2109,2107),(2077,2102,2104),(2103,2108,2105),(2105,2108,2109),(2108,2528,2109),(2107,2109,2336),(2114,2112,2110),(2115,2111,2113),(2116,2114,2110),(2117,2111,2115),(2114,2120,2112),(2115,2113,2121),(2114,2126,2120),(2115,2121,2127),(2116,2118,2114),(2117,2115,2119),(2116,2130,2118),(2117,2119,2131),(2114,2118,2126),(2115,2127,2119),(2118,2139,2126),(2119,2127,2140),(2124,2153,2147),(2124,2122,2120),(2125,2121,2123),(2126,2124,2120),(2127,2121,2125),(2124,2147,2122),(2125,2123,2150),(2125,2150,2156),(2124,2128,2153),(2128,2169,2153),(2126,2128,2124),(2127,2125,2129),(2126,2139,2128),(2127,2129,2140),(2125,2156,2129),(2129,2156,2170),(2118,2130,2132),(2119,2133,2131),(2130,2135,2132),(2131,2133,2136),(2118,2132,2139),(2119,2140,2133),(2132,2141,2139),(2133,2140,2142),(2134,2135,2179),(2134,2186,2141),(2134,2132,2135),(2136,2133,2137),(2136,2137,2181),(2134,2141,2132),(2133,2142,2137),(2141,2138,2139),(2128,2138,2169),(2128,2139,2138),(2129,2143,2140),(2129,2170,2143),(2141,2187,2138),(2141,2186,2187),(2138,2171,2169),(2138,2187,2171),(2140,2143,2142),(2142,2143,2189),(2143,2170,2172),(2143,2172,2189),(2145,2144,2157),(2145,2157,2161),(2145,2294,2144),(2160,2159,2295),(2145,2302,2294),(2145,2161,2146),(2146,2161,2165),(2145,2146,2302),(2160,2303,2163),(2146,2304,2302),(2149,2148,2147),(2153,2149,2147),(2149,2157,2148),(2152,2151,2158),(2149,2161,2157),(2152,2150,2151),(2156,2150,2152),(2153,2154,2149),(2153,2169,2154),(2149,2154,2161),(2155,2152,2162),(2165,2161,2154),(2155,2156,2152),(2155,2170,2156),(2162,2158,2160),(2152,2158,2162),(2160,2158,2159),(2162,2163,2175),(2155,2162,2175),(2162,2160,2163),(2146,2165,2167),(2146,2167,2304),(2168,2163,2306),(2164,2167,2165),(2164,2217,2167),(2168,2219,2176),(2166,2304,2167),(2168,2306,2310),(2166,2167,2217),(2168,2310,2219),(2154,2169,2173),(2155,2174,2170),(2165,2154,2173),(2155,2175,2174),(2169,2171,2173),(2172,2170,2174),(2171,2211,2173),(2172,2174,2225),(2164,2165,2173),(2174,2175,2176),(2164,2173,2211),(2174,2176,2225),(2168,2175,2163),(2168,2176,2175),(2178,2340,2221),(2178,2342,2340),(2177,2613,2178),(2178,2613,2342),(2242,2344,2615),(2198,2213,2192),(2134,2179,2180),(2179,2182,2180),(2134,2180,2186),(2180,2190,2186),(2137,2185,2181),(2181,2185,2184),(2137,2142,2188),(2137,2188,2185),(2182,2183,2180),(2182,2204,2183),(2184,2206,2205),(2184,2185,2206),(2180,2183,2190),(2197,2190,2183),(2185,2191,2206),(2185,2188,2191),(2186,2192,2187),(2187,2223,2171),(2189,2172,2224),(2187,2192,2223),(2193,2189,2224),(2142,2189,2188),(2193,2188,2189),(2186,2190,2192),(2191,2188,2193),(2198,2192,2190),(2191,2193,2210),(2192,2213,2223),(2193,2224,2226),(2193,2226,2210),(2195,2194,2204),(2194,2197,2183),(2194,2200,2197),(2195,2196,2194),(2195,2640,2196),(2207,2642,2641),(2194,2196,2200),(2196,2639,2200),(2201,2642,2208),(2197,2198,2190),(2197,2202,2198),(2198,2230,2213),(2198,2202,2230),(2203,2210,2231),(2197,2200,2202),(2200,2649,2202),(2201,2203,2651),(2199,2230,2202),(2203,2231,2652),(2199,2202,2649),(2203,2652,2651),(2194,2183,2204),(2205,2206,2208),(2206,2191,2209),(2206,2209,2208),(2205,2208,2207),(2207,2208,2642),(2201,2208,2209),(2191,2210,2209),(2203,2209,2210),(2210,2226,2231),(2201,2209,2203),(2211,2223,2214),(2164,2211,2212),(2212,2211,2214),(2213,2214,2223),(2213,2229,2214),(2212,2214,2215),(2218,2240,2227),(2215,2214,2229),(2232,2227,2240),(2166,2217,2216),(2220,2216,2217),(2164,2212,2217),(2176,2219,2218),(2212,2220,2217),(2218,2219,2222),(2219,2310,2351),(2219,2351,2222),(2220,2237,2221),(2215,2237,2220),(2220,2221,2216),(2216,2221,2320),(2222,2351,2239),(2212,2215,2220),(2218,2222,2240),(2171,2223,2211),(2172,2225,2224),(2224,2225,2227),(2176,2218,2225),(2218,2227,2225),(2224,2227,2226),(2232,2226,2227),(2215,2229,2228),(2233,2228,2229),(2213,2230,2229),(2231,2226,2232),(2233,2229,2230),(2232,2240,2236),(2199,2233,2230),(2233,2656,2234),(2199,2656,2233),(2233,2234,2228),(2177,2228,2234),(2235,2236,2658),(2236,2241,2658),(2231,2232,2235),(2231,2235,2652),(2235,2232,2236),(2215,2228,2237),(2177,2237,2228),(2177,2178,2237),(2178,2221,2237),(2222,2239,2238),(2239,2341,2242),(2238,2239,2242),(2222,2238,2240),(2236,2240,2238),(2238,2242,2241),(2236,2238,2241),(2241,2242,2615),(2246,2274,2244),(2246,2281,2274),(2246,2254,2281),(2254,2285,2281),(2250,2292,2299),(2261,2256,2299),(2246,2244,2243),(2247,2252,2245),(2253,2246,2243),(2250,2243,2248),(2250,2248,2292),(2251,2249,2252),(2253,2243,2250),(2251,2252,2258),(2247,2258,2252),(2253,2256,2263),(2253,2254,2246),(2247,2255,2258),(2253,2263,2254),(2255,2265,2258),(2253,2250,2256),(2250,2299,2256),(2251,2258,2257),(2257,2258,2265),(2259,2285,2254),(2259,2260,2287),(2259,2266,2260),(2261,2268,2256),(2261,2262,2268),(2262,2322,2268),(2259,2254,2263),(2259,2263,2266),(2255,2264,2265),(2256,2268,2263),(2257,2269,2305),(2257,2265,2269),(2263,2268,2266),(2266,2268,2322),(2264,2267,2265),(2264,2311,2267),(2267,2269,2265),(2267,2325,2269),(2269,2325,2309),(2271,2272,2270),(2277,2276,2273),(2024,2272,2271),(2279,2277,2273),(2271,2270,2274),(2277,2275,2276),(2271,2274,2281),(2282,2275,2277),(2024,2271,2278),(2271,2281,2278),(2279,2280,2277),(2040,2280,2279),(2280,2282,2277),(2278,2281,2285),(2280,2286,2282),(2255,2282,2286),(2247,2245,2275),(2247,2275,2282),(2247,2282,2255),(2039,2278,2283),(2278,2285,2283),(2283,2285,2287),(2040,2284,2280),(2280,2284,2286),(2259,2287,2285),(2284,2289,2286),(2264,2286,2289),(2042,2283,2287),(2042,2287,2346),(2260,2346,2287),(2288,2347,2289),(2284,2288,2289),(2264,2289,2311),(2311,2289,2347),(2255,2286,2264),(2291,2290,2294),(2291,2294,2302),(2291,2292,2290),(2297,2296,2293),(2291,2299,2292),(2300,2297,2293),(2297,2295,2296),(2303,2295,2297),(2160,2295,2303),(2291,2302,2298),(2298,2302,2304),(2291,2298,2299),(2300,2301,2297),(2261,2299,2298),(2300,2305,2301),(2301,2303,2297),(2301,2306,2303),(2163,2303,2306),(2251,2293,2249),(2251,2300,2293),(2251,2257,2300),(2257,2305,2300),(2298,2304,2307),(2261,2298,2307),(2301,2305,2308),(2301,2308,2306),(2166,2307,2304),(2166,2349,2307),(2262,2307,2349),(2308,2350,2310),(2261,2307,2262),(2305,2309,2308),(2309,2350,2308),(2308,2310,2306),(2269,2309,2305),(2260,2312,2346),(2095,2346,2312),(2260,2323,2312),(2260,2266,2323),(2311,2315,2324),(2095,2312,2313),(2076,2095,2313),(2314,2312,2323),(2315,2316,2324),(2313,2312,2314),(2315,2330,2316),(2317,2326,2322),(2320,2317,2349),(2262,2317,2322),(2262,2349,2317),(2318,2309,2325),(2319,2326,2317),(2319,2338,2326),(2319,2320,2340),(2221,2340,2320),(2319,2317,2320),(2318,2327,2321),(2318,2321,2352),(2266,2322,2323),(2323,2322,2326),(2327,2325,2324),(2267,2311,2324),(2267,2324,2325),(2318,2325,2327),(2314,2323,2326),(2316,2327,2324),(2314,2326,2338),(2316,2345,2327),(2321,2327,2345),(2329,2682,2334),(2328,2682,2329),(2076,2313,2331),(2313,2332,2331),(2107,2336,2330),(2330,2336,2333),(2313,2314,2332),(2314,2338,2332),(2316,2333,2345),(2329,2332,2338),(2337,2345,2333),(2316,2330,2333),(2334,2331,2332),(2529,2331,2334),(2335,2333,2336),(2530,2335,2336),(2329,2334,2332),(2335,2337,2333),(2319,2340,2339),(2342,2339,2340),(2319,2339,2338),(2321,2345,2343),(2329,2338,2339),(2321,2341,2352),(2321,2343,2341),(2328,2339,2342),(2611,2328,2342),(2343,2689,2344),(2328,2329,2339),(2337,2343,2345),(2337,2689,2343),(2343,2344,2341),(2242,2341,2344),(2092,2348,2347),(2092,2347,2288),(2311,2347,2315),(2315,2347,2348),(2315,2348,2330),(2107,2330,2348),(2166,2216,2349),(2310,2350,2351),(2216,2320,2349),(2351,2350,2352),(2318,2350,2309),(2318,2352,2350),(2239,2351,2352),(2239,2352,2341),(2353,2550,2354),(2354,2624,2628),(2354,2628,2462),(2354,2550,2624),(2471,2630,2553),(2355,2357,2359),(1813,2355,2359),(2356,2360,2358),(1814,2360,2356),(2357,2364,2361),(2357,2361,2359),(2358,2362,2365),(2358,2360,2362),(1813,2359,2371),(2359,2373,2371),(1814,2372,2360),(2360,2372,2374),(2359,2361,2373),(2361,2381,2373),(2360,2374,2362),(2362,2374,2382),(2366,2395,2363),(2363,2407,2379),(2364,2366,2368),(2361,2364,2368),(2365,2369,2367),(2362,2369,2365),(2366,2363,2368),(2367,2370,2399),(2367,2369,2370),(2361,2368,2381),(2368,2379,2381),(2362,2382,2369),(2369,2382,2383),(2368,2363,2379),(2369,2383,2370),(2375,2425,2424),(2375,2377,2425),(2377,2432,2425),(2371,2373,2375),(1825,2371,2375),(2372,2376,2374),(1826,2376,2372),(2373,2381,2377),(2373,2377,2375),(2374,2378,2382),(2374,2376,2378),(1825,2375,2424),(2376,2429,2430),(1826,2429,2376),(2378,2430,2437),(2376,2430,2378),(2381,2379,2380),(2379,2407,2410),(2379,2410,2380),(2377,2380,2432),(2380,2410,2433),(2380,2433,2432),(2377,2381,2380),(2378,2384,2382),(2383,2384,2414),(2382,2384,2383),(2378,2437,2384),(2384,2437,2434),(2384,2434,2414),(2385,2386,2402),(2385,2565,2387),(2404,2569,2566),(2385,2387,2386),(2398,2386,2389),(2386,2390,2389),(2386,2387,2390),(2387,2562,2390),(2406,2391,2569),(2411,2392,2446),(2408,2389,2392),(2389,2393,2392),(2390,2570,2393),(2389,2390,2393),(2391,2394,2575),(2392,2393,2454),(2394,2416,2456),(2392,2454,2446),(2388,2393,2570),(2394,2576,2575),(2388,2454,2393),(2394,2456,2576),(2395,2396,2397),(2363,2395,2397),(2396,2402,2398),(2396,2398,2397),(2400,2405,2403),(2400,2401,2405),(2363,2397,2407),(2397,2408,2407),(2397,2398,2408),(2398,2389,2408),(2401,2409,2405),(2399,2401,2400),(2370,2401,2399),(2370,2413,2401),(2370,2383,2413),(2401,2413,2409),(2398,2402,2386),(2403,2405,2406),(2403,2406,2404),(2404,2406,2569),(2405,2415,2406),(2405,2409,2415),(2406,2415,2391),(2407,2411,2410),(2407,2408,2411),(2408,2392,2411),(2413,2412,2409),(2409,2412,2416),(2410,2411,2473),(2410,2473,2433),(2414,2434,2474),(2414,2474,2412),(2411,2446,2473),(2412,2475,2416),(2412,2474,2475),(2383,2414,2413),(2413,2414,2412),(2409,2416,2415),(2394,2415,2416),(2391,2415,2394),(2416,2475,2456),(1865,2438,2418),(2418,2438,2440),(2419,2440,2421),(2418,2440,2419),(1865,2418,2666),(2418,2668,2666),(1883,2667,2442),(2418,2419,2668),(2419,2671,2668),(2442,2669,2443),(2419,2421,2422),(2417,2463,2422),(2417,2422,2421),(2423,2465,2445),(2419,2422,2671),(2443,2676,2423),(2420,2422,2463),(2420,2671,2422),(2423,2676,2677),(2423,2677,2465),(2424,2425,2426),(1875,2424,2426),(2425,2432,2427),(2425,2427,2426),(1875,2426,2438),(2426,2440,2438),(1877,2439,2431),(2426,2427,2440),(2427,2421,2440),(2431,2441,2428),(1877,2431,2429),(2429,2431,2430),(2430,2431,2428),(2430,2428,2437),(2427,2432,2435),(2428,2436,2437),(2432,2433,2435),(2433,2448,2435),(2437,2436,2434),(2434,2436,2476),(2427,2435,2421),(2428,2444,2436),(2417,2435,2448),(2417,2421,2435),(2436,2444,2445),(2436,2445,2476),(2439,2442,2441),(2431,2439,2441),(2441,2443,2444),(2428,2441,2444),(1883,2442,2439),(2441,2442,2443),(2443,2423,2444),(2423,2445,2444),(2448,2473,2450),(2446,2450,2473),(2446,2455,2450),(2448,2450,2447),(2417,2448,2447),(2450,2455,2449),(2447,2450,2449),(2477,2472,2458),(2477,2464,2472),(2451,2577,2453),(2388,2451,2454),(2388,2577,2451),(2455,2451,2452),(2449,2455,2452),(2451,2453,2452),(2353,2452,2453),(2457,2459,2579),(2459,2469,2579),(2446,2454,2455),(2454,2451,2455),(2475,2458,2456),(2456,2457,2576),(2456,2458,2457),(2458,2472,2459),(2457,2458,2459),(2460,2467,2462),(2449,2467,2460),(2420,2463,2461),(2463,2460,2461),(2460,2462,2461),(2461,2462,2620),(2466,2679,2470),(2417,2447,2463),(2447,2460,2463),(2445,2465,2464),(2464,2465,2466),(2447,2449,2460),(2464,2466,2472),(2465,2679,2466),(2465,2677,2679),(2353,2467,2452),(2353,2354,2467),(2449,2452,2467),(2468,2471,2469),(2459,2468,2469),(2354,2462,2467),(2470,2629,2471),(2466,2470,2468),(2468,2470,2471),(2469,2471,2553),(2459,2472,2468),(2466,2468,2472),(2433,2473,2448),(2474,2476,2477),(2434,2476,2474),(2474,2477,2475),(2475,2477,2458),(2445,2464,2476),(2476,2464,2477),(2481,2507,2511),(2484,2511,2478),(2484,2478,2496),(2478,2479,2496),(2479,2540,2496),(1280,2486,2560),(2486,2563,2560),(2486,2489,2563),(2489,2571,2563),(1275,2507,2481),(1275,2481,2480),(1276,2488,2482),(2480,2481,2483),(2483,2484,2494),(2481,2511,2484),(2481,2484,2483),(2482,2491,2485),(1280,2480,2486),(2480,2483,2486),(1281,2487,2488),(2482,2488,2491),(2487,2491,2488),(2486,2483,2489),(2483,2494,2489),(2490,2499,2491),(2487,2490,2491),(2485,2491,2499),(2489,2492,2571),(2492,2495,2493),(2492,2493,2573),(2484,2496,2494),(2485,2497,2517),(2485,2499,2497),(2495,2496,2540),(2494,2496,2495),(2497,2542,2519),(2499,2500,2497),(2500,2542,2497),(2489,2494,2492),(2492,2494,2495),(2490,2498,2499),(2498,2500,2499),(2498,2535,2500),(2501,2502,2505),(1292,2502,2501),(2068,2503,2506),(1296,2509,2503),(2503,2509,2506),(2504,2505,2513),(2501,2505,2504),(2069,2506,2514),(2509,2510,2506),(2510,2514,2506),(1292,2501,2507),(1296,2508,2509),(2501,2511,2507),(2508,2512,2509),(2501,2504,2511),(2509,2512,2510),(2478,2511,2504),(2512,2517,2510),(2504,2513,2515),(2510,2518,2514),(2071,2515,2513),(2071,2556,2515),(2479,2515,2556),(2518,2557,2516),(2514,2518,2516),(2478,2504,2515),(2510,2517,2518),(2478,2515,2479),(2518,2519,2557),(2517,2519,2518),(1276,2482,2508),(2482,2512,2508),(2482,2485,2512),(2485,2517,2512),(2497,2519,2517),(2521,2556,2520),(2102,2527,2520),(2523,2520,2527),(2521,2543,2540),(2479,2556,2521),(2479,2521,2540),(2519,2542,2522),(2521,2523,2543),(2523,2532,2543),(2521,2520,2523),(2522,2524,2558),(2522,2544,2524),(2525,2685,2526),(2526,2685,2547),(2531,2527,2529),(2523,2527,2531),(2525,2529,2334),(2525,2531,2529),(2533,2688,2530),(2109,2528,2530),(2528,2533,2530),(2523,2531,2532),(2524,2554,2533),(2526,2532,2531),(2524,2528,2558),(2524,2533,2528),(2525,2526,2531),(2549,2688,2533),(2549,2533,2554),(2493,2536,2577),(2453,2577,2536),(2493,2541,2536),(2493,2495,2541),(2535,2539,2545),(2453,2536,2537),(2353,2453,2537),(2536,2541,2534),(2539,2538,2545),(2536,2534,2537),(2539,2551,2538),(2540,2543,2541),(2495,2540,2541),(2545,2544,2542),(2522,2542,2544),(2534,2543,2532),(2524,2544,2554),(2534,2541,2543),(2538,2544,2545),(2538,2554,2544),(2500,2535,2545),(2500,2545,2542),(2534,2532,2546),(2526,2546,2532),(2552,2549,2554),(2537,2534,2546),(2538,2552,2554),(2550,2546,2547),(2550,2547,2624),(2526,2547,2546),(2552,2548,2549),(2537,2546,2550),(2551,2553,2552),(2353,2537,2550),(2469,2553,2551),(2538,2551,2552),(2552,2553,2548),(2548,2553,2630),(2071,2100,2556),(2516,2557,2555),(2100,2520,2556),(2557,2558,2555),(2108,2555,2558),(2519,2522,2557),(2522,2558,2557),(2108,2558,2528),(1310,2559,2565),(1310,2560,2559),(2559,2560,2563),(1313,2567,2561),(2561,2567,2564),(2387,2559,2562),(2559,2563,2562),(2562,2563,2571),(2490,2564,2572),(2567,2568,2564),(2568,2572,2564),(1313,2566,2567),(2387,2565,2559),(2566,2569,2567),(2567,2569,2568),(2391,2568,2569),(1281,2561,2487),(2487,2561,2564),(2487,2564,2490),(2570,2571,2573),(2390,2562,2570),(2562,2571,2570),(2492,2573,2571),(2498,2572,2574),(2575,2574,2572),(2388,2573,2577),(2493,2577,2573),(2388,2570,2573),(2576,2578,2574),(2498,2574,2535),(2574,2578,2535),(2391,2575,2568),(2568,2575,2572),(2575,2576,2574),(2490,2572,2498),(2457,2579,2578),(2535,2578,2539),(2539,2578,2579),(2539,2579,2551),(2457,2578,2576),(2469,2551,2579),(1942,2586,2644),(2586,2646,2644),(2586,2588,2646),(2588,2653,2646),(2588,2580,2653),(2580,2581,2650),(2580,2597,2581),(2590,2661,2663),(2582,2592,2663),(2582,2600,2592),(2583,2632,2600),(2582,2583,2600),(2585,2592,2596),(1942,2584,2586),(2584,2585,2586),(1943,2587,2594),(2585,2588,2586),(2585,2596,2588),(2589,2602,2595),(2587,2589,2595),(1946,2590,2584),(2584,2590,2585),(1946,2661,2590),(1947,2594,2591),(2590,2592,2585),(2590,2663,2592),(2591,2595,2593),(2591,2594,2595),(2587,2595,2594),(2593,2595,2602),(2597,2600,2632),(2596,2600,2597),(2588,2596,2580),(2580,2596,2597),(2589,2598,2602),(2598,2608,2599),(2598,2599,2602),(2592,2600,2596),(2593,2601,2673),(2593,2602,2601),(2601,2602,2599),(2601,2599,2636),(2601,2636,2674),(2604,2683,2611),(2603,2683,2604),(2234,2656,2607),(2581,2607,2656),(2177,2234,2605),(2234,2607,2605),(2581,2631,2607),(2581,2597,2631),(2608,2609,2635),(2606,2605,2607),(2610,2609,2614),(2606,2607,2631),(2610,2635,2609),(2611,2342,2613),(2616,2611,2613),(2177,2605,2613),(2241,2615,2614),(2605,2616,2613),(2614,2615,2618),(2612,2615,2344),(2612,2618,2615),(2606,2616,2605),(2626,2616,2606),(2604,2616,2626),(2617,2637,2618),(2610,2618,2637),(2604,2611,2616),(2612,2617,2618),(2610,2614,2618),(2621,2633,2632),(2619,2626,2633),(2621,2619,2633),(2620,2621,2678),(2620,2628,2619),(2462,2628,2620),(2583,2621,2632),(2583,2678,2621),(2674,2636,2622),(2620,2619,2621),(2622,2634,2623),(2622,2623,2681),(2628,2624,2625),(2619,2628,2625),(2547,2603,2624),(2603,2625,2624),(2630,2627,2690),(2619,2625,2626),(2604,2626,2625),(2623,2637,2627),(2603,2604,2625),(2627,2617,2690),(2627,2637,2617),(2629,2627,2630),(2471,2629,2630),(2623,2627,2629),(2623,2629,2681),(2632,2633,2631),(2597,2632,2631),(2636,2635,2634),(2626,2606,2633),(2606,2631,2633),(2610,2634,2635),(2610,2637,2634),(2623,2634,2637),(2599,2608,2635),(2599,2635,2636),(2622,2636,2634),(1960,2638,2640),(2196,2638,2639),(2638,2646,2639),(2196,2640,2638),(1965,2641,2648),(2641,2642,2648),(2201,2643,2642),(2648,2642,2643),(1960,2644,2638),(2638,2644,2646),(1965,2648,2645),(2645,2648,2647),(2639,2646,2653),(2647,2648,2643),(2647,2643,2654),(2589,2647,2654),(2200,2639,2649),(2649,2653,2650),(2639,2653,2649),(2199,2650,2656),(2199,2649,2650),(2581,2656,2650),(2655,2652,2657),(2201,2651,2643),(2643,2651,2654),(2655,2651,2652),(2580,2650,2653),(2654,2651,2655),(2598,2654,2655),(2608,2655,2657),(2598,2655,2608),(1943,2645,2587),(2587,2645,2647),(2587,2647,2589),(2589,2654,2598),(2235,2658,2657),(2609,2657,2658),(2609,2658,2614),(2235,2657,2652),(2608,2657,2609),(2241,2614,2658),(2659,2666,2668),(1978,2666,2659),(2660,2668,2671),(2659,2668,2660),(1978,2659,2661),(2659,2663,2661),(1984,2662,2670),(2662,2664,2670),(2659,2660,2663),(2582,2663,2660),(2670,2664,2665),(2665,2664,2673),(1984,2670,2667),(2667,2670,2669),(2442,2667,2669),(2669,2670,2665),(2669,2665,2676),(2443,2669,2676),(2660,2671,2672),(2420,2678,2672),(2583,2672,2678),(2420,2672,2671),(2677,2675,2680),(2582,2660,2672),(2665,2673,2675),(2582,2672,2583),(2673,2674,2675),(2675,2674,2680),(2665,2675,2676),(2676,2675,2677),(1947,2591,2662),(2591,2664,2662),(2591,2593,2664),(2593,2673,2664),(2601,2674,2673),(2420,2461,2678),(2461,2620,2678),(2677,2680,2679),(2679,2680,2681),(2470,2679,2681),(2674,2622,2680),(2622,2681,2680),(2470,2681,2629),(2685,2682,2683),(2525,2334,2682),(2525,2682,2685),(2328,2683,2682),(2611,2683,2328),(2337,2684,2689),(2687,2689,2684),(2603,2685,2683),(2547,2685,2603),(2686,2684,2688),(2549,2686,2688),(2686,2690,2687),(2617,2687,2690),(2686,2687,2684),(2530,2688,2335),(2335,2688,2684),(2335,2684,2337),(2612,2344,2689),(2612,2689,2687),(2612,2687,2617),(2548,2690,2686),(2548,2630,2690),(2548,2686,2549),(5,6,43),(4,1,3),(1,6,5),(1,7,6),(7,1,4),(47,48,24),(24,25,22),(25,24,48),(22,25,28),(22,28,26),(27,26,28),(43,44,42),(44,43,6),(51,42,44),(47,51,48),(42,51,47),(110,112,113),(122,117,119),(117,120,112),(113,112,120),(120,117,122),(110,127,3),(4,3,127),(110,113,127),(122,119,143),(122,143,144),(148,143,147),(144,143,148),(148,147,154),(154,147,153),(154,153,643),(153,642,643),(228,233,229),(229,233,230),(229,230,236),(26,27,228),(233,228,27),(237,236,230),(236,237,238),(239,238,237),(238,239,260),(260,239,261),(260,261,262),(263,262,261),(262,263,268),(269,268,263),(268,269,270),(268,270,1314),(644,643,642),(645,643,644),(645,644,653),(653,644,652),(655,652,654),(653,652,655),(655,654,679),(654,676,679),(680,676,677),(679,676,680),(680,677,687),(687,677,686),(687,686,688),(687,688,693),(693,688,776),(776,688,775),(776,775,779),(779,775,777),(779,777,782),(777,781,782),(782,781,797),(797,781,796),(797,796,801),(801,796,800),(801,800,802),(801,802,803),(803,802,823),(823,802,824),(823,824,825),(823,825,827),(827,825,829),(829,825,830),(829,830,885),(885,830,888),(885,888,890),(885,890,889),(889,890,893),(893,890,894),(893,894,895),(895,894,896),(895,896,918),(895,918,917),(917,918,919),(919,918,920),(919,920,925),(925,920,926),(925,926,1985),(926,1986,1985),(1314,270,1315),(270,1316,1315),(1315,1316,1321),(1322,1321,1316),(1321,1322,1323),(1324,1323,1322),(1323,1324,1344),(1323,1344,1343),(1343,1344,1345),(1346,1345,1344),(1345,1346,1350),(1351,1350,1346),(1350,1351,1355),(1350,1355,1352),(1352,1355,1438),(1439,1438,1355),(1438,1439,1442),(1440,1442,1439),(1442,1440,1445),(1442,1445,1444),(1444,1445,1459),(1458,1459,1445),(1459,1458,1462),(1459,1462,1463),(1463,1462,1465),(1465,1462,1464),(1465,1464,1486),(1485,1486,1464),(1486,1485,1489),(1485,1487,1489),(1489,1487,1492),(1491,1492,1487),(1492,1491,1550),(1547,1550,1491),(1550,1547,1552),(1550,1552,1553),(1553,1552,1560),(1560,1552,1557),(1559,1562,1557),(1560,1557,1562),(1562,1559,1581),(1559,1580,1581),(1584,1585,1580),(1581,1580,1585),(1585,1584,1591),(1590,1591,1584),(1591,1590,2110),(1591,2110,2111),(1988,1985,1986),(1987,1985,1988),(1987,1988,1993),(1993,1988,1994),(1993,1994,1995),(1995,1994,1996),(1995,1996,2015),(1996,2016,2015),(2015,2016,2017),(2017,2016,2018),(2017,2018,2025),(2022,2027,2272),(2272,2027,2273),(2025,2018,2026),(2022,2025,2026),(2022,2026,2027),(2110,2113,2111),(2110,2112,2113),(2113,2112,2121),(2120,2121,2112),(2122,2123,2120),(2121,2120,2123),(2123,2122,2147),(2123,2147,2150),(2157,2144,2159),(2294,2295,2144),(2144,2295,2159),(2148,2151,2147),(2157,2158,2148),(2151,2148,2158),(2150,2147,2151),(2157,2159,2158),(2243,2245,2252),(2244,2245,2243),(2243,2252,2248),(2248,2249,2292),(2249,2248,2252),(2272,2273,2270),(2270,2273,2276),(2270,2276,2274),(2274,2275,2244),(2274,2276,2275),(2244,2275,2245),(2290,2296,2294),(2292,2296,2290),(2292,2293,2296),(2294,2296,2295),(2292,2249,2293)),$);
#576=IFCSHAPEREPRESENTATION(#20,'Body','Tessellation',(#575));
#577=IFCPRODUCTDEFINITIONSHAPE($,$,(#576));
#578=IFCMATERIAL('A53GrB',$,'steel');
#579=IFCMATERIALPROPERTIES('Pset_MaterialCommon',$,(#580),#578);
#580=IFCPROPERTYSINGLEVALUE('MassDensity',$,IFCMASSDENSITYMEASURE(7849.0470263127727),$);
#581=IFCMATERIALPROPERTIES('Pset_MaterialMechanical',$,(#582,#583,#584),#578);
#582=IFCPROPERTYSINGLEVALUE('YoungModulus',$,IFCMODULUSOFELASTICITYMEASURE(199947960815.92163),$);
#583=IFCPROPERTYSINGLEVALUE('PoissonRatio',$,IFCPOSITIVERATIOMEASURE(0.29999999999999999),$);
#584=IFCPROPERTYSINGLEVALUE('ThermalExpansionCoefficient',$,IFCTHERMALEXPANSIONCOEFFICIENTMEASURE(1.170243410629411E-05),$);
#585=IFCMATERIALPROPERTIES('Pset_MaterialSteel',$,(#586,#587),#578);
#586=IFCPROPERTYSINGLEVALUE('YieldStress',$,IFCPRESSUREMEASURE(241316504.43300888),$);
#587=IFCPROPERTYSINGLEVALUE('UltimateStress',$,IFCPRESSUREMEASURE(413685436.17087233),$);
#588=IFCSURFACESTYLE($,.BOTH.,(#589));
#589=IFCSURFACESTYLESHADING(#590,0.);
#590=IFCCOLOURRGB($,0.44313725490196076,0.47450980392156861,0.49411764705882355);
#591=IFCSTYLEDITEM($,(#588),$);
#592=IFCSTYLEDREPRESENTATION(#20,'Body',$,(#591));
#593=IFCMATERIALDEFINITIONREPRESENTATION($,$,(#592),#578);
#594=IFCCIRCLEHOLLOWPROFILEDEF(.AREA.,'Circle Hollow 0.25x0.05',$,0.25,0.050000000000000003);
#595=IFCPROFILEPROPERTIES('Pset_ProfileMechanical',$,(#596,#597,#598,#599),#594);
#596=IFCPROPERTYSINGLEVALUE('CrossSectionArea',$,IFCAREAMEASURE(0.07068583470577032),$);
#597=IFCPROPERTYSINGLEVALUE('MomentOfInertiaY',$,IFCMOMENTOFINERTIAMEASURE(0.0018113245143353649),$);
#598=IFCPROPERTYSINGLEVALUE('MomentOfInertiaZ',$,IFCMOMENTOFINERTIAMEASURE(0.0018113245143353649),$);
#599=IFCPROPERTYSINGLEVALUE('TorsionalConstantX',$,IFCMOMENTOFINERTIAMEASURE(0.0036226490286707298),$);
#600=IFCOWNERHISTORY(#3,#12,.READWRITE.,.ADDED.,1788297455,#3,#12,1788297455);
#601=IFCPIPESEGMENTTYPE('17QyeLbsD1wxudzBxzBiVx',#600,'Pipe Segment Type A53GrB Circle Hollow 0.25x0.05',$,$,$,$,$,$,.RIGIDSEGMENT.);
#602=IFCOWNERHISTORY(#3,#12,.READWRITE.,.ADDED.,1788297455,#3,#12,1788297455);
#603=IFCPIPEFITTINGTYPE('3jZS6wnZz1bhAWqpFC3nnx',#602,'Pipe Fitting BEND Type A53GrB Circle Hollow 0.25x0.05',$,$,$,$,$,$,.BEND.);
#604=IFCOWNERHISTORY(#3,#12,.READWRITE.,.MODIFIED.,1788297455,#3,#12,1788297455);
#605=IFCPIPESEGMENT('1Sve__61r32OhuauvMeIf1',#604,$,$,$,#606,#627,$,$);
#606=IFCLOCALPLACEMENT($,#610);
#607=IFCCARTESIANPOINT((63.399999999999999,56.950000000000003,3.));
#608=IFCDIRECTION((-0.99936285434754968,0.035691530512410849,0.));
#609=IFCDIRECTION((-0.035691530512410849,-0.99936285434754968,0.));
#610=IFCAXIS2PLACEMENT3D(#607,#608,#609);
#611=IFCOWNERHISTORY(#3,#12,.READWRITE.,.MODIFIED.,1788297455,#3,#12,1788297455);
#612=IFCRELDEFINESBYTYPE('3J92_LGBPA2uMWDyuNGcvX',#611,$,$,(#911,#1567,#1491,#1202,#605,#1415,#1339,#759,#683,#835,#974,#1050,#1126,#1278),#601);
#613=IFCMATERIALPROFILESET('A53GrB steel Circle Hollow 0.25x0.05',$,(#614),$);
#614=IFCMATERIALPROFILE($,$,#578,#594,$,$);
#615=IFCOWNERHISTORY(#3,#12,.READWRITE.,.MODIFIED.,1788297455,#3,#12,1788297455);
#616=IFCRELASSOCIATESMATERIAL('38ElF6w5TBU9IUSbBfWeZU',#615,$,$,(#601,#603),#613);
#620=IFCCARTESIANPOINT((0.,0.,0.));
#621=IFCDIRECTION((0.,0.,1.));
#622=IFCDIRECTION((1.,0.,0.));
#623=IFCAXIS2PLACEMENT3D(#620,#621,#622);
#624=IFCDIRECTION((0.,0.,1.));
#625=IFCEXTRUDEDAREASOLID(#594,#623,#624,1.3928594191024797);
#626=IFCSHAPEREPRESENTATION(#20,'Body','SweptSolid',(#625));
#627=IFCPRODUCTDEFINITIONSHAPE($,$,(#626));
#628=IFCOWNERHISTORY(#3,#12,.READWRITE.,.ADDED.,1788297455,#3,#12,1788297455);
#629=IFCDISTRIBUTIONPORT('3mcBRy5JT8cxPtH8yVyHth',#628,'Inlet',$,$,#632,$,.NOTDEFINED.,.NOTDEFINED.,$);
#630=IFCOWNERHISTORY(#3,#12,.READWRITE.,.MODIFIED.,1788297455,#3,#12,1788297455);
#631=IFCRELNESTS('0wJGENzeDFRhVMg1RaPaIp',#630,$,$,#605,(#629,#638));
#632=IFCLOCALPLACEMENT(#606,#636);
#633=IFCCARTESIANPOINT((0.,0.,0.));
#634=IFCDIRECTION((0.,0.,1.));
#635=IFCDIRECTION((1.,0.,0.));
#636=IFCAXIS2PLACEMENT3D(#633,#634,#635);
#637=IFCOWNERHISTORY(#3,#12,.READWRITE.,.ADDED.,1788297455,#3,#12,1788297455);
#638=IFCDISTRIBUTIONPORT('22piDHC6j4NOdDhuMBfiwD',#637,'Outlet',$,$,#639,$,.SOURCE.,.NOTDEFINED.,$);
#639=IFCLOCALPLACEMENT(#606,#643);
#640=IFCCARTESIANPOINT((0.,0.,1.3928594191024797));
#641=IFCDIRECTION((0.,0.,1.));
#642=IFCDIRECTION((1.,0.,0.));
#643=IFCAXIS2PLACEMENT3D(#640,#641,#642);
#644=IFCOWNERHISTORY(#3,#12,.READWRITE.,.MODIFIED.,1788297455,#3,#12,1788297455);
#645=IFCPIPEFITTING('3NqNHB6CP9vxDu0VKmcALd',#644,$,$,$,#646,#665,$,$);
#646=IFCLOCALPLACEMENT($,#650);
#647=IFCCARTESIANPOINT((62.008028035220875,56.999713284456398,3.));
#648=IFCDIRECTION((-0.99936285434755179,0.035691530512349384,0.));
#649=IFCDIRECTION((-0.035691530512349391,-0.9993628543475519,0.));
#650=IFCAXIS2PLACEMENT3D(#647,#648,#649);
#651=IFCOWNERHISTORY(#3,#12,.READWRITE.,.MODIFIED.,1788297455,#3,#12,1788297455);
#652=IFCRELDEFINESBYTYPE('2khQh0jfvAgQPtJLW$UJI5',#651,$,$,(#1011,#1528,#1239,#1452,#1376,#872,#1087,#1163,#645,#720,#796),#603);
#656=IFCCARTESIANPOINT((0.,0.,0.));
#657=IFCDIRECTION((0.,0.,1.));
#658=IFCDIRECTION((1.,0.,0.));
#659=IFCAXIS2PLACEMENT3D(#656,#657,#658);
#660=IFCCARTESIANPOINT((0.45000000000076645,0.,0.));
#661=IFCDIRECTION((0.,1.,0.));
#662=IFCAXIS1PLACEMENT(#660,#661);
#663=IFCREVOLVEDAREASOLID(#594,#659,#662,0.035699112679258051);
#664=IFCSHAPEREPRESENTATION(#20,'Body','SweptSolid',(#663));
#665=IFCPRODUCTDEFINITIONSHAPE($,$,(#664));
#666=IFCOWNERHISTORY(#3,#12,.READWRITE.,.ADDED.,1788297455,#3,#12,1788297455);
#667=IFCDISTRIBUTIONPORT('3bp4p$JLXDo8wCmvHezkiD',#666,'Inlet',$,$,#670,$,.SINK.,.NOTDEFINED.,$);
#668=IFCOWNERHISTORY(#3,#12,.READWRITE.,.MODIFIED.,1788297455,#3,#12,1788297455);
#669=IFCRELNESTS('2f1Reyh1H4nOHCVMsPWCUq',#668,$,$,#645,(#667,#676));
#670=IFCLOCALPLACEMENT(#646,#674);
#671=IFCCARTESIANPOINT((0.,0.,0.));
#672=IFCDIRECTION((0.,0.,1.));
#673=IFCDIRECTION((1.,0.,0.));
#674=IFCAXIS2PLACEMENT3D(#671,#672,#673);
#675=IFCOWNERHISTORY(#3,#12,.READWRITE.,.ADDED.,1788297455,#3,#12,1788297455);
#676=IFCDISTRIBUTIONPORT('2nklwkHhT3Pvfwc5ZFhuCW',#675,'Outlet',$,$,#677,$,.SOURCE.,.NOTDEFINED.,$);
#677=IFCLOCALPLACEMENT(#646,#681);
#678=IFCCARTESIANPOINT((0.00028671554360215623,0.,0.01606118873058333));
#679=IFCDIRECTION((0.035691530512346609,0.,0.9993628543475519));
#680=IFCDIRECTION((0.9993628543475519,0.,-0.035691530512346609));
#681=IFCAXIS2PLACEMENT3D(#678,#679,#680);
#682=IFCOWNERHISTORY(#3,#12,.READWRITE.,.MODIFIED.,1788297455,#3,#12,1788297455);
#683=IFCPIPESEGMENT('1z16S0Z1DEM92Vpm$Ba7nc',#682,$,$,$,#684,#702,$,$);
#684=IFCLOCALPLACEMENT($,#688);
#685=IFCCARTESIANPOINT((61.991966846490293,57.,3.));
#686=IFCDIRECTION((-1.,0.,0.));
#687=IFCDIRECTION((0.,-1.,0.));
#688=IFCAXIS2PLACEMENT3D(#685,#686,#687);
#695=IFCCARTESIANPOINT((0.,0.,0.));
#696=IFCDIRECTION((0.,0.,1.));
#697=IFCDIRECTION((1.,0.,0.));
#698=IFCAXIS2PLACEMENT3D(#695,#696,#697);
#699=IFCDIRECTION((0.,0.,1.));
#700=IFCEXTRUDEDAREASOLID(#594,#698,#699,7.5419668464902898);
#701=IFCSHAPEREPRESENTATION(#20,'Body','SweptSolid',(#700));
#702=IFCPRODUCTDEFINITIONSHAPE($,$,(#701));
#703=IFCOWNERHISTORY(#3,#12,.READWRITE.,.ADDED.,1788297455,#3,#12,1788297455);
#704=IFCDISTRIBUTIONPORT('2D$3JhHnj9RQHk8cXTnzT2',#703,'Inlet',$,$,#707,$,.SINK.,.NOTDEFINED.,$);
#705=IFCOWNERHISTORY(#3,#12,.READWRITE.,.MODIFIED.,1788297455,#3,#12,1788297455);
#706=IFCRELNESTS('21RS0qRpX9YhQJLKAW9GHn',#705,$,$,#683,(#704,#713));
#707=IFCLOCALPLACEMENT(#684,#711);
#708=IFCCARTESIANPOINT((0.,0.,0.));
#709=IFCDIRECTION((0.,0.,1.));
#710=IFCDIRECTION((1.,0.,0.));
#711=IFCAXIS2PLACEMENT3D(#708,#709,#710);
#712=IFCOWNERHISTORY(#3,#12,.READWRITE.,.ADDED.,1788297455,#3,#12,1788297455);
#713=IFCDISTRIBUTIONPORT('2tERaQFwn01Qv8kA2OAgK5',#712,'Outlet',$,$,#714,$,.SOURCE.,.NOTDEFINED.,$);
#714=IFCLOCALPLACEMENT(#684,#718);
#715=IFCCARTESIANPOINT((0.,0.,7.5419668464902898));
#716=IFCDIRECTION((0.,0.,1.));
#717=IFCDIRECTION((1.,0.,0.));
#718=IFCAXIS2PLACEMENT3D(#715,#716,#717);
#719=IFCOWNERHISTORY(#3,#12,.READWRITE.,.MODIFIED.,1788297455,#3,#12,1788297455);
#720=IFCPIPEFITTING('1oplAYlX91lPjS0XI3ttPV',#719,$,$,$,#721,#741,$,$);
#721=IFCLOCALPLACEMENT($,#725);
#722=IFCCARTESIANPOINT((54.450000000000003,57.,3.));
#723=IFCDIRECTION((-1.,0.,-5.9211894646674639E-15));
#724=IFCDIRECTION((-5.9211894646674639E-15,0.,1.));
#725=IFCAXIS2PLACEMENT3D(#722,#723,#724);
#732=IFCCARTESIANPOINT((0.,0.,0.));
#733=IFCDIRECTION((0.,0.,1.));
#734=IFCDIRECTION((1.,0.,0.));
#735=IFCAXIS2PLACEMENT3D(#732,#733,#734);
#736=IFCCARTESIANPOINT((0.45000000000000012,0.,0.));
#737=IFCDIRECTION((0.,1.,0.));
#738=IFCAXIS1PLACEMENT(#736,#737);
#739=IFCREVOLVEDAREASOLID(#594,#735,#738,1.5707963267949026);
#740=IFCSHAPEREPRESENTATION(#20,'Body','SweptSolid',(#739));
#741=IFCPRODUCTDEFINITIONSHAPE($,$,(#740));
#742=IFCOWNERHISTORY(#3,#12,.READWRITE.,.ADDED.,1788297455,#3,#12,1788297455);
#743=IFCDISTRIBUTIONPORT('3P7tZUa0D7Mg1aXeKwgfcf',#742,'Inlet',$,$,#746,$,.SINK.,.NOTDEFINED.,$);
#744=IFCOWNERHISTORY(#3,#12,.READWRITE.,.MODIFIED.,1788297455,#3,#12,1788297455);
#745=IFCRELNESTS('3y8rIIpSPE$ffYV3XJK15p',#744,$,$,#720,(#743,#752));
#746=IFCLOCALPLACEMENT(#721,#750);
#747=IFCCARTESIANPOINT((0.,0.,0.));
#748=IFCDIRECTION((0.,0.,1.));
#749=IFCDIRECTION((1.,0.,0.));
#750=IFCAXIS2PLACEMENT3D(#747,#748,#749);
#751=IFCOWNERHISTORY(#3,#12,.READWRITE.,.ADDED.,1788297455,#3,#12,1788297455);
#752=IFCDISTRIBUTIONPORT('1xvG2TSRTDXQpXu9swkOkC',#751,'Outlet',$,$,#753,$,.SOURCE.,.NOTDEFINED.,$);
#753=IFCLOCALPLACEMENT(#721,#757);
#754=IFCCARTESIANPOINT((0.45000000000000279,0.,0.45000000000000012));
#755=IFCDIRECTION((1.,0.,-5.9339719930184777E-15));
#756=IFCDIRECTION((-5.9339719930184777E-15,0.,-1.));
#757=IFCAXIS2PLACEMENT3D(#754,#755,#756);
#758=IFCOWNERHISTORY(#3,#12,.READWRITE.,.MODIFIED.,1788297455,#3,#12,1788297455);
#759=IFCPIPESEGMENT('0t40Jk7X11ixorxKD7mzVt',#758,$,$,$,#760,#778,$,$);
#760=IFCLOCALPLACEMENT($,#764);
#761=IFCCARTESIANPOINT((54.,57.,3.4500000000000002));
#762=IFCDIRECTION((0.,0.,1.));
#763=IFCDIRECTION((1.,0.,0.));
#764=IFCAXIS2PLACEMENT3D(#761,#762,#763);
#771=IFCCARTESIANPOINT((0.,0.,0.));
#772=IFCDIRECTION((0.,0.,1.));
#773=IFCDIRECTION((1.,0.,0.));
#774=IFCAXIS2PLACEMENT3D(#771,#772,#773);
#775=IFCDIRECTION((0.,0.,1.));
#776=IFCEXTRUDEDAREASOLID(#594,#774,#775,7.1000000000000005);
#777=IFCSHAPEREPRESENTATION(#20,'Body','SweptSolid',(#776));
#778=IFCPRODUCTDEFINITIONSHAPE($,$,(#777));
#779=IFCOWNERHISTORY(#3,#12,.READWRITE.,.ADDED.,1788297455,#3,#12,1788297455);
#780=IFCDISTRIBUTIONPORT('1fI_hR2AXDawEDUPgDXdEg',#779,'Inlet',$,$,#783,$,.SINK.,.NOTDEFINED.,$);
#781=IFCOWNERHISTORY(#3,#12,.READWRITE.,.MODIFIED.,1788297455,#3,#12,1788297455);
#782=IFCRELNESTS('00gQCh5_v7CwuH9lnvfe8N',#781,$,$,#759,(#780,#789));
#783=IFCLOCALPLACEMENT(#760,#787);
#784=IFCCARTESIANPOINT((0.,0.,0.));
#785=IFCDIRECTION((0.,0.,1.));
#786=IFCDIRECTION((1.,0.,0.));
#787=IFCAXIS2PLACEMENT3D(#784,#785,#786);
#788=IFCOWNERHISTORY(#3,#12,.READWRITE.,.ADDED.,1788297455,#3,#12,1788297455);
#789=IFCDISTRIBUTIONPORT('2ZqNb4drf8UOGjVc3KqiCr',#788,'Outlet',$,$,#790,$,.SOURCE.,.NOTDEFINED.,$);
#790=IFCLOCALPLACEMENT(#760,#794);
#791=IFCCARTESIANPOINT((0.,0.,7.1000000000000005));
#792=IFCDIRECTION((0.,0.,1.));
#793=IFCDIRECTION((1.,0.,0.));
#794=IFCAXIS2PLACEMENT3D(#791,#792,#793);
#795=IFCOWNERHISTORY(#3,#12,.READWRITE.,.MODIFIED.,1788297455,#3,#12,1788297455);
#796=IFCPIPEFITTING('1L8Fgj3cTDCufOswkA$BUP',#795,$,$,$,#797,#817,$,$);
#797=IFCLOCALPLACEMENT($,#801);
#798=IFCCARTESIANPOINT((54.,57.,10.550000000000001));
#799=IFCDIRECTION((0.,0.,1.));
#800=IFCDIRECTION((0.,-1.,0.));
#801=IFCAXIS2PLACEMENT3D(#798,#799,#800);
#808=IFCCARTESIANPOINT((0.,0.,0.));
#809=IFCDIRECTION((0.,0.,1.));
#810=IFCDIRECTION((1.,0.,0.));
#811=IFCAXIS2PLACEMENT3D(#808,#809,#810);
#812=IFCCARTESIANPOINT((0.44999999999999923,0.,0.));
#813=IFCDIRECTION((0.,1.,0.));
#814=IFCAXIS1PLACEMENT(#812,#813);
#815=IFCREVOLVEDAREASOLID(#594,#811,#814,1.5707963267949046);
#816=IFCSHAPEREPRESENTATION(#20,'Body','SweptSolid',(#815));
#817=IFCPRODUCTDEFINITIONSHAPE($,$,(#816));
#818=IFCOWNERHISTORY(#3,#12,.READWRITE.,.ADDED.,1788297455,#3,#12,1788297455);
#819=IFCDISTRIBUTIONPORT('1ICH68rSP95Okx3R4VpSXK',#818,'Inlet',$,$,#822,$,.SINK.,.NOTDEFINED.,$);
#820=IFCOWNERHISTORY(#3,#12,.READWRITE.,.MODIFIED.,1788297455,#3,#12,1788297455);
#821=IFCRELNESTS('3FPwa3JwP8PQb6ILohKkf5',#820,$,$,#796,(#819,#828));
#822=IFCLOCALPLACEMENT(#797,#826);
#823=IFCCARTESIANPOINT((0.,0.,0.));
#824=IFCDIRECTION((0.,0.,1.));
#825=IFCDIRECTION((1.,0.,0.));
#826=IFCAXIS2PLACEMENT3D(#823,#824,#825);
#827=IFCOWNERHISTORY(#3,#12,.READWRITE.,.ADDED.,1788297455,#3,#12,1788297455);
#828=IFCDISTRIBUTIONPORT('3O$zw78hzF9QJCInu25ANL',#827,'Outlet',$,$,#829,$,.SOURCE.,.NOTDEFINED.,$);
#829=IFCLOCALPLACEMENT(#797,#833);
#830=IFCCARTESIANPOINT((0.45000000000000279,0.,0.44999999999999923));
#831=IFCDIRECTION((1.,0.,-7.9323734373437595E-15));
#832=IFCDIRECTION((-7.9323734373437595E-15,0.,-1.));
#833=IFCAXIS2PLACEMENT3D(#830,#831,#832);
#834=IFCOWNERHISTORY(#3,#12,.READWRITE.,.MODIFIED.,1788297455,#3,#12,1788297455);
#835=IFCPIPESEGMENT('2edJOWu8bBFfFh6ENa$2qi',#834,$,$,$,#836,#854,$,$);
#836=IFCLOCALPLACEMENT($,#840);
#837=IFCCARTESIANPOINT((54.,56.549999999999997,11.));
#838=IFCDIRECTION((0.,-1.,0.));
#839=IFCDIRECTION((1.,0.,-0.));
#840=IFCAXIS2PLACEMENT3D(#837,#838,#839);
#847=IFCCARTESIANPOINT((0.,0.,0.));
#848=IFCDIRECTION((0.,0.,1.));
#849=IFCDIRECTION((1.,0.,0.));
#850=IFCAXIS2PLACEMENT3D(#847,#848,#849);
#851=IFCDIRECTION((0.,0.,1.));
#852=IFCEXTRUDEDAREASOLID(#594,#850,#851,6.0999999999999943);
#853=IFCSHAPEREPRESENTATION(#20,'Body','SweptSolid',(#852));
#854=IFCPRODUCTDEFINITIONSHAPE($,$,(#853));
#855=IFCOWNERHISTORY(#3,#12,.READWRITE.,.ADDED.,1788297455,#3,#12,1788297455);
#856=IFCDISTRIBUTIONPORT('3JZbQGAPX42Avms9hJKKCg',#855,'Inlet',$,$,#859,$,.SINK.,.NOTDEFINED.,$);
#857=IFCOWNERHISTORY(#3,#12,.READWRITE.,.MODIFIED.,1788297455,#3,#12,1788297455);
#858=IFCRELNESTS('1DoRnIyen7JRipnFficXki',#857,$,$,#835,(#856,#865));
#859=IFCLOCALPLACEMENT(#836,#863);
#860=IFCCARTESIANPOINT((0.,0.,0.));
#861=IFCDIRECTION((0.,0.,1.));
#862=IFCDIRECTION((1.,0.,0.));
#863=IFCAXIS2PLACEMENT3D(#860,#861,#862);
#864=IFCOWNERHISTORY(#3,#12,.READWRITE.,.ADDED.,1788297455,#3,#12,1788297455);
#865=IFCDISTRIBUTIONPORT('2rdHyiQv1EA9n9nWUXbTMm',#864,'Outlet',$,$,#866,$,.SOURCE.,.NOTDEFINED.,$);
#866=IFCLOCALPLACEMENT(#836,#870);
#867=IFCCARTESIANPOINT((0.,0.,6.0999999999999943));
#868=IFCDIRECTION((0.,0.,1.));
#869=IFCDIRECTION((1.,0.,0.));
#870=IFCAXIS2PLACEMENT3D(#867,#868,#869);
#871=IFCOWNERHISTORY(#3,#12,.READWRITE.,.MODIFIED.,1788297455,#3,#12,1788297455);
#872=IFCPIPEFITTING('3RBCTwbWDCJvmoQXnurgsI',#871,$,$,$,#873,#893,$,$);
#873=IFCLOCALPLACEMENT($,#877);
#874=IFCCARTESIANPOINT((54.,50.450000000000003,11.));
#875=IFCDIRECTION((0.,-1.,0.));
#876=IFCDIRECTION((-1.,0.,0.));
#877=IFCAXIS2PLACEMENT3D(#874,#875,#876);
#884=IFCCARTESIANPOINT((0.,0.,0.));
#885=IFCDIRECTION((0.,0.,1.));
#886=IFCDIRECTION((1.,0.,0.));
#887=IFCAXIS2PLACEMENT3D(#884,#885,#886);
#888=IFCCARTESIANPOINT((0.4500000000000029,0.,0.));
#889=IFCDIRECTION((0.,1.,0.));
#890=IFCAXIS1PLACEMENT(#888,#889);
#891=IFCREVOLVEDAREASOLID(#594,#887,#890,1.5707963267948966);
#892=IFCSHAPEREPRESENTATION(#20,'Body','SweptSolid',(#891));
#893=IFCPRODUCTDEFINITIONSHAPE($,$,(#892));
#894=IFCOWNERHISTORY(#3,#12,.READWRITE.,.ADDED.,1788297455,#3,#12,1788297455);
#895=IFCDISTRIBUTIONPORT('0hX7DVFnr05BPmmfpLV2ER',#894,'Inlet',$,$,#898,$,.SINK.,.NOTDEFINED.,$);
#896=IFCOWNERHISTORY(#3,#12,.READWRITE.,.MODIFIED.,1788297455,#3,#12,1788297455);
#897=IFCRELNESTS('2iLzlQyF5BsfADDFTIQK4P',#896,$,$,#872,(#895,#904));
#898=IFCLOCALPLACEMENT(#873,#902);
#899=IFCCARTESIANPOINT((0.,0.,0.));
#900=IFCDIRECTION((0.,0.,1.));
#901=IFCDIRECTION((1.,0.,0.));
#902=IFCAXIS2PLACEMENT3D(#899,#900,#901);
#903=IFCOWNERHISTORY(#3,#12,.READWRITE.,.ADDED.,1788297455,#3,#12,1788297455);
#904=IFCDISTRIBUTIONPORT('0TWDQoMTX44PwE_GS0cQcP',#903,'Outlet',$,$,#905,$,.SOURCE.,.NOTDEFINED.,$);
#905=IFCLOCALPLACEMENT(#873,#909);
#906=IFCCARTESIANPOINT((0.4500000000000029,0.,0.4500000000000029));
#907=IFCDIRECTION((1.,0.,6.123233995736766E-17));
#908=IFCDIRECTION((6.123233995736766E-17,0.,-1.));
#909=IFCAXIS2PLACEMENT3D(#906,#907,#908);
#910=IFCOWNERHISTORY(#3,#12,.READWRITE.,.MODIFIED.,1788297455,#3,#12,1788297455);
#911=IFCPIPESEGMENT('2YouFLbJHDXRYON_gsB89K',#910,$,$,$,#912,#930,$,$);
#912=IFCLOCALPLACEMENT($,#916);
#913=IFCCARTESIANPOINT((53.549999999999997,50.,11.));
#914=IFCDIRECTION((-1.,0.,0.));
#915=IFCDIRECTION((0.,-1.,0.));
#916=IFCAXIS2PLACEMENT3D(#913,#914,#915);
#923=IFCCARTESIANPOINT((0.,0.,0.));
#924=IFCDIRECTION((0.,0.,1.));
#925=IFCDIRECTION((1.,0.,0.));
#926=IFCAXIS2PLACEMENT3D(#923,#924,#925);
#927=IFCDIRECTION((0.,0.,1.));
#928=IFCEXTRUDEDAREASOLID(#594,#926,#927,0.54999999999999716);
#929=IFCSHAPEREPRESENTATION(#20,'Body','SweptSolid',(#928));
#930=IFCPRODUCTDEFINITIONSHAPE($,$,(#929));
#931=IFCOWNERHISTORY(#3,#12,.READWRITE.,.ADDED.,1788297455,#3,#12,1788297455);
#932=IFCDISTRIBUTIONPORT('09H1zlMOT0d8WTeZCShb33',#931,'Inlet',$,$,#935,$,.SINK.,.NOTDEFINED.,$);
#933=IFCOWNERHISTORY(#3,#12,.READWRITE.,.MODIFIED.,1788297455,#3,#12,1788297455);
#934=IFCRELNESTS('1Ay37qTnP3$RNaHzHTqwLv',#933,$,$,#911,(#941,#932));
#935=IFCLOCALPLACEMENT(#912,#939);
#936=IFCCARTESIANPOINT((0.,0.,0.));
#937=IFCDIRECTION((0.,0.,1.));
#938=IFCDIRECTION((1.,0.,0.));
#939=IFCAXIS2PLACEMENT3D(#936,#937,#938);
#940=IFCOWNERHISTORY(#3,#12,.READWRITE.,.ADDED.,1788297455,#3,#12,1788297455);
#941=IFCDISTRIBUTIONPORT('1YfyDuT$fAy9gASMLU14f4',#940,'Outlet',$,$,#942,$,.NOTDEFINED.,.NOTDEFINED.,$);
#942=IFCLOCALPLACEMENT(#912,#946);
#943=IFCCARTESIANPOINT((0.,0.,0.54999999999999716));
#944=IFCDIRECTION((0.,0.,1.));
#945=IFCDIRECTION((1.,0.,0.));
#946=IFCAXIS2PLACEMENT3D(#943,#944,#945);
#947=IFCOWNERHISTORY(#3,#12,.READWRITE.,.ADDED.,1788297455,#3,#12,1788297455);
#948=IFCRELCONNECTSPORTS('15MhyMXWTEiQIhHNfSVWPs',#947,$,$,#638,#667,$);
#949=IFCOWNERHISTORY(#3,#12,.READWRITE.,.ADDED.,1788297455,#3,#12,1788297455);
#950=IFCRELCONNECTSPORTS('2hJ$IOMFvDe9rFwOTVW1Ij',#949,$,$,#676,#704,$);
#951=IFCOWNERHISTORY(#3,#12,.READWRITE.,.ADDED.,1788297455,#3,#12,1788297455);
#952=IFCRELCONNECTSPORTS('29$Yik3gv9cvc5hX3Ibm5R',#951,$,$,#713,#743,$);
#953=IFCOWNERHISTORY(#3,#12,.READWRITE.,.ADDED.,1788297455,#3,#12,1788297455);
#954=IFCRELCONNECTSPORTS('3ftSMmdqb3WuR4fHpICeiM',#953,$,$,#752,#780,$);
#955=IFCOWNERHISTORY(#3,#12,.READWRITE.,.ADDED.,1788297455,#3,#12,1788297455);
#956=IFCRELCONNECTSPORTS('0$Qv1txu5AkB27eh6eWC$K',#955,$,$,#789,#819,$);
#957=IFCOWNERHISTORY(#3,#12,.READWRITE.,.ADDED.,1788297455,#3,#12,1788297455);
#958=IFCRELCONNECTSPORTS('1nDIl0Z3TCWxhz44LZFuXJ',#957,$,$,#828,#856,$);
#959=IFCOWNERHISTORY(#3,#12,.READWRITE.,.ADDED.,1788297455,#3,#12,1788297455);
#960=IFCRELCONNECTSPORTS('1JGpdk4GvCHRc5BTysFrxY',#959,$,$,#865,#895,$);
#961=IFCOWNERHISTORY(#3,#12,.READWRITE.,.ADDED.,1788297455,#3,#12,1788297455);
#962=IFCRELCONNECTSPORTS('3F9N0zykv2lQ_RS7Tdkmgd',#961,$,$,#904,#932,$);
#963=IFCOWNERHISTORY(#3,#12,.READWRITE.,.ADDED.,1788297455,#3,#12,1788297455);
#964=IFCRELCONNECTSPORTS('2YNOkcAUv0SBTK50wkcqXG',#963,$,$,#141,#629,$);
#965=IFCOWNERHISTORY(#3,#12,.READWRITE.,.ADDED.,1788297455,#3,#12,1788297455);
#966=IFCRELCONNECTSPORTS('2hVMmI275FIvQ7u$CDZYsF',#965,$,$,#629,#141,$);
#967=IFCOWNERHISTORY(#3,#12,.READWRITE.,.ADDED.,1788297455,#3,#12,1788297455);
#968=IFCRELCONNECTSPORTS('19TuEWlQjCsxnkgzaeqTeE',#967,$,$,#941,#440,$);
#969=IFCOWNERHISTORY(#3,#12,.READWRITE.,.ADDED.,1788297455,#3,#12,1788297455);
#970=IFCRELCONNECTSPORTS('08eiwsRKzD2gIRpkOWeKmx',#969,$,$,#440,#941,$);
#971=IFCOWNERHISTORY(#3,#12,.READWRITE.,.MODIFIED.,1788297455,#3,#12,1788297455);
#972=IFCRELCONTAINEDINSPATIALSTRUCTURE('2sMIRd8HPCcBMCyIQsTZX6',#971,$,$,(#1011,#911,#1528,#1202,#1452,#1376,#872,#796,#720,#645,#974,#1050,#1126,#1278,#1567,#1491,#1239,#605,#1415,#1087,#1163,#759,#683,#835,#1339),#41);
#973=IFCOWNERHISTORY(#3,#12,.READWRITE.,.MODIFIED.,1788297455,#3,#12,1788297455);
#974=IFCPIPESEGMENT('2F7QvokqTEvBUhoBWm$esF',#973,$,$,$,#975,#993,$,$);
#975=IFCLOCALPLACEMENT($,#979);
#976=IFCCARTESIANPOINT((49.310000000000002,68.709999999999994,2.9100000000000001));
#977=IFCDIRECTION((-0.23312224693629127,0.97008935015425346,0.067680652336342823));
#978=IFCDIRECTION((-0.97231884244389499,-0.2336580164012439,0.));
#979=IFCAXIS2PLACEMENT3D(#976,#977,#978);
#986=IFCCARTESIANPOINT((0.,0.,0.));
#987=IFCDIRECTION((0.,0.,1.));
#988=IFCDIRECTION((1.,0.,0.));
#989=IFCAXIS2PLACEMENT3D(#986,#987,#988);
#990=IFCDIRECTION((0.,0.,1.));
#991=IFCEXTRUDEDAREASOLID(#594,#989,#990,0.84821392243758509);
#992=IFCSHAPEREPRESENTATION(#20,'Body','SweptSolid',(#991));
#993=IFCPRODUCTDEFINITIONSHAPE($,$,(#992));
#994=IFCOWNERHISTORY(#3,#12,.READWRITE.,.ADDED.,1788297455,#3,#12,1788297455);
#995=IFCDISTRIBUTIONPORT('23rIqhm4z0cPUFBLPvNzkJ',#994,'Inlet',$,$,#998,$,.NOTDEFINED.,.NOTDEFINED.,$);
#996=IFCOWNERHISTORY(#3,#12,.READWRITE.,.MODIFIED.,1788297455,#3,#12,1788297455);
#997=IFCRELNESTS('13iCPoVXj26hnh1tLkq3GW',#996,$,$,#974,(#995,#1004));
#998=IFCLOCALPLACEMENT(#975,#1002);
#999=IFCCARTESIANPOINT((0.,0.,0.));
#1000=IFCDIRECTION((0.,0.,1.));
#1001=IFCDIRECTION((1.,0.,0.));
#1002=IFCAXIS2PLACEMENT3D(#999,#1000,#1001);
#1003=IFCOWNERHISTORY(#3,#12,.READWRITE.,.ADDED.,1788297455,#3,#12,1788297455);
#1004=IFCDISTRIBUTIONPORT('2VBBGoRyHDywDEHZjpW8rd',#1003,'Outlet',$,$,#1005,$,.SOURCE.,.NOTDEFINED.,$);
#1005=IFCLOCALPLACEMENT(#975,#1009);
#1006=IFCCARTESIANPOINT((0.,0.,0.84821392243758509));
#1007=IFCDIRECTION((0.,0.,1.));
#1008=IFCDIRECTION((1.,0.,0.));
#1009=IFCAXIS2PLACEMENT3D(#1006,#1007,#1008);
#1010=IFCOWNERHISTORY(#3,#12,.READWRITE.,.MODIFIED.,1788297455,#3,#12,1788297455);
#1011=IFCPIPEFITTING('1OiywgZRf319gBC6uLW2_I',#1010,$,$,$,#1012,#1032,$,$);
#1012=IFCLOCALPLACEMENT($,#1016);
#1013=IFCCARTESIANPOINT((49.112262464518707,69.532843292809261,2.967407671591344));
#1014=IFCDIRECTION((-0.23312224693629177,0.97008935015425313,0.067680652336347208));
#1015=IFCDIRECTION((-0.015814126973659859,0.065807173535523192,-0.99770703580726872));
#1016=IFCAXIS2PLACEMENT3D(#1013,#1014,#1015);
#1023=IFCCARTESIANPOINT((0.,0.,0.));
#1024=IFCDIRECTION((0.,0.,1.));
#1025=IFCDIRECTION((1.,0.,0.));
#1026=IFCAXIS2PLACEMENT3D(#1023,#1024,#1025);
#1027=IFCCARTESIANPOINT((0.45000000000000079,0.,0.));
#1028=IFCDIRECTION((0.,1.,0.));
#1029=IFCAXIS1PLACEMENT(#1027,#1028);
#1030=IFCREVOLVEDAREASOLID(#594,#1026,#1029,1.6385287563945325);
#1031=IFCSHAPEREPRESENTATION(#20,'Body','SweptSolid',(#1030));
#1032=IFCPRODUCTDEFINITIONSHAPE($,$,(#1031));
#1033=IFCOWNERHISTORY(#3,#12,.READWRITE.,.ADDED.,1788297455,#3,#12,1788297455);
#1034=IFCDISTRIBUTIONPORT('1mUsWx_P15SQhCRweC9wj4',#1033,'Inlet',$,$,#1037,$,.SINK.,.NOTDEFINED.,$);
#1035=IFCOWNERHISTORY(#3,#12,.READWRITE.,.MODIFIED.,1788297455,#3,#12,1788297455);
#1036=IFCRELNESTS('3UZbchMCvEJhgNFlk4kjGK',#1035,$,$,#1011,(#1034,#1043));
#1037=IFCLOCALPLACEMENT(#1012,#1041);
#1038=IFCCARTESIANPOINT((0.,0.,0.));
#1039=IFCDIRECTION((0.,0.,1.));
#1040=IFCDIRECTION((1.,0.,0.));
#1041=IFCAXIS2PLACEMENT3D(#1038,#1039,#1040);
#1042=IFCOWNERHISTORY(#3,#12,.READWRITE.,.ADDED.,1788297455,#3,#12,1788297455);
#1043=IFCDISTRIBUTIONPORT('1D1yHCWWn82uU18Tes9ZE$',#1042,'Outlet',$,$,#1044,$,.SOURCE.,.NOTDEFINED.,$);
#1044=IFCLOCALPLACEMENT(#1012,#1048);
#1045=IFCCARTESIANPOINT((0.48045629355136998,0.,0.44896816611327078));
#1046=IFCDIRECTION((0.99770703580726672,0.,-0.067680652336375866));
#1047=IFCDIRECTION((-0.067680652336375866,0.,-0.99770703580726672));
#1048=IFCAXIS2PLACEMENT3D(#1045,#1046,#1047);
#1049=IFCOWNERHISTORY(#3,#12,.READWRITE.,.MODIFIED.,1788297455,#3,#12,1788297455);
#1050=IFCPIPESEGMENT('2w1rpyt$19ZfX5NQLotgeA',#1049,$,$,$,#1051,#1069,$,$);
#1051=IFCLOCALPLACEMENT($,#1055);
#1052=IFCCARTESIANPOINT((49.,70.,2.518439505478073));
#1053=IFCDIRECTION((0.,0.,-1.));
#1054=IFCDIRECTION((1.,0.,0.));
#1055=IFCAXIS2PLACEMENT3D(#1052,#1053,#1054);
#1062=IFCCARTESIANPOINT((0.,0.,0.));
#1063=IFCDIRECTION((0.,0.,1.));
#1064=IFCDIRECTION((1.,0.,0.));
#1065=IFCAXIS2PLACEMENT3D(#1062,#1063,#1064);
#1066=IFCDIRECTION((0.,0.,1.));
#1067=IFCEXTRUDEDAREASOLID(#594,#1065,#1066,1.0684395054780731);
#1068=IFCSHAPEREPRESENTATION(#20,'Body','SweptSolid',(#1067));
#1069=IFCPRODUCTDEFINITIONSHAPE($,$,(#1068));
#1070=IFCOWNERHISTORY(#3,#12,.READWRITE.,.ADDED.,1788297455,#3,#12,1788297455);
#1071=IFCDISTRIBUTIONPORT('23PumqFIr1pPTPwYKoi9vF',#1070,'Inlet',$,$,#1074,$,.SINK.,.NOTDEFINED.,$);
#1072=IFCOWNERHISTORY(#3,#12,.READWRITE.,.MODIFIED.,1788297455,#3,#12,1788297455);
#1073=IFCRELNESTS('2dJm5sy8T0VRKzb4pAGtSX',#1072,$,$,#1050,(#1071,#1080));
#1074=IFCLOCALPLACEMENT(#1051,#1078);
#1075=IFCCARTESIANPOINT((0.,0.,0.));
#1076=IFCDIRECTION((0.,0.,1.));
#1077=IFCDIRECTION((1.,0.,0.));
#1078=IFCAXIS2PLACEMENT3D(#1075,#1076,#1077);
#1079=IFCOWNERHISTORY(#3,#12,.READWRITE.,.ADDED.,1788297455,#3,#12,1788297455);
#1080=IFCDISTRIBUTIONPORT('0VTtnYieH55P$xrl3xJYnZ',#1079,'Outlet',$,$,#1081,$,.SOURCE.,.NOTDEFINED.,$);
#1081=IFCLOCALPLACEMENT(#1051,#1085);
#1082=IFCCARTESIANPOINT((0.,0.,1.0684395054780731));
#1083=IFCDIRECTION((0.,0.,1.));
#1084=IFCDIRECTION((1.,0.,0.));
#1085=IFCAXIS2PLACEMENT3D(#1082,#1083,#1084);
#1086=IFCOWNERHISTORY(#3,#12,.READWRITE.,.MODIFIED.,1788297455,#3,#12,1788297455);
#1087=IFCPIPEFITTING('1mh2u2pq1C2QHh86GM1Ap1',#1086,$,$,$,#1088,#1108,$,$);
#1088=IFCLOCALPLACEMENT($,#1092);
#1089=IFCCARTESIANPOINT((49.,70.,1.45));
#1090=IFCDIRECTION((0.,0.,-1.));
#1091=IFCDIRECTION((0.,-1.,0.));
#1092=IFCAXIS2PLACEMENT3D(#1089,#1090,#1091);
#1099=IFCCARTESIANPOINT((0.,0.,0.));
#1100=IFCDIRECTION((0.,0.,1.));
#1101=IFCDIRECTION((1.,0.,0.));
#1102=IFCAXIS2PLACEMENT3D(#1099,#1100,#1101);
#1103=IFCCARTESIANPOINT((0.4499999999999999,0.,0.));
#1104=IFCDIRECTION((0.,1.,0.));
#1105=IFCAXIS1PLACEMENT(#1103,#1104);
#1106=IFCREVOLVEDAREASOLID(#594,#1102,#1105,1.5707963267949026);
#1107=IFCSHAPEREPRESENTATION(#20,'Body','SweptSolid',(#1106));
#1108=IFCPRODUCTDEFINITIONSHAPE($,$,(#1107));
#1109=IFCOWNERHISTORY(#3,#12,.READWRITE.,.ADDED.,1788297455,#3,#12,1788297455);
#1110=IFCDISTRIBUTIONPORT('0x3IJjrrf14Bbhinsf6Lis',#1109,'Inlet',$,$,#1113,$,.SINK.,.NOTDEFINED.,$);
#1111=IFCOWNERHISTORY(#3,#12,.READWRITE.,.MODIFIED.,1788297455,#3,#12,1788297455);
#1112=IFCRELNESTS('1fU1LCXXf8VOYwQ1qtu8RA',#1111,$,$,#1087,(#1110,#1119));
#1113=IFCLOCALPLACEMENT(#1088,#1117);
#1114=IFCCARTESIANPOINT((0.,0.,0.));
#1115=IFCDIRECTION((0.,0.,1.));
#1116=IFCDIRECTION((1.,0.,0.));
#1117=IFCAXIS2PLACEMENT3D(#1114,#1115,#1116);
#1118=IFCOWNERHISTORY(#3,#12,.READWRITE.,.ADDED.,1788297455,#3,#12,1788297455);
#1119=IFCDISTRIBUTIONPORT('0hHeeglhvFXRasyVFQvFMh',#1118,'Outlet',$,$,#1120,$,.SOURCE.,.NOTDEFINED.,$);
#1120=IFCLOCALPLACEMENT(#1088,#1124);
#1121=IFCCARTESIANPOINT((0.45000000000000256,0.,0.4499999999999999));
#1122=IFCDIRECTION((1.,0.,-5.9339719930184777E-15));
#1123=IFCDIRECTION((-5.9339719930184777E-15,0.,-1.));
#1124=IFCAXIS2PLACEMENT3D(#1121,#1122,#1123);
#1125=IFCOWNERHISTORY(#3,#12,.READWRITE.,.MODIFIED.,1788297455,#3,#12,1788297455);
#1126=IFCPIPESEGMENT('0wrVxQjyPBDRMJ9QBmuyRG',#1125,$,$,$,#1127,#1145,$,$);
#1127=IFCLOCALPLACEMENT($,#1131);
#1128=IFCCARTESIANPOINT((49.,69.549999999999997,1.));
#1129=IFCDIRECTION((0.,-1.,0.));
#1130=IFCDIRECTION((1.,0.,-0.));
#1131=IFCAXIS2PLACEMENT3D(#1128,#1129,#1130);
#1138=IFCCARTESIANPOINT((0.,0.,0.));
#1139=IFCDIRECTION((0.,0.,1.));
#1140=IFCDIRECTION((1.,0.,0.));
#1141=IFCAXIS2PLACEMENT3D(#1138,#1139,#1140);
#1142=IFCDIRECTION((0.,0.,1.));
#1143=IFCEXTRUDEDAREASOLID(#594,#1141,#1142,12.099999999999994);
#1144=IFCSHAPEREPRESENTATION(#20,'Body','SweptSolid',(#1143));
#1145=IFCPRODUCTDEFINITIONSHAPE($,$,(#1144));
#1146=IFCOWNERHISTORY(#3,#12,.READWRITE.,.ADDED.,1788297455,#3,#12,1788297455);
#1147=IFCDISTRIBUTIONPORT('3Lg4RakKHEzAL3Q5j_GONt',#1146,'Inlet',$,$,#1150,$,.SINK.,.NOTDEFINED.,$);
#1148=IFCOWNERHISTORY(#3,#12,.READWRITE.,.MODIFIED.,1788297455,#3,#12,1788297455);
#1149=IFCRELNESTS('2MVljz6rb3TA3EMSXdg4yn',#1148,$,$,#1126,(#1147,#1156));
#1150=IFCLOCALPLACEMENT(#1127,#1154);
#1151=IFCCARTESIANPOINT((0.,0.,0.));
#1152=IFCDIRECTION((0.,0.,1.));
#1153=IFCDIRECTION((1.,0.,0.));
#1154=IFCAXIS2PLACEMENT3D(#1151,#1152,#1153);
#1155=IFCOWNERHISTORY(#3,#12,.READWRITE.,.ADDED.,1788297455,#3,#12,1788297455);
#1156=IFCDISTRIBUTIONPORT('073sYiG9b87gjjVSlvbQ9X',#1155,'Outlet',$,$,#1157,$,.SOURCE.,.NOTDEFINED.,$);
#1157=IFCLOCALPLACEMENT(#1127,#1161);
#1158=IFCCARTESIANPOINT((0.,0.,12.099999999999994));
#1159=IFCDIRECTION((0.,0.,1.));
#1160=IFCDIRECTION((1.,0.,0.));
#1161=IFCAXIS2PLACEMENT3D(#1158,#1159,#1160);
#1162=IFCOWNERHISTORY(#3,#12,.READWRITE.,.MODIFIED.,1788297455,#3,#12,1788297455);
#1163=IFCPIPEFITTING('3aaZ0DKa9FSwj8Y9Yg7ZL2',#1162,$,$,$,#1164,#1184,$,$);
#1164=IFCLOCALPLACEMENT($,#1168);
#1165=IFCCARTESIANPOINT((49.,57.450000000000003,1.));
#1166=IFCDIRECTION((0.,-1.,0.));
#1167=IFCDIRECTION((1.,0.,0.));
#1168=IFCAXIS2PLACEMENT3D(#1165,#1166,#1167);
#1175=IFCCARTESIANPOINT((0.,0.,0.));
#1176=IFCDIRECTION((0.,0.,1.));
#1177=IFCDIRECTION((1.,0.,0.));
#1178=IFCAXIS2PLACEMENT3D(#1175,#1176,#1177);
#1179=IFCCARTESIANPOINT((0.4500000000000029,0.,0.));
#1180=IFCDIRECTION((0.,1.,0.));
#1181=IFCAXIS1PLACEMENT(#1179,#1180);
#1182=IFCREVOLVEDAREASOLID(#594,#1178,#1181,1.5707963267948966);
#1183=IFCSHAPEREPRESENTATION(#20,'Body','SweptSolid',(#1182));
#1184=IFCPRODUCTDEFINITIONSHAPE($,$,(#1183));
#1185=IFCOWNERHISTORY(#3,#12,.READWRITE.,.ADDED.,1788297455,#3,#12,1788297455);
#1186=IFCDISTRIBUTIONPORT('2KW2k96XL6ZQ4alE2D5Kxm',#1185,'Inlet',$,$,#1189,$,.SINK.,.NOTDEFINED.,$);
#1187=IFCOWNERHISTORY(#3,#12,.READWRITE.,.MODIFIED.,1788297455,#3,#12,1788297455);
#1188=IFCRELNESTS('0FVLlKMpv3W88Jqp0yCu$K',#1187,$,$,#1163,(#1186,#1195));
#1189=IFCLOCALPLACEMENT(#1164,#1193);
#1190=IFCCARTESIANPOINT((0.,0.,0.));
#1191=IFCDIRECTION((0.,0.,1.));
#1192=IFCDIRECTION((1.,0.,0.));
#1193=IFCAXIS2PLACEMENT3D(#1190,#1191,#1192);
#1194=IFCOWNERHISTORY(#3,#12,.READWRITE.,.ADDED.,1788297455,#3,#12,1788297455);
#1195=IFCDISTRIBUTIONPORT('0mAJpt451Akgumh2WFY5QG',#1194,'Outlet',$,$,#1196,$,.SOURCE.,.NOTDEFINED.,$);
#1196=IFCLOCALPLACEMENT(#1164,#1200);
#1197=IFCCARTESIANPOINT((0.4500000000000029,0.,0.4500000000000029));
#1198=IFCDIRECTION((1.,0.,6.123233995736766E-17));
#1199=IFCDIRECTION((6.123233995736766E-17,0.,-1.));
#1200=IFCAXIS2PLACEMENT3D(#1197,#1198,#1199);
#1201=IFCOWNERHISTORY(#3,#12,.READWRITE.,.MODIFIED.,1788297455,#3,#12,1788297455);
#1202=IFCPIPESEGMENT('0sUgUuSg5DJOOMsYumuCHY',#1201,$,$,$,#1203,#1221,$,$);
#1203=IFCLOCALPLACEMENT($,#1207);
#1204=IFCCARTESIANPOINT((49.450000000000003,57.,1.));
#1205=IFCDIRECTION((1.,0.,0.));
#1206=IFCDIRECTION((0.,1.,0.));
#1207=IFCAXIS2PLACEMENT3D(#1204,#1205,#1206);
#1214=IFCCARTESIANPOINT((0.,0.,0.));
#1215=IFCDIRECTION((0.,0.,1.));
#1216=IFCDIRECTION((1.,0.,0.));
#1217=IFCAXIS2PLACEMENT3D(#1214,#1215,#1216);
#1218=IFCDIRECTION((0.,0.,1.));
#1219=IFCEXTRUDEDAREASOLID(#594,#1217,#1218,15.076967324494149);
#1220=IFCSHAPEREPRESENTATION(#20,'Body','SweptSolid',(#1219));
#1221=IFCPRODUCTDEFINITIONSHAPE($,$,(#1220));
#1222=IFCOWNERHISTORY(#3,#12,.READWRITE.,.ADDED.,1788297455,#3,#12,1788297455);
#1223=IFCDISTRIBUTIONPORT('0m$w8tPcb5UuYJ$Jod5fOJ',#1222,'Inlet',$,$,#1226,$,.SINK.,.NOTDEFINED.,$);
#1224=IFCOWNERHISTORY(#3,#12,.READWRITE.,.MODIFIED.,1788297455,#3,#12,1788297455);
#1225=IFCRELNESTS('3GZI8O9QTCagQxYFo9g6pe',#1224,$,$,#1202,(#1223,#1232));
#1226=IFCLOCALPLACEMENT(#1203,#1230);
#1227=IFCCARTESIANPOINT((0.,0.,0.));
#1228=IFCDIRECTION((0.,0.,1.));
#1229=IFCDIRECTION((1.,0.,0.));
#1230=IFCAXIS2PLACEMENT3D(#1227,#1228,#1229);
#1231=IFCOWNERHISTORY(#3,#12,.READWRITE.,.ADDED.,1788297455,#3,#12,1788297455);
#1232=IFCDISTRIBUTIONPORT('0pmWhrYwj4MOTxozDbk8Dk',#1231,'Outlet',$,$,#1233,$,.SOURCE.,.NOTDEFINED.,$);
#1233=IFCLOCALPLACEMENT(#1203,#1237);
#1234=IFCCARTESIANPOINT((0.,0.,15.076967324494149));
#1235=IFCDIRECTION((0.,0.,1.));
#1236=IFCDIRECTION((1.,0.,0.));
#1237=IFCAXIS2PLACEMENT3D(#1234,#1235,#1236);
#1238=IFCOWNERHISTORY(#3,#12,.READWRITE.,.MODIFIED.,1788297455,#3,#12,1788297455);
#1239=IFCPIPEFITTING('0oTvl5yiPCoB0KhTe94yFf',#1238,$,$,$,#1240,#1260,$,$);
#1240=IFCLOCALPLACEMENT($,#1244);
#1241=IFCCARTESIANPOINT((64.526967324494152,57.,1.));
#1242=IFCDIRECTION((1.,0.,-9.3881296757177611E-16));
#1243=IFCDIRECTION((9.3764164713116146E-16,-0.049937616943895161,0.99875233887784454));
#1244=IFCAXIS2PLACEMENT3D(#1241,#1242,#1243);
#1251=IFCCARTESIANPOINT((0.,0.,0.));
#1252=IFCDIRECTION((0.,0.,1.));
#1253=IFCDIRECTION((1.,0.,0.));
#1254=IFCAXIS2PLACEMENT3D(#1251,#1252,#1253);
#1255=IFCCARTESIANPOINT((0.44999999999999962,0.,0.));
#1256=IFCDIRECTION((0.,1.,0.));
#1257=IFCAXIS1PLACEMENT(#1255,#1256);
#1258=IFCREVOLVEDAREASOLID(#594,#1254,#1257,1.6206924948359207);
#1259=IFCSHAPEREPRESENTATION(#20,'Body','SweptSolid',(#1258));
#1260=IFCPRODUCTDEFINITIONSHAPE($,$,(#1259));
#1261=IFCOWNERHISTORY(#3,#12,.READWRITE.,.ADDED.,1788297455,#3,#12,1788297455);
#1262=IFCDISTRIBUTIONPORT('0MB_IqVdf5sfOhr4e127mh',#1261,'Inlet',$,$,#1265,$,.SINK.,.NOTDEFINED.,$);
#1263=IFCOWNERHISTORY(#3,#12,.READWRITE.,.MODIFIED.,1788297455,#3,#12,1788297455);
#1264=IFCRELNESTS('1HHEhn8$v7yvfXpI7Mzfou',#1263,$,$,#1239,(#1262,#1271));
#1265=IFCLOCALPLACEMENT(#1240,#1269);
#1266=IFCCARTESIANPOINT((0.,0.,0.));
#1267=IFCDIRECTION((0.,0.,1.));
#1268=IFCDIRECTION((1.,0.,0.));
#1269=IFCAXIS2PLACEMENT3D(#1266,#1267,#1268);
#1270=IFCOWNERHISTORY(#3,#12,.READWRITE.,.ADDED.,1788297455,#3,#12,1788297455);
#1271=IFCDISTRIBUTIONPORT('1KDzmcqXr9QQaCaCI5n4HO',#1270,'Outlet',$,$,#1272,$,.SOURCE.,.NOTDEFINED.,$);
#1272=IFCLOCALPLACEMENT(#1240,#1276);
#1273=IFCCARTESIANPOINT((0.47244396006242312,0.,0.44943995000079379));
#1274=IFCDIRECTION((0.99875544444620923,0.,-0.04987546680538555));
#1275=IFCDIRECTION((-0.04987546680538555,0.,-0.99875544444620923));
#1276=IFCAXIS2PLACEMENT3D(#1273,#1274,#1275);
#1277=IFCOWNERHISTORY(#3,#12,.READWRITE.,.MODIFIED.,1788297455,#3,#12,1788297455);
#1278=IFCPIPESEGMENT('1C89sAtGD5FBHoNsH57RPK',#1277,$,$,$,#1279,#1297,$,$);
#1279=IFCLOCALPLACEMENT($,#1283);
#1280=IFCCARTESIANPOINT((64.976407274494946,56.976407274494946,1.4718545101010536));
#1281=IFCDIRECTION((-0.049875466805373657,-0.049875466805373657,0.9975093361076337));
#1282=IFCDIRECTION((0.70710678118654746,-0.70710678118654746,0.));
#1283=IFCAXIS2PLACEMENT3D(#1280,#1281,#1282);
#1290=IFCCARTESIANPOINT((0.,0.,0.));
#1291=IFCDIRECTION((0.,0.,1.));
#1292=IFCDIRECTION((1.,0.,0.));
#1293=IFCAXIS2PLACEMENT3D(#1290,#1291,#1292);
#1294=IFCDIRECTION((0.,0.,1.));
#1295=IFCEXTRUDEDAREASOLID(#594,#1293,#1294,0.52946420728232479);
#1296=IFCSHAPEREPRESENTATION(#20,'Body','SweptSolid',(#1295));
#1297=IFCPRODUCTDEFINITIONSHAPE($,$,(#1296));
#1298=IFCOWNERHISTORY(#3,#12,.READWRITE.,.ADDED.,1788297455,#3,#12,1788297455);
#1299=IFCDISTRIBUTIONPORT('0h6A9uPMnCLOBJqJmkw7$2',#1298,'Inlet',$,$,#1302,$,.SINK.,.NOTDEFINED.,$);
#1300=IFCOWNERHISTORY(#3,#12,.READWRITE.,.MODIFIED.,1788297455,#3,#12,1788297455);
#1301=IFCRELNESTS('2MVhQ8hjH4cPZwSzqxrDpp',#1300,$,$,#1278,(#1299,#1308));
#1302=IFCLOCALPLACEMENT(#1279,#1306);
#1303=IFCCARTESIANPOINT((0.,0.,0.));
#1304=IFCDIRECTION((0.,0.,1.));
#1305=IFCDIRECTION((1.,0.,0.));
#1306=IFCAXIS2PLACEMENT3D(#1303,#1304,#1305);
#1307=IFCOWNERHISTORY(#3,#12,.READWRITE.,.ADDED.,1788297455,#3,#12,1788297455);
#1308=IFCDISTRIBUTIONPORT('16PGtsCLPDlfiG5cINq5H1',#1307,'Outlet',$,$,#1309,$,.NOTDEFINED.,.NOTDEFINED.,$);
#1309=IFCLOCALPLACEMENT(#1279,#1313);
#1310=IFCCARTESIANPOINT((0.,0.,0.52946420728232479));
#1311=IFCDIRECTION((0.,0.,1.));
#1312=IFCDIRECTION((1.,0.,0.));
#1313=IFCAXIS2PLACEMENT3D(#1310,#1311,#1312);
#1314=IFCOWNERHISTORY(#3,#12,.READWRITE.,.ADDED.,1788297455,#3,#12,1788297455);
#1315=IFCRELCONNECTSPORTS('3_d1KLeRnDXALnEbJ2XGyX',#1314,$,$,#1004,#1034,$);
#1316=IFCOWNERHISTORY(#3,#12,.READWRITE.,.ADDED.,1788297455,#3,#12,1788297455);
#1317=IFCRELCONNECTSPORTS('3vB4KqaV1BUf7LGzhD2iYY',#1316,$,$,#1043,#1071,$);
#1318=IFCOWNERHISTORY(#3,#12,.READWRITE.,.ADDED.,1788297455,#3,#12,1788297455);
#1319=IFCRELCONNECTSPORTS('2IjLfSCz54BvUpQNVmfVUM',#1318,$,$,#1080,#1110,$);
#1320=IFCOWNERHISTORY(#3,#12,.READWRITE.,.ADDED.,1788297455,#3,#12,1788297455);
#1321=IFCRELCONNECTSPORTS('2FrpKjjIv00u4yIktzAyNL',#1320,$,$,#1119,#1147,$);
#1322=IFCOWNERHISTORY(#3,#12,.READWRITE.,.ADDED.,1788297455,#3,#12,1788297455);
#1323=IFCRELCONNECTSPORTS('0VnSlIhAn8VudsPi$49ndA',#1322,$,$,#1156,#1186,$);
#1324=IFCOWNERHISTORY(#3,#12,.READWRITE.,.ADDED.,1788297455,#3,#12,1788297455);
#1325=IFCRELCONNECTSPORTS('3596FYjDnABvuHQGP5DOPO',#1324,$,$,#1195,#1223,$);
#1326=IFCOWNERHISTORY(#3,#12,.READWRITE.,.ADDED.,1788297455,#3,#12,1788297455);
#1327=IFCRELCONNECTSPORTS('18UiJATRP8mxEpVgr6nrDi',#1326,$,$,#1232,#1262,$);
#1328=IFCOWNERHISTORY(#3,#12,.READWRITE.,.ADDED.,1788297455,#3,#12,1788297455);
#1329=IFCRELCONNECTSPORTS('3ItWqALTPDBBZYV4p3EG_r',#1328,$,$,#1271,#1299,$);
#1330=IFCOWNERHISTORY(#3,#12,.READWRITE.,.ADDED.,1788297455,#3,#12,1788297455);
#1331=IFCRELCONNECTSPORTS('2AfVMJlB1Aof3Kn$tAVR8s',#1330,$,$,#315,#995,$);
#1332=IFCOWNERHISTORY(#3,#12,.READWRITE.,.ADDED.,1788297455,#3,#12,1788297455);
#1333=IFCRELCONNECTSPORTS('2mtgs$EY17rOMQqXflgVo1',#1332,$,$,#995,#315,$);
#1334=IFCOWNERHISTORY(#3,#12,.READWRITE.,.ADDED.,1788297455,#3,#12,1788297455);
#1335=IFCRELCONNECTSPORTS('0nSdD15GrB0BKFHEQ6CUy7',#1334,$,$,#1308,#132,$);
#1336=IFCOWNERHISTORY(#3,#12,.READWRITE.,.ADDED.,1788297455,#3,#12,1788297455);
#1337=IFCRELCONNECTSPORTS('1FxDnldyP8UxslHUmiurSd',#1336,$,$,#132,#1308,$);
#1338=IFCOWNERHISTORY(#3,#12,.READWRITE.,.MODIFIED.,1788297455,#3,#12,1788297455);
#1339=IFCPIPESEGMENT('14dKMUd9r69Bxs3WI97dPO',#1338,$,$,$,#1340,#1358,$,$);
#1340=IFCLOCALPLACEMENT($,#1344);
#1341=IFCCARTESIANPOINT((50.,53.,11.));
#1342=IFCDIRECTION((0.,1.,0.));
#1343=IFCDIRECTION((-1.,0.,0.));
#1344=IFCAXIS2PLACEMENT3D(#1341,#1342,#1343);
#1351=IFCCARTESIANPOINT((0.,0.,0.));
#1352=IFCDIRECTION((0.,0.,1.));
#1353=IFCDIRECTION((1.,0.,0.));
#1354=IFCAXIS2PLACEMENT3D(#1351,#1352,#1353);
#1355=IFCDIRECTION((0.,0.,1.));
#1356=IFCEXTRUDEDAREASOLID(#594,#1354,#1355,9.5499999999999972);
#1357=IFCSHAPEREPRESENTATION(#20,'Body','SweptSolid',(#1356));
#1358=IFCPRODUCTDEFINITIONSHAPE($,$,(#1357));
#1359=IFCOWNERHISTORY(#3,#12,.READWRITE.,.ADDED.,1788297455,#3,#12,1788297455);
#1360=IFCDISTRIBUTIONPORT('0WI38ER5TCbQtbsmAr1I1Z',#1359,'Inlet',$,$,#1363,$,.NOTDEFINED.,.NOTDEFINED.,$);
#1361=IFCOWNERHISTORY(#3,#12,.READWRITE.,.MODIFIED.,1788297455,#3,#12,1788297455);
#1362=IFCRELNESTS('3TxHdtpDX7x8o9FWRFyz5t',#1361,$,$,#1339,(#1369,#1360));
#1363=IFCLOCALPLACEMENT(#1340,#1367);
#1364=IFCCARTESIANPOINT((0.,0.,0.));
#1365=IFCDIRECTION((0.,0.,1.));
#1366=IFCDIRECTION((1.,0.,0.));
#1367=IFCAXIS2PLACEMENT3D(#1364,#1365,#1366);
#1368=IFCOWNERHISTORY(#3,#12,.READWRITE.,.ADDED.,1788297455,#3,#12,1788297455);
#1369=IFCDISTRIBUTIONPORT('0Nhfi9Szf378MLmhAXo_Ep',#1368,'Outlet',$,$,#1370,$,.SOURCE.,.NOTDEFINED.,$);
#1370=IFCLOCALPLACEMENT(#1340,#1374);
#1371=IFCCARTESIANPOINT((0.,0.,9.5499999999999972));
#1372=IFCDIRECTION((0.,0.,1.));
#1373=IFCDIRECTION((1.,0.,0.));
#1374=IFCAXIS2PLACEMENT3D(#1371,#1372,#1373);
#1375=IFCOWNERHISTORY(#3,#12,.READWRITE.,.MODIFIED.,1788297455,#3,#12,1788297455);
#1376=IFCPIPEFITTING('1FZA$5xsb728tYHhwRfEz0',#1375,$,$,$,#1377,#1397,$,$);
#1377=IFCLOCALPLACEMENT($,#1381);
#1378=IFCCARTESIANPOINT((50.,62.549999999999997,11.));
#1379=IFCDIRECTION((0.,1.,7.8949192862232853E-15));
#1380=IFCDIRECTION((0.,7.8949192862232853E-15,-1.));
#1381=IFCAXIS2PLACEMENT3D(#1378,#1379,#1380);
#1388=IFCCARTESIANPOINT((0.,0.,0.));
#1389=IFCDIRECTION((0.,0.,1.));
#1390=IFCDIRECTION((1.,0.,0.));
#1391=IFCAXIS2PLACEMENT3D(#1388,#1389,#1390);
#1392=IFCCARTESIANPOINT((0.44999999999999923,0.,0.));
#1393=IFCDIRECTION((0.,1.,0.));
#1394=IFCAXIS1PLACEMENT(#1392,#1393);
#1395=IFCREVOLVEDAREASOLID(#594,#1391,#1394,1.5707963267949046);
#1396=IFCSHAPEREPRESENTATION(#20,'Body','SweptSolid',(#1395));
#1397=IFCPRODUCTDEFINITIONSHAPE($,$,(#1396));
#1398=IFCOWNERHISTORY(#3,#12,.READWRITE.,.ADDED.,1788297455,#3,#12,1788297455);
#1399=IFCDISTRIBUTIONPORT('2f3f0lviD6HOtkZT8IxuPG',#1398,'Inlet',$,$,#1402,$,.SINK.,.NOTDEFINED.,$);
#1400=IFCOWNERHISTORY(#3,#12,.READWRITE.,.MODIFIED.,1788297455,#3,#12,1788297455);
#1401=IFCRELNESTS('1fl3a8axPDgfdp3RDAVwW6',#1400,$,$,#1376,(#1399,#1408));
#1402=IFCLOCALPLACEMENT(#1377,#1406);
#1403=IFCCARTESIANPOINT((0.,0.,0.));
#1404=IFCDIRECTION((0.,0.,1.));
#1405=IFCDIRECTION((1.,0.,0.));
#1406=IFCAXIS2PLACEMENT3D(#1403,#1404,#1405);
#1407=IFCOWNERHISTORY(#3,#12,.READWRITE.,.ADDED.,1788297455,#3,#12,1788297455);
#1408=IFCDISTRIBUTIONPORT('0DYiDXbsH9ee99o5imiJJ_',#1407,'Outlet',$,$,#1409,$,.SOURCE.,.NOTDEFINED.,$);
#1409=IFCLOCALPLACEMENT(#1377,#1413);
#1410=IFCCARTESIANPOINT((0.45000000000000279,0.,0.44999999999999923));
#1411=IFCDIRECTION((1.,0.,-7.9323734373437595E-15));
#1412=IFCDIRECTION((-7.9323734373437595E-15,0.,-1.));
#1413=IFCAXIS2PLACEMENT3D(#1410,#1411,#1412);
#1414=IFCOWNERHISTORY(#3,#12,.READWRITE.,.MODIFIED.,1788297455,#3,#12,1788297455);
#1415=IFCPIPESEGMENT('06Nu5Ps_LFgBdUL5p8vbV1',#1414,$,$,$,#1416,#1434,$,$);
#1416=IFCLOCALPLACEMENT($,#1420);
#1417=IFCCARTESIANPOINT((50.,63.,10.550000000000001));
#1418=IFCDIRECTION((0.,0.,-1.));
#1419=IFCDIRECTION((1.,0.,0.));
#1420=IFCAXIS2PLACEMENT3D(#1417,#1418,#1419);
#1427=IFCCARTESIANPOINT((0.,0.,0.));
#1428=IFCDIRECTION((0.,0.,1.));
#1429=IFCDIRECTION((1.,0.,0.));
#1430=IFCAXIS2PLACEMENT3D(#1427,#1428,#1429);
#1431=IFCDIRECTION((0.,0.,1.));
#1432=IFCEXTRUDEDAREASOLID(#594,#1430,#1431,7.1000000000000005);
#1433=IFCSHAPEREPRESENTATION(#20,'Body','SweptSolid',(#1432));
#1434=IFCPRODUCTDEFINITIONSHAPE($,$,(#1433));
#1435=IFCOWNERHISTORY(#3,#12,.READWRITE.,.ADDED.,1788297455,#3,#12,1788297455);
#1436=IFCDISTRIBUTIONPORT('2Ebx3Zn1H4NxWatYp_0cII',#1435,'Inlet',$,$,#1439,$,.SINK.,.NOTDEFINED.,$);
#1437=IFCOWNERHISTORY(#3,#12,.READWRITE.,.MODIFIED.,1788297455,#3,#12,1788297455);
#1438=IFCRELNESTS('27VsK7Nxf47RKsWapQUO59',#1437,$,$,#1415,(#1445,#1436));
#1439=IFCLOCALPLACEMENT(#1416,#1443);
#1440=IFCCARTESIANPOINT((0.,0.,0.));
#1441=IFCDIRECTION((0.,0.,1.));
#1442=IFCDIRECTION((1.,0.,0.));
#1443=IFCAXIS2PLACEMENT3D(#1440,#1441,#1442);
#1444=IFCOWNERHISTORY(#3,#12,.READWRITE.,.ADDED.,1788297455,#3,#12,1788297455);
#1445=IFCDISTRIBUTIONPORT('2XtQIj0RP1TeVsSIoYfUJ$',#1444,'Outlet',$,$,#1446,$,.SOURCE.,.NOTDEFINED.,$);
#1446=IFCLOCALPLACEMENT(#1416,#1450);
#1447=IFCCARTESIANPOINT((0.,0.,7.1000000000000005));
#1448=IFCDIRECTION((0.,0.,1.));
#1449=IFCDIRECTION((1.,0.,0.));
#1450=IFCAXIS2PLACEMENT3D(#1447,#1448,#1449);
#1451=IFCOWNERHISTORY(#3,#12,.READWRITE.,.MODIFIED.,1788297455,#3,#12,1788297455);
#1452=IFCPIPEFITTING('31A9B2UBL4iw7A9qaHImd0',#1451,$,$,$,#1453,#1473,$,$);
#1453=IFCLOCALPLACEMENT($,#1457);
#1454=IFCCARTESIANPOINT((50.,63.,3.4500000000000002));
#1455=IFCDIRECTION((0.,0.,-1.));
#1456=IFCDIRECTION((-1.,0.,0.));
#1457=IFCAXIS2PLACEMENT3D(#1454,#1455,#1456);
#1464=IFCCARTESIANPOINT((0.,0.,0.));
#1465=IFCDIRECTION((0.,0.,1.));
#1466=IFCDIRECTION((1.,0.,0.));
#1467=IFCAXIS2PLACEMENT3D(#1464,#1465,#1466);
#1468=IFCCARTESIANPOINT((0.45000000000000012,0.,0.));
#1469=IFCDIRECTION((0.,1.,0.));
#1470=IFCAXIS1PLACEMENT(#1468,#1469);
#1471=IFCREVOLVEDAREASOLID(#594,#1467,#1470,1.5707963267949026);
#1472=IFCSHAPEREPRESENTATION(#20,'Body','SweptSolid',(#1471));
#1473=IFCPRODUCTDEFINITIONSHAPE($,$,(#1472));
#1474=IFCOWNERHISTORY(#3,#12,.READWRITE.,.ADDED.,1788297455,#3,#12,1788297455);
#1475=IFCDISTRIBUTIONPORT('3PCusZQT56p92WccdR$sQ5',#1474,'Inlet',$,$,#1478,$,.SINK.,.NOTDEFINED.,$);
#1476=IFCOWNERHISTORY(#3,#12,.READWRITE.,.MODIFIED.,1788297455,#3,#12,1788297455);
#1477=IFCRELNESTS('04$VumJsj3Re$WJAwvCVTF',#1476,$,$,#1452,(#1475,#1484));
#1478=IFCLOCALPLACEMENT(#1453,#1482);
#1479=IFCCARTESIANPOINT((0.,0.,0.));
#1480=IFCDIRECTION((0.,0.,1.));
#1481=IFCDIRECTION((1.,0.,0.));
#1482=IFCAXIS2PLACEMENT3D(#1479,#1480,#1481);
#1483=IFCOWNERHISTORY(#3,#12,.READWRITE.,.ADDED.,1788297455,#3,#12,1788297455);
#1484=IFCDISTRIBUTIONPORT('3wLOxO3aDCnPbMpkZCH426',#1483,'Outlet',$,$,#1485,$,.SOURCE.,.NOTDEFINED.,$);
#1485=IFCLOCALPLACEMENT(#1453,#1489);
#1486=IFCCARTESIANPOINT((0.45000000000000279,0.,0.45000000000000012));
#1487=IFCDIRECTION((1.,0.,-5.9339719930184777E-15));
#1488=IFCDIRECTION((-5.9339719930184777E-15,0.,-1.));
#1489=IFCAXIS2PLACEMENT3D(#1486,#1487,#1488);
#1490=IFCOWNERHISTORY(#3,#12,.READWRITE.,.MODIFIED.,1788297455,#3,#12,1788297455);
#1491=IFCPIPESEGMENT('0m3HSaRxL9TffAt_ZXDt00',#1490,$,$,$,#1492,#1510,$,$);
#1492=IFCLOCALPLACEMENT($,#1496);
#1493=IFCCARTESIANPOINT((49.549999999999997,63.,3.));
#1494=IFCDIRECTION((1.,0.,0.));
#1495=IFCDIRECTION((0.,1.,0.));
#1496=IFCAXIS2PLACEMENT3D(#1493,#1494,#1495);
#1503=IFCCARTESIANPOINT((0.,0.,0.));
#1504=IFCDIRECTION((0.,0.,1.));
#1505=IFCDIRECTION((1.,0.,0.));
#1506=IFCAXIS2PLACEMENT3D(#1503,#1504,#1505);
#1507=IFCDIRECTION((0.,0.,1.));
#1508=IFCEXTRUDEDAREASOLID(#594,#1506,#1507,0.048293051331519621);
#1509=IFCSHAPEREPRESENTATION(#20,'Body','SweptSolid',(#1508));
#1510=IFCPRODUCTDEFINITIONSHAPE($,$,(#1509));
#1511=IFCOWNERHISTORY(#3,#12,.READWRITE.,.ADDED.,1788297455,#3,#12,1788297455);
#1512=IFCDISTRIBUTIONPORT('1L3$xL35HFWPwEQ$Mzz7rI',#1511,'Inlet',$,$,#1515,$,.SINK.,.NOTDEFINED.,$);
#1513=IFCOWNERHISTORY(#3,#12,.READWRITE.,.MODIFIED.,1788297455,#3,#12,1788297455);
#1514=IFCRELNESTS('0L63H93GH3Qh8ifh6Cq8wW',#1513,$,$,#1491,(#1512,#1521));
#1515=IFCLOCALPLACEMENT(#1492,#1519);
#1516=IFCCARTESIANPOINT((0.,0.,0.));
#1517=IFCDIRECTION((0.,0.,1.));
#1518=IFCDIRECTION((1.,0.,0.));
#1519=IFCAXIS2PLACEMENT3D(#1516,#1517,#1518);
#1520=IFCOWNERHISTORY(#3,#12,.READWRITE.,.ADDED.,1788297455,#3,#12,1788297455);
#1521=IFCDISTRIBUTIONPORT('0VUkyi_uX6BvREZJ4zDwUN',#1520,'Outlet',$,$,#1522,$,.SOURCE.,.NOTDEFINED.,$);
#1522=IFCLOCALPLACEMENT(#1492,#1526);
#1523=IFCCARTESIANPOINT((0.,0.,0.048293051331519621));
#1524=IFCDIRECTION((0.,0.,1.));
#1525=IFCDIRECTION((1.,0.,0.));
#1526=IFCAXIS2PLACEMENT3D(#1523,#1524,#1525);
#1527=IFCOWNERHISTORY(#3,#12,.READWRITE.,.MODIFIED.,1788297455,#3,#12,1788297455);
#1528=IFCPIPEFITTING('3yWztguTL2tupJ82N7AIFe',#1527,$,$,$,#1529,#1549,$,$);
#1529=IFCLOCALPLACEMENT($,#1533);
#1530=IFCCARTESIANPOINT((49.598293051331517,63.,3.));
#1531=IFCDIRECTION((-1.,0.,7.4226035027772843E-16));
#1532=IFCDIRECTION((-6.2213426010698173E-17,0.99648123325129878,-0.083816178497773772));
#1533=IFCAXIS2PLACEMENT3D(#1530,#1531,#1532);
#1540=IFCCARTESIANPOINT((0.,0.,0.));
#1541=IFCDIRECTION((0.,0.,1.));
#1542=IFCDIRECTION((1.,0.,0.));
#1543=IFCAXIS2PLACEMENT3D(#1540,#1541,#1542);
#1544=IFCCARTESIANPOINT((0.45000000000000007,0.,0.));
#1545=IFCDIRECTION((0.,1.,0.));
#1546=IFCAXIS1PLACEMENT(#1544,#1545);
#1547=IFCREVOLVEDAREASOLID(#594,#1543,#1546,1.8518543381002159);
#1548=IFCSHAPEREPRESENTATION(#20,'Body','SweptSolid',(#1547));
#1549=IFCPRODUCTDEFINITIONSHAPE($,$,(#1548));
#1550=IFCOWNERHISTORY(#3,#12,.READWRITE.,.ADDED.,1788297455,#3,#12,1788297455);
#1551=IFCDISTRIBUTIONPORT('1tlcQQ1dP3MPIFvaChTD8s',#1550,'Inlet',$,$,#1554,$,.SINK.,.NOTDEFINED.,$);
#1552=IFCOWNERHISTORY(#3,#12,.READWRITE.,.MODIFIED.,1788297455,#3,#12,1788297455);
#1553=IFCRELNESTS('1S1Au1Br90kwjLM0Zfmvpt',#1552,$,$,#1528,(#1551,#1560));
#1554=IFCLOCALPLACEMENT(#1529,#1558);
#1555=IFCCARTESIANPOINT((0.,0.,0.));
#1556=IFCDIRECTION((0.,0.,1.));
#1557=IFCDIRECTION((1.,0.,0.));
#1558=IFCAXIS2PLACEMENT3D(#1555,#1556,#1557);
#1559=IFCOWNERHISTORY(#3,#12,.READWRITE.,.ADDED.,1788297455,#3,#12,1788297455);
#1560=IFCDISTRIBUTIONPORT('1HrSjVqMzAmhDgaCWfUOwK',#1559,'Outlet',$,$,#1561,$,.SOURCE.,.NOTDEFINED.,$);
#1561=IFCLOCALPLACEMENT(#1529,#1565);
#1562=IFCCARTESIANPOINT((0.57481753554837534,0.,0.43234313088058901));
#1563=IFCDIRECTION((0.96076251306797544,0.,-0.27737230121861162));
#1564=IFCDIRECTION((-0.27737230121861162,0.,-0.96076251306797544));
#1565=IFCAXIS2PLACEMENT3D(#1562,#1563,#1564);
#1566=IFCOWNERHISTORY(#3,#12,.READWRITE.,.MODIFIED.,1788297455,#3,#12,1788297455);
#1567=IFCPIPESEGMENT('0Y3LLVU5X7lO7yumG1aNri',#1566,$,$,$,#1568,#1586,$,$);
#1568=IFCLOCALPLACEMENT($,#1572);
#1569=IFCCARTESIANPOINT((49.165949920450927,63.572794886717716,2.9518209908368274));
#1570=IFCDIRECTION((0.27737230121861822,0.95738181388359134,-0.080527442289274387));
#1571=IFCDIRECTION((-0.9605011450474098,0.27827603267729462,0.));
#1572=IFCAXIS2PLACEMENT3D(#1569,#1570,#1571);
#1576=IFCMATERIALPROFILESETUSAGE(#613,5,$);
#1577=IFCOWNERHISTORY(#3,#12,.READWRITE.,.ADDED.,1788297455,#3,#12,1788297455);
#1578=IFCRELASSOCIATESMATERIAL('2yVfCCQYDDu9JLzmM0MJz8',#1577,$,$,(#1567),#1576);
#1579=IFCCARTESIANPOINT((0.,0.,0.));
#1580=IFCDIRECTION((0.,0.,1.));
#1581=IFCDIRECTION((1.,0.,0.));
#1582=IFCAXIS2PLACEMENT3D(#1579,#1580,#1581);
#1583=IFCDIRECTION((0.,0.,1.));
#1584=IFCEXTRUDEDAREASOLID(#594,#1582,#1583,0.51933837270772776);
#1585=IFCSHAPEREPRESENTATION(#20,'Body','SweptSolid',(#1584));
#1586=IFCPRODUCTDEFINITIONSHAPE($,$,(#1585));
#1587=IFCOWNERHISTORY(#3,#12,.READWRITE.,.ADDED.,1788297455,#3,#12,1788297455);
#1588=IFCDISTRIBUTIONPORT('0UJbhTi35Foxq8crSRpF9V',#1587,'Inlet',$,$,#1591,$,.SINK.,.NOTDEFINED.,$);
#1589=IFCOWNERHISTORY(#3,#12,.READWRITE.,.MODIFIED.,1788297455,#3,#12,1788297455);
#1590=IFCRELNESTS('2fZvO6LEH6iuAAaKBstF0m',#1589,$,$,#1567,(#1588,#1597));
#1591=IFCLOCALPLACEMENT(#1568,#1595);
#1592=IFCCARTESIANPOINT((0.,0.,0.));
#1593=IFCDIRECTION((0.,0.,1.));
#1594=IFCDIRECTION((1.,0.,0.));
#1595=IFCAXIS2PLACEMENT3D(#1592,#1593,#1594);
#1596=IFCOWNERHISTORY(#3,#12,.READWRITE.,.ADDED.,1788297455,#3,#12,1788297455);
#1597=IFCDISTRIBUTIONPORT('3xz4ubOAfDZhXbwO6VQyHZ',#1596,'Outlet',$,$,#1598,$,.NOTDEFINED.,.NOTDEFINED.,$);
#1598=IFCLOCALPLACEMENT(#1568,#1602);
#1599=IFCCARTESIANPOINT((0.,0.,0.51933837270772776));
#1600=IFCDIRECTION((0.,0.,1.));
#1601=IFCDIRECTION((1.,0.,0.));
#1602=IFCAXIS2PLACEMENT3D(#1599,#1600,#1601);
#1603=IFCOWNERHISTORY(#3,#12,.READWRITE.,.ADDED.,1788297455,#3,#12,1788297455);
#1604=IFCRELCONNECTSPORTS('2diw_Mf69EXvaGibMcWZMr',#1603,$,$,#1369,#1399,$);
#1605=IFCOWNERHISTORY(#3,#12,.READWRITE.,.ADDED.,1788297455,#3,#12,1788297455);
#1606=IFCRELCONNECTSPORTS('1iyjP0CJb7293ZJHfHDi2i',#1605,$,$,#1408,#1436,$);
#1607=IFCOWNERHISTORY(#3,#12,.READWRITE.,.ADDED.,1788297455,#3,#12,1788297455);
#1608=IFCRELCONNECTSPORTS('05POfv2A15yQ9TOSeLTCID',#1607,$,$,#1445,#1475,$);
#1609=IFCOWNERHISTORY(#3,#12,.READWRITE.,.ADDED.,1788297455,#3,#12,1788297455);
#1610=IFCRELCONNECTSPORTS('1Qb6PkeBH2P8on02UMZpNX',#1609,$,$,#1484,#1512,$);
#1611=IFCOWNERHISTORY(#3,#12,.READWRITE.,.ADDED.,1788297455,#3,#12,1788297455);
#1612=IFCRELCONNECTSPORTS('1dBpJ0fcz9zQwtfhlaV7$F',#1611,$,$,#1521,#1551,$);
#1613=IFCOWNERHISTORY(#3,#12,.READWRITE.,.ADDED.,1788297455,#3,#12,1788297455);
#1614=IFCRELCONNECTSPORTS('0le4H1_JbCqfKITgZ9U1TP',#1613,$,$,#1560,#1588,$);
#1615=IFCOWNERHISTORY(#3,#12,.READWRITE.,.ADDED.,1788297455,#3,#12,1788297455);
#1616=IFCRELCONNECTSPORTS('1Eh6PtF996qQW_WwMuwtMr',#1615,$,$,#449,#1360,$);
#1617=IFCOWNERHISTORY(#3,#12,.READWRITE.,.ADDED.,1788297455,#3,#12,1788297455);
#1618=IFCRELCONNECTSPORTS('0yOk1IzfjE1h0x2Kzg602h',#1617,$,$,#1360,#449,$);
#1619=IFCOWNERHISTORY(#3,#12,.READWRITE.,.ADDED.,1788297455,#3,#12,1788297455);
#1620=IFCRELCONNECTSPORTS('2wcYpNgeb0D9WTX$XtWApS',#1619,$,$,#1597,#306,$);
#1621=IFCOWNERHISTORY(#3,#12,.READWRITE.,.ADDED.,1788297455,#3,#12,1788297455);
#1622=IFCRELCONNECTSPORTS('2KYS$unmfAugCjLBydkhZT',#1621,$,$,#306,#1597,$);
#1623=IFCMATERIAL('A500GrC',$,'steel');
#1624=IFCMATERIALPROPERTIES('Pset_MaterialCommon',$,(#1625),#1623);
#1625=IFCPROPERTYSINGLEVALUE('MassDensity',$,IFCMASSDENSITYMEASURE(7849.0470263127727),$);
#1626=IFCMATERIALPROPERTIES('Pset_MaterialMechanical',$,(#1627,#1628,#1629),#1623);
#1627=IFCPROPERTYSINGLEVALUE('YoungModulus',$,IFCMODULUSOFELASTICITYMEASURE(199947960815.92163),$);
#1628=IFCPROPERTYSINGLEVALUE('PoissonRatio',$,IFCPOSITIVERATIOMEASURE(0.29999999999999999),$);
#1629=IFCPROPERTYSINGLEVALUE('ThermalExpansionCoefficient',$,IFCTHERMALEXPANSIONCOEFFICIENTMEASURE(1.170243410629411E-05),$);
#1630=IFCMATERIALPROPERTIES('Pset_MaterialSteel',$,(#1631,#1632),#1623);
#1631=IFCPROPERTYSINGLEVALUE('YieldStress',$,IFCPRESSUREMEASURE(344737863.47572696),$);
#1632=IFCPROPERTYSINGLEVALUE('UltimateStress',$,IFCPRESSUREMEASURE(427474950.70990145),$);
#1633=IFCSURFACESTYLE($,.BOTH.,(#1634));
#1634=IFCSURFACESTYLESHADING(#1635,0.);
#1635=IFCCOLOURRGB($,0.44313725490196076,0.47450980392156861,0.49411764705882355);
#1636=IFCSTYLEDITEM($,(#1633),$);
#1637=IFCSTYLEDREPRESENTATION(#20,'Body',$,(#1636));
#1638=IFCMATERIALDEFINITIONREPRESENTATION($,$,(#1637),#1623);
#1639=IFCRECTANGLEHOLLOWPROFILEDEF(.AREA.,'Nuclear Equipment Support Rack HSS',$,0.20000000000000001,0.20000000000000001,0.012,$,$);
#1640=IFCOWNERHISTORY(#3,#12,.READWRITE.,.ADDED.,1788297455,#3,#12,1788297455);
#1641=IFCBEAMTYPE('0M9UqOrQTA8vnaroy463_7',#1640,'Nuclear Equipment Support Rack Beam Type',$,$,$,$,$,$,.NOTDEFINED.);
#1642=IFCMATERIALPROFILESET('A500GrC steel Nuclear Equipment Support Rack HSS',$,(#1643),$);
#1643=IFCMATERIALPROFILE($,$,#1623,#1639,$,$);
#1644=IFCOWNERHISTORY(#3,#12,.READWRITE.,.MODIFIED.,1788297455,#3,#12,1788297455);
#1645=IFCRELASSOCIATESMATERIAL('1YJfy1Sf5BBQ45XNn6EkRP',#1644,$,$,(#1641,#1647),#1642);
#1646=IFCOWNERHISTORY(#3,#12,.READWRITE.,.ADDED.,1788297455,#3,#12,1788297455);
#1647=IFCCOLUMNTYPE('3a3wjuVUT87vxLXvlf7ano',#1646,'Nuclear Equipment Support Rack Column Type',$,$,$,$,$,$,.NOTDEFINED.);
#1648=IFCOWNERHISTORY(#3,#12,.READWRITE.,.MODIFIED.,1788297455,#3,#12,1788297455);
#1649=IFCCOLUMN('0c_eUiyoH1WvoqhAr5QHGY',#1648,'Steam Generator Support Rack - Column 1','Conceptual visual support rack; not representative of actual nuclear equipment support design.',$,#1650,#1670,$,$);
#1650=IFCLOCALPLACEMENT($,#1654);
#1651=IFCCARTESIANPOINT((51.210000000000001,64.489999999999995,0.));
#1652=IFCDIRECTION((0.,0.,1.));
#1653=IFCDIRECTION((0.,-1.,0.));
#1654=IFCAXIS2PLACEMENT3D(#1651,#1652,#1653);
#1655=IFCOWNERHISTORY(#3,#12,.READWRITE.,.MODIFIED.,1788297456,#3,#12,1788297455);
#1656=IFCRELDEFINESBYTYPE('3HOAbnRLT9lhLa68KU8IUu',#1655,$,$,(#1884,#1714,#1649,#1693,#1989,#1672,#2010,#2031,#2052,#1863,#1842,#1821),#1647);
#1660=IFCMATERIALPROFILESETUSAGE(#1642,5,$);
#1661=IFCOWNERHISTORY(#3,#12,.READWRITE.,.ADDED.,1788297455,#3,#12,1788297455);
#1662=IFCRELASSOCIATESMATERIAL('2P$Rsge1D19Aj9bduHooRJ',#1661,$,$,(#1649),#1660);
#1663=IFCCARTESIANPOINT((0.,0.,0.));
#1664=IFCDIRECTION((0.,0.,1.));
#1665=IFCDIRECTION((1.,0.,0.));
#1666=IFCAXIS2PLACEMENT3D(#1663,#1664,#1665);
#1667=IFCDIRECTION((0.,0.,1.));
#1668=IFCEXTRUDEDAREASOLID(#1639,#1666,#1667,4.2000000000000002);
#1669=IFCSHAPEREPRESENTATION(#20,'Body','SweptSolid',(#1668));
#1670=IFCPRODUCTDEFINITIONSHAPE($,$,(#1669));
#1671=IFCOWNERHISTORY(#3,#12,.READWRITE.,.MODIFIED.,1788297455,#3,#12,1788297455);
#1672=IFCCOLUMN('15tsfp7EvECw2HvUoKOMpS',#1671,'Steam Generator Support Rack - Column 2','Conceptual visual support rack; not representative of actual nuclear equipment support design.',$,#1673,#1691,$,$);
#1673=IFCLOCALPLACEMENT($,#1677);
#1674=IFCCARTESIANPOINT((51.210000000000001,68.290000000000006,0.));
#1675=IFCDIRECTION((0.,0.,1.));
#1676=IFCDIRECTION((0.,-1.,0.));
#1677=IFCAXIS2PLACEMENT3D(#1674,#1675,#1676);
#1681=IFCMATERIALPROFILESETUSAGE(#1642,5,$);
#1682=IFCOWNERHISTORY(#3,#12,.READWRITE.,.ADDED.,1788297455,#3,#12,1788297455);
#1683=IFCRELASSOCIATESMATERIAL('2rYWIEc253wv0e7H0YciQU',#1682,$,$,(#1672),#1681);
#1684=IFCCARTESIANPOINT((0.,0.,0.));
#1685=IFCDIRECTION((0.,0.,1.));
#1686=IFCDIRECTION((1.,0.,0.));
#1687=IFCAXIS2PLACEMENT3D(#1684,#1685,#1686);
#1688=IFCDIRECTION((0.,0.,1.));
#1689=IFCEXTRUDEDAREASOLID(#1639,#1687,#1688,4.2000000000000002);
#1690=IFCSHAPEREPRESENTATION(#20,'Body','SweptSolid',(#1689));
#1691=IFCPRODUCTDEFINITIONSHAPE($,$,(#1690));
#1692=IFCOWNERHISTORY(#3,#12,.READWRITE.,.MODIFIED.,1788297456,#3,#12,1788297455);
#1693=IFCCOLUMN('3QYWoxD$H7q89gy5mJBrko',#1692,'Steam Generator Support Rack - Column 3','Conceptual visual support rack; not representative of actual nuclear equipment support design.',$,#1694,#1712,$,$);
#1694=IFCLOCALPLACEMENT($,#1698);
#1695=IFCCARTESIANPOINT((47.409999999999997,68.290000000000006,0.));
#1696=IFCDIRECTION((0.,0.,1.));
#1697=IFCDIRECTION((0.,-1.,0.));
#1698=IFCAXIS2PLACEMENT3D(#1695,#1696,#1697);
#1702=IFCMATERIALPROFILESETUSAGE(#1642,5,$);
#1703=IFCOWNERHISTORY(#3,#12,.READWRITE.,.ADDED.,1788297455,#3,#12,1788297455);
#1704=IFCRELASSOCIATESMATERIAL('10FfNo5Gz9lOwOIhxg6W5T',#1703,$,$,(#1693),#1702);
#1705=IFCCARTESIANPOINT((0.,0.,0.));
#1706=IFCDIRECTION((0.,0.,1.));
#1707=IFCDIRECTION((1.,0.,0.));
#1708=IFCAXIS2PLACEMENT3D(#1705,#1706,#1707);
#1709=IFCDIRECTION((0.,0.,1.));
#1710=IFCEXTRUDEDAREASOLID(#1639,#1708,#1709,4.2000000000000002);
#1711=IFCSHAPEREPRESENTATION(#20,'Body','SweptSolid',(#1710));
#1712=IFCPRODUCTDEFINITIONSHAPE($,$,(#1711));
#1713=IFCOWNERHISTORY(#3,#12,.READWRITE.,.MODIFIED.,1788297456,#3,#12,1788297456);
#1714=IFCCOLUMN('3i1WS9L31BhOXMj9UuLJ_a',#1713,'Steam Generator Support Rack - Column 4','Conceptual visual support rack; not representative of actual nuclear equipment support design.',$,#1715,#1733,$,$);
#1715=IFCLOCALPLACEMENT($,#1719);
#1716=IFCCARTESIANPOINT((47.409999999999997,64.489999999999995,0.));
#1717=IFCDIRECTION((0.,0.,1.));
#1718=IFCDIRECTION((0.,-1.,0.));
#1719=IFCAXIS2PLACEMENT3D(#1716,#1717,#1718);
#1723=IFCMATERIALPROFILESETUSAGE(#1642,5,$);
#1724=IFCOWNERHISTORY(#3,#12,.READWRITE.,.ADDED.,1788297456,#3,#12,1788297456);
#1725=IFCRELASSOCIATESMATERIAL('0gMQcuYPjEWhC_EacBKaZT',#1724,$,$,(#1714),#1723);
#1726=IFCCARTESIANPOINT((0.,0.,0.));
#1727=IFCDIRECTION((0.,0.,1.));
#1728=IFCDIRECTION((1.,0.,0.));
#1729=IFCAXIS2PLACEMENT3D(#1726,#1727,#1728);
#1730=IFCDIRECTION((0.,0.,1.));
#1731=IFCEXTRUDEDAREASOLID(#1639,#1729,#1730,4.2000000000000002);
#1732=IFCSHAPEREPRESENTATION(#20,'Body','SweptSolid',(#1731));
#1733=IFCPRODUCTDEFINITIONSHAPE($,$,(#1732));
#1734=IFCOWNERHISTORY(#3,#12,.READWRITE.,.MODIFIED.,1788297456,#3,#12,1788297456);
#1735=IFCBEAM('38or18f9XEB83T5ch_1A5P',#1734,'Steam Generator Support Rack - Beam 1','Conceptual visual support rack; not representative of actual nuclear equipment support design.',$,#1736,#1756,$,$);
#1736=IFCLOCALPLACEMENT($,#1740);
#1737=IFCCARTESIANPOINT((51.210000000000001,64.489999999999995,4.2000000000000002));
#1738=IFCDIRECTION((0.,1.,0.));
#1739=IFCDIRECTION((-1.,0.,0.));
#1740=IFCAXIS2PLACEMENT3D(#1737,#1738,#1739);
#1741=IFCOWNERHISTORY(#3,#12,.READWRITE.,.MODIFIED.,1788297456,#3,#12,1788297456);
#1742=IFCRELDEFINESBYTYPE('1G$NAvGkr5kfujQYtzOSrM',#1741,$,$,(#1779,#1758,#2136,#2115,#2094,#2073,#1968,#1735,#1947,#1926,#1905,#1800),#1641);
#1746=IFCMATERIALPROFILESETUSAGE(#1642,5,$);
#1747=IFCOWNERHISTORY(#3,#12,.READWRITE.,.ADDED.,1788297456,#3,#12,1788297456);
#1748=IFCRELASSOCIATESMATERIAL('3wBg8RO350yxsBtnAMOcmv',#1747,$,$,(#1735),#1746);
#1749=IFCCARTESIANPOINT((0.,0.,0.));
#1750=IFCDIRECTION((0.,0.,1.));
#1751=IFCDIRECTION((1.,0.,0.));
#1752=IFCAXIS2PLACEMENT3D(#1749,#1750,#1751);
#1753=IFCDIRECTION((0.,0.,1.));
#1754=IFCEXTRUDEDAREASOLID(#1639,#1752,#1753,3.8000000000000114);
#1755=IFCSHAPEREPRESENTATION(#20,'Body','SweptSolid',(#1754));
#1756=IFCPRODUCTDEFINITIONSHAPE($,$,(#1755));
#1757=IFCOWNERHISTORY(#3,#12,.READWRITE.,.MODIFIED.,1788297456,#3,#12,1788297456);
#1758=IFCBEAM('1DW_qQS5D05vpU_yg1f9FR',#1757,'Steam Generator Support Rack - Beam 2','Conceptual visual support rack; not representative of actual nuclear equipment support design.',$,#1759,#1777,$,$);
#1759=IFCLOCALPLACEMENT($,#1763);
#1760=IFCCARTESIANPOINT((51.210000000000001,68.290000000000006,4.2000000000000002));
#1761=IFCDIRECTION((-1.,0.,0.));
#1762=IFCDIRECTION((0.,-1.,0.));
#1763=IFCAXIS2PLACEMENT3D(#1760,#1761,#1762);
#1767=IFCMATERIALPROFILESETUSAGE(#1642,5,$);
#1768=IFCOWNERHISTORY(#3,#12,.READWRITE.,.ADDED.,1788297456,#3,#12,1788297456);
#1769=IFCRELASSOCIATESMATERIAL('2xqQAs$YLDvf$KVFBDNDmt',#1768,$,$,(#1758),#1767);
#1770=IFCCARTESIANPOINT((0.,0.,0.));
#1771=IFCDIRECTION((0.,0.,1.));
#1772=IFCDIRECTION((1.,0.,0.));
#1773=IFCAXIS2PLACEMENT3D(#1770,#1771,#1772);
#1774=IFCDIRECTION((0.,0.,1.));
#1775=IFCEXTRUDEDAREASOLID(#1639,#1773,#1774,3.8000000000000043);
#1776=IFCSHAPEREPRESENTATION(#20,'Body','SweptSolid',(#1775));
#1777=IFCPRODUCTDEFINITIONSHAPE($,$,(#1776));
#1778=IFCOWNERHISTORY(#3,#12,.READWRITE.,.MODIFIED.,1788297456,#3,#12,1788297456);
#1779=IFCBEAM('3uOyM9wCv78eMY_WWjs2t$',#1778,'Steam Generator Support Rack - Beam 3','Conceptual visual support rack; not representative of actual nuclear equipment support design.',$,#1780,#1798,$,$);
#1780=IFCLOCALPLACEMENT($,#1784);
#1781=IFCCARTESIANPOINT((47.409999999999997,68.290000000000006,4.2000000000000002));
#1782=IFCDIRECTION((0.,-1.,0.));
#1783=IFCDIRECTION((1.,0.,-0.));
#1784=IFCAXIS2PLACEMENT3D(#1781,#1782,#1783);
#1788=IFCMATERIALPROFILESETUSAGE(#1642,5,$);
#1789=IFCOWNERHISTORY(#3,#12,.READWRITE.,.ADDED.,1788297456,#3,#12,1788297456);
#1790=IFCRELASSOCIATESMATERIAL('39t7xbsML6mgTGKynaKPBP',#1789,$,$,(#1779),#1788);
#1791=IFCCARTESIANPOINT((0.,0.,0.));
#1792=IFCDIRECTION((0.,0.,1.));
#1793=IFCDIRECTION((1.,0.,0.));
#1794=IFCAXIS2PLACEMENT3D(#1791,#1792,#1793);
#1795=IFCDIRECTION((0.,0.,1.));
#1796=IFCEXTRUDEDAREASOLID(#1639,#1794,#1795,3.8000000000000114);
#1797=IFCSHAPEREPRESENTATION(#20,'Body','SweptSolid',(#1796));
#1798=IFCPRODUCTDEFINITIONSHAPE($,$,(#1797));
#1799=IFCOWNERHISTORY(#3,#12,.READWRITE.,.MODIFIED.,1788297456,#3,#12,1788297456);
#1800=IFCBEAM('07nnKL6Zj5TwZyy1gV7qVB',#1799,'Steam Generator Support Rack - Beam 4','Conceptual visual support rack; not representative of actual nuclear equipment support design.',$,#1801,#1819,$,$);
#1801=IFCLOCALPLACEMENT($,#1805);
#1802=IFCCARTESIANPOINT((47.409999999999997,64.489999999999995,4.2000000000000002));
#1803=IFCDIRECTION((1.,0.,0.));
#1804=IFCDIRECTION((0.,1.,0.));
#1805=IFCAXIS2PLACEMENT3D(#1802,#1803,#1804);
#1809=IFCMATERIALPROFILESETUSAGE(#1642,5,$);
#1810=IFCOWNERHISTORY(#3,#12,.READWRITE.,.ADDED.,1788297456,#3,#12,1788297456);
#1811=IFCRELASSOCIATESMATERIAL('2nB8hrghn94hqgZYly0NNt',#1810,$,$,(#1800),#1809);
#1812=IFCCARTESIANPOINT((0.,0.,0.));
#1813=IFCDIRECTION((0.,0.,1.));
#1814=IFCDIRECTION((1.,0.,0.));
#1815=IFCAXIS2PLACEMENT3D(#1812,#1813,#1814);
#1816=IFCDIRECTION((0.,0.,1.));
#1817=IFCEXTRUDEDAREASOLID(#1639,#1815,#1816,3.8000000000000043);
#1818=IFCSHAPEREPRESENTATION(#20,'Body','SweptSolid',(#1817));
#1819=IFCPRODUCTDEFINITIONSHAPE($,$,(#1818));
#1820=IFCOWNERHISTORY(#3,#12,.READWRITE.,.MODIFIED.,1788297456,#3,#12,1788297456);
#1821=IFCCOLUMN('3$ZOSBvebBZB8Myj6wSKrk',#1820,'Pump Support Rack - Column 1','Conceptual visual support rack; not representative of actual nuclear equipment support design.',$,#1822,#1840,$,$);
#1822=IFCLOCALPLACEMENT($,#1826);
#1823=IFCCARTESIANPOINT((66.079999999999998,58.079999999999998,0.));
#1824=IFCDIRECTION((0.,0.,1.));
#1825=IFCDIRECTION((0.,-1.,0.));
#1826=IFCAXIS2PLACEMENT3D(#1823,#1824,#1825);
#1830=IFCMATERIALPROFILESETUSAGE(#1642,5,$);
#1831=IFCOWNERHISTORY(#3,#12,.READWRITE.,.ADDED.,1788297456,#3,#12,1788297456);
#1832=IFCRELASSOCIATESMATERIAL('3DzeqCCxXDTuc7iMOYnol1',#1831,$,$,(#1821),#1830);
#1833=IFCCARTESIANPOINT((0.,0.,0.));
#1834=IFCDIRECTION((0.,0.,1.));
#1835=IFCDIRECTION((1.,0.,0.));
#1836=IFCAXIS2PLACEMENT3D(#1833,#1834,#1835);
#1837=IFCDIRECTION((0.,0.,1.));
#1838=IFCEXTRUDEDAREASOLID(#1639,#1836,#1837,4.0999999999999996);
#1839=IFCSHAPEREPRESENTATION(#20,'Body','SweptSolid',(#1838));
#1840=IFCPRODUCTDEFINITIONSHAPE($,$,(#1839));
#1841=IFCOWNERHISTORY(#3,#12,.READWRITE.,.MODIFIED.,1788297456,#3,#12,1788297456);
#1842=IFCCOLUMN('0XqOsUEsn8hviGJ_0uzPK5',#1841,'Pump Support Rack - Column 2','Conceptual visual support rack; not representative of actual nuclear equipment support design.',$,#1843,#1861,$,$);
#1843=IFCLOCALPLACEMENT($,#1847);
#1844=IFCCARTESIANPOINT((63.82,58.079999999999998,0.));
#1845=IFCDIRECTION((0.,0.,1.));
#1846=IFCDIRECTION((0.,-1.,0.));
#1847=IFCAXIS2PLACEMENT3D(#1844,#1845,#1846);
#1851=IFCMATERIALPROFILESETUSAGE(#1642,5,$);
#1852=IFCOWNERHISTORY(#3,#12,.READWRITE.,.ADDED.,1788297456,#3,#12,1788297456);
#1853=IFCRELASSOCIATESMATERIAL('2xYe56QRLFWBiC3ZJXtQ8X',#1852,$,$,(#1842),#1851);
#1854=IFCCARTESIANPOINT((0.,0.,0.));
#1855=IFCDIRECTION((0.,0.,1.));
#1856=IFCDIRECTION((1.,0.,0.));
#1857=IFCAXIS2PLACEMENT3D(#1854,#1855,#1856);
#1858=IFCDIRECTION((0.,0.,1.));
#1859=IFCEXTRUDEDAREASOLID(#1639,#1857,#1858,4.0999999999999996);
#1860=IFCSHAPEREPRESENTATION(#20,'Body','SweptSolid',(#1859));
#1861=IFCPRODUCTDEFINITIONSHAPE($,$,(#1860));
#1862=IFCOWNERHISTORY(#3,#12,.READWRITE.,.MODIFIED.,1788297456,#3,#12,1788297456);
#1863=IFCCOLUMN('1RthlHQBX0LB5BlPQ2Hz6m',#1862,'Pump Support Rack - Column 3','Conceptual visual support rack; not representative of actual nuclear equipment support design.',$,#1864,#1882,$,$);
#1864=IFCLOCALPLACEMENT($,#1868);
#1865=IFCCARTESIANPOINT((63.82,55.82,0.));
#1866=IFCDIRECTION((0.,0.,1.));
#1867=IFCDIRECTION((0.,-1.,0.));
#1868=IFCAXIS2PLACEMENT3D(#1865,#1866,#1867);
#1872=IFCMATERIALPROFILESETUSAGE(#1642,5,$);
#1873=IFCOWNERHISTORY(#3,#12,.READWRITE.,.ADDED.,1788297456,#3,#12,1788297456);
#1874=IFCRELASSOCIATESMATERIAL('3ZoYtxVd56KxSUxGF4ifJl',#1873,$,$,(#1863),#1872);
#1875=IFCCARTESIANPOINT((0.,0.,0.));
#1876=IFCDIRECTION((0.,0.,1.));
#1877=IFCDIRECTION((1.,0.,0.));
#1878=IFCAXIS2PLACEMENT3D(#1875,#1876,#1877);
#1879=IFCDIRECTION((0.,0.,1.));
#1880=IFCEXTRUDEDAREASOLID(#1639,#1878,#1879,4.0999999999999996);
#1881=IFCSHAPEREPRESENTATION(#20,'Body','SweptSolid',(#1880));
#1882=IFCPRODUCTDEFINITIONSHAPE($,$,(#1881));
#1883=IFCOWNERHISTORY(#3,#12,.READWRITE.,.MODIFIED.,1788297456,#3,#12,1788297456);
#1884=IFCCOLUMN('3eSo66EH5FseZGHIFoHyjb',#1883,'Pump Support Rack - Column 4','Conceptual visual support rack; not representative of actual nuclear equipment support design.',$,#1885,#1903,$,$);
#1885=IFCLOCALPLACEMENT($,#1889);
#1886=IFCCARTESIANPOINT((66.079999999999998,55.82,0.));
#1887=IFCDIRECTION((0.,0.,1.));
#1888=IFCDIRECTION((0.,-1.,0.));
#1889=IFCAXIS2PLACEMENT3D(#1886,#1887,#1888);
#1893=IFCMATERIALPROFILESETUSAGE(#1642,5,$);
#1894=IFCOWNERHISTORY(#3,#12,.READWRITE.,.ADDED.,1788297456,#3,#12,1788297456);
#1895=IFCRELASSOCIATESMATERIAL('2DUzW9bX92u8Ero5dvULt6',#1894,$,$,(#1884),#1893);
#1896=IFCCARTESIANPOINT((0.,0.,0.));
#1897=IFCDIRECTION((0.,0.,1.));
#1898=IFCDIRECTION((1.,0.,0.));
#1899=IFCAXIS2PLACEMENT3D(#1896,#1897,#1898);
#1900=IFCDIRECTION((0.,0.,1.));
#1901=IFCEXTRUDEDAREASOLID(#1639,#1899,#1900,4.0999999999999996);
#1902=IFCSHAPEREPRESENTATION(#20,'Body','SweptSolid',(#1901));
#1903=IFCPRODUCTDEFINITIONSHAPE($,$,(#1902));
#1904=IFCOWNERHISTORY(#3,#12,.READWRITE.,.MODIFIED.,1788297456,#3,#12,1788297456);
#1905=IFCBEAM('1frDDiVf94kfReDQsz$Rgh',#1904,'Pump Support Rack - Beam 1','Conceptual visual support rack; not representative of actual nuclear equipment support design.',$,#1906,#1924,$,$);
#1906=IFCLOCALPLACEMENT($,#1910);
#1907=IFCCARTESIANPOINT((66.079999999999998,58.079999999999998,4.0999999999999996));
#1908=IFCDIRECTION((-1.,0.,0.));
#1909=IFCDIRECTION((0.,-1.,0.));
#1910=IFCAXIS2PLACEMENT3D(#1907,#1908,#1909);
#1914=IFCMATERIALPROFILESETUSAGE(#1642,5,$);
#1915=IFCOWNERHISTORY(#3,#12,.READWRITE.,.ADDED.,1788297456,#3,#12,1788297456);
#1916=IFCRELASSOCIATESMATERIAL('2X6yJZvu5ASQM0c7fOlsUb',#1915,$,$,(#1905),#1914);
#1917=IFCCARTESIANPOINT((0.,0.,0.));
#1918=IFCDIRECTION((0.,0.,1.));
#1919=IFCDIRECTION((1.,0.,0.));
#1920=IFCAXIS2PLACEMENT3D(#1917,#1918,#1919);
#1921=IFCDIRECTION((0.,0.,1.));
#1922=IFCEXTRUDEDAREASOLID(#1639,#1920,#1921,2.259999999999998);
#1923=IFCSHAPEREPRESENTATION(#20,'Body','SweptSolid',(#1922));
#1924=IFCPRODUCTDEFINITIONSHAPE($,$,(#1923));
#1925=IFCOWNERHISTORY(#3,#12,.READWRITE.,.MODIFIED.,1788297456,#3,#12,1788297456);
#1926=IFCBEAM('1y18hnIKn6zOWyF3jOaNYh',#1925,'Pump Support Rack - Beam 2','Conceptual visual support rack; not representative of actual nuclear equipment support design.',$,#1927,#1945,$,$);
#1927=IFCLOCALPLACEMENT($,#1931);
#1928=IFCCARTESIANPOINT((63.82,58.079999999999998,4.0999999999999996));
#1929=IFCDIRECTION((0.,-1.,0.));
#1930=IFCDIRECTION((1.,0.,-0.));
#1931=IFCAXIS2PLACEMENT3D(#1928,#1929,#1930);
#1935=IFCMATERIALPROFILESETUSAGE(#1642,5,$);
#1936=IFCOWNERHISTORY(#3,#12,.READWRITE.,.ADDED.,1788297456,#3,#12,1788297456);
#1937=IFCRELASSOCIATESMATERIAL('1BX5TvMgHBdg98CaaI_C0G',#1936,$,$,(#1926),#1935);
#1938=IFCCARTESIANPOINT((0.,0.,0.));
#1939=IFCDIRECTION((0.,0.,1.));
#1940=IFCDIRECTION((1.,0.,0.));
#1941=IFCAXIS2PLACEMENT3D(#1938,#1939,#1940);
#1942=IFCDIRECTION((0.,0.,1.));
#1943=IFCEXTRUDEDAREASOLID(#1639,#1941,#1942,2.259999999999998);
#1944=IFCSHAPEREPRESENTATION(#20,'Body','SweptSolid',(#1943));
#1945=IFCPRODUCTDEFINITIONSHAPE($,$,(#1944));
#1946=IFCOWNERHISTORY(#3,#12,.READWRITE.,.MODIFIED.,1788297456,#3,#12,1788297456);
#1947=IFCBEAM('1vo9splwvCAx_4KVmSPKMZ',#1946,'Pump Support Rack - Beam 3','Conceptual visual support rack; not representative of actual nuclear equipment support design.',$,#1948,#1966,$,$);
#1948=IFCLOCALPLACEMENT($,#1952);
#1949=IFCCARTESIANPOINT((63.82,55.82,4.0999999999999996));
#1950=IFCDIRECTION((1.,0.,0.));
#1951=IFCDIRECTION((0.,1.,0.));
#1952=IFCAXIS2PLACEMENT3D(#1949,#1950,#1951);
#1956=IFCMATERIALPROFILESETUSAGE(#1642,5,$);
#1957=IFCOWNERHISTORY(#3,#12,.READWRITE.,.ADDED.,1788297456,#3,#12,1788297456);
#1958=IFCRELASSOCIATESMATERIAL('283njIUV91VhYuvNMBXPzr',#1957,$,$,(#1947),#1956);
#1959=IFCCARTESIANPOINT((0.,0.,0.));
#1960=IFCDIRECTION((0.,0.,1.));
#1961=IFCDIRECTION((1.,0.,0.));
#1962=IFCAXIS2PLACEMENT3D(#1959,#1960,#1961);
#1963=IFCDIRECTION((0.,0.,1.));
#1964=IFCEXTRUDEDAREASOLID(#1639,#1962,#1963,2.259999999999998);
#1965=IFCSHAPEREPRESENTATION(#20,'Body','SweptSolid',(#1964));
#1966=IFCPRODUCTDEFINITIONSHAPE($,$,(#1965));
#1967=IFCOWNERHISTORY(#3,#12,.READWRITE.,.MODIFIED.,1788297456,#3,#12,1788297456);
#1968=IFCBEAM('1tCW6ywCj1Tv8AXhK1SFBp',#1967,'Pump Support Rack - Beam 4','Conceptual visual support rack; not representative of actual nuclear equipment support design.',$,#1969,#1987,$,$);
#1969=IFCLOCALPLACEMENT($,#1973);
#1970=IFCCARTESIANPOINT((66.079999999999998,55.82,4.0999999999999996));
#1971=IFCDIRECTION((0.,1.,0.));
#1972=IFCDIRECTION((-1.,0.,0.));
#1973=IFCAXIS2PLACEMENT3D(#1970,#1971,#1972);
#1977=IFCMATERIALPROFILESETUSAGE(#1642,5,$);
#1978=IFCOWNERHISTORY(#3,#12,.READWRITE.,.ADDED.,1788297456,#3,#12,1788297456);
#1979=IFCRELASSOCIATESMATERIAL('3ocZdt9sj0N9lD2DzUjKr_',#1978,$,$,(#1968),#1977);
#1980=IFCCARTESIANPOINT((0.,0.,0.));
#1981=IFCDIRECTION((0.,0.,1.));
#1982=IFCDIRECTION((1.,0.,0.));
#1983=IFCAXIS2PLACEMENT3D(#1980,#1981,#1982);
#1984=IFCDIRECTION((0.,0.,1.));
#1985=IFCEXTRUDEDAREASOLID(#1639,#1983,#1984,2.259999999999998);
#1986=IFCSHAPEREPRESENTATION(#20,'Body','SweptSolid',(#1985));
#1987=IFCPRODUCTDEFINITIONSHAPE($,$,(#1986));
#1988=IFCOWNERHISTORY(#3,#12,.READWRITE.,.MODIFIED.,1788297456,#3,#12,1788297456);
#1989=IFCCOLUMN('1SBRzeTm19s8$XtCSv9$_v',#1988,'Reactor Pressure Vessel Support Rack - Column 1','Conceptual visual support rack; not representative of actual nuclear equipment support design.',$,#1990,#2008,$,$);
#1990=IFCLOCALPLACEMENT($,#1994);
#1991=IFCCARTESIANPOINT((47.420000000000002,47.420000000000002,0.));
#1992=IFCDIRECTION((0.,0.,1.));
#1993=IFCDIRECTION((0.,-1.,0.));
#1994=IFCAXIS2PLACEMENT3D(#1991,#1992,#1993);
#1998=IFCMATERIALPROFILESETUSAGE(#1642,5,$);
#1999=IFCOWNERHISTORY(#3,#12,.READWRITE.,.ADDED.,1788297456,#3,#12,1788297456);
#2000=IFCRELASSOCIATESMATERIAL('30SONzmND3quXOHD1u4JCM',#1999,$,$,(#1989),#1998);
#2001=IFCCARTESIANPOINT((0.,0.,0.));
#2002=IFCDIRECTION((0.,0.,1.));
#2003=IFCDIRECTION((1.,0.,0.));
#2004=IFCAXIS2PLACEMENT3D(#2001,#2002,#2003);
#2005=IFCDIRECTION((0.,0.,1.));
#2006=IFCEXTRUDEDAREASOLID(#1639,#2004,#2005,4.5);
#2007=IFCSHAPEREPRESENTATION(#20,'Body','SweptSolid',(#2006));
#2008=IFCPRODUCTDEFINITIONSHAPE($,$,(#2007));
#2009=IFCOWNERHISTORY(#3,#12,.READWRITE.,.MODIFIED.,1788297456,#3,#12,1788297456);
#2010=IFCCOLUMN('0yCm$kpqzFCQ5G1l3KIp39',#2009,'Reactor Pressure Vessel Support Rack - Column 2','Conceptual visual support rack; not representative of actual nuclear equipment support design.',$,#2011,#2029,$,$);
#2011=IFCLOCALPLACEMENT($,#2015);
#2012=IFCCARTESIANPOINT((52.579999999999998,47.420000000000002,0.));
#2013=IFCDIRECTION((0.,0.,1.));
#2014=IFCDIRECTION((0.,-1.,0.));
#2015=IFCAXIS2PLACEMENT3D(#2012,#2013,#2014);
#2019=IFCMATERIALPROFILESETUSAGE(#1642,5,$);
#2020=IFCOWNERHISTORY(#3,#12,.READWRITE.,.ADDED.,1788297456,#3,#12,1788297456);
#2021=IFCRELASSOCIATESMATERIAL('2mek0YIWL03hBReCF_T9Pq',#2020,$,$,(#2010),#2019);
#2022=IFCCARTESIANPOINT((0.,0.,0.));
#2023=IFCDIRECTION((0.,0.,1.));
#2024=IFCDIRECTION((1.,0.,0.));
#2025=IFCAXIS2PLACEMENT3D(#2022,#2023,#2024);
#2026=IFCDIRECTION((0.,0.,1.));
#2027=IFCEXTRUDEDAREASOLID(#1639,#2025,#2026,4.5);
#2028=IFCSHAPEREPRESENTATION(#20,'Body','SweptSolid',(#2027));
#2029=IFCPRODUCTDEFINITIONSHAPE($,$,(#2028));
#2030=IFCOWNERHISTORY(#3,#12,.READWRITE.,.MODIFIED.,1788297456,#3,#12,1788297456);
#2031=IFCCOLUMN('2u1CQir_LEeg3aJImsYQTt',#2030,'Reactor Pressure Vessel Support Rack - Column 3','Conceptual visual support rack; not representative of actual nuclear equipment support design.',$,#2032,#2050,$,$);
#2032=IFCLOCALPLACEMENT($,#2036);
#2033=IFCCARTESIANPOINT((52.579999999999998,52.579999999999998,0.));
#2034=IFCDIRECTION((0.,0.,1.));
#2035=IFCDIRECTION((0.,-1.,0.));
#2036=IFCAXIS2PLACEMENT3D(#2033,#2034,#2035);
#2040=IFCMATERIALPROFILESETUSAGE(#1642,5,$);
#2041=IFCOWNERHISTORY(#3,#12,.READWRITE.,.ADDED.,1788297456,#3,#12,1788297456);
#2042=IFCRELASSOCIATESMATERIAL('2ct9OWKrjBlAYHfOoY$GfV',#2041,$,$,(#2031),#2040);
#2043=IFCCARTESIANPOINT((0.,0.,0.));
#2044=IFCDIRECTION((0.,0.,1.));
#2045=IFCDIRECTION((1.,0.,0.));
#2046=IFCAXIS2PLACEMENT3D(#2043,#2044,#2045);
#2047=IFCDIRECTION((0.,0.,1.));
#2048=IFCEXTRUDEDAREASOLID(#1639,#2046,#2047,4.5);
#2049=IFCSHAPEREPRESENTATION(#20,'Body','SweptSolid',(#2048));
#2050=IFCPRODUCTDEFINITIONSHAPE($,$,(#2049));
#2051=IFCOWNERHISTORY(#3,#12,.READWRITE.,.MODIFIED.,1788297456,#3,#12,1788297456);
#2052=IFCCOLUMN('0XsZXxyEP0RfS4V_3M6$T0',#2051,'Reactor Pressure Vessel Support Rack - Column 4','Conceptual visual support rack; not representative of actual nuclear equipment support design.',$,#2053,#2071,$,$);
#2053=IFCLOCALPLACEMENT($,#2057);
#2054=IFCCARTESIANPOINT((47.420000000000002,52.579999999999998,0.));
#2055=IFCDIRECTION((0.,0.,1.));
#2056=IFCDIRECTION((0.,-1.,0.));
#2057=IFCAXIS2PLACEMENT3D(#2054,#2055,#2056);
#2061=IFCMATERIALPROFILESETUSAGE(#1642,5,$);
#2062=IFCOWNERHISTORY(#3,#12,.READWRITE.,.ADDED.,1788297456,#3,#12,1788297456);
#2063=IFCRELASSOCIATESMATERIAL('1SwD_AMmf8bAnEl4uCttih',#2062,$,$,(#2052),#2061);
#2064=IFCCARTESIANPOINT((0.,0.,0.));
#2065=IFCDIRECTION((0.,0.,1.));
#2066=IFCDIRECTION((1.,0.,0.));
#2067=IFCAXIS2PLACEMENT3D(#2064,#2065,#2066);
#2068=IFCDIRECTION((0.,0.,1.));
#2069=IFCEXTRUDEDAREASOLID(#1639,#2067,#2068,4.5);
#2070=IFCSHAPEREPRESENTATION(#20,'Body','SweptSolid',(#2069));
#2071=IFCPRODUCTDEFINITIONSHAPE($,$,(#2070));
#2072=IFCOWNERHISTORY(#3,#12,.READWRITE.,.MODIFIED.,1788297456,#3,#12,1788297456);
#2073=IFCBEAM('05abeois18VhS4Zajd5KJr',#2072,'Reactor Pressure Vessel Support Rack - Beam 1','Conceptual visual support rack; not representative of actual nuclear equipment support design.',$,#2074,#2092,$,$);
#2074=IFCLOCALPLACEMENT($,#2078);
#2075=IFCCARTESIANPOINT((47.420000000000002,47.420000000000002,4.5));
#2076=IFCDIRECTION((1.,0.,0.));
#2077=IFCDIRECTION((0.,1.,0.));
#2078=IFCAXIS2PLACEMENT3D(#2075,#2076,#2077);
#2082=IFCMATERIALPROFILESETUSAGE(#1642,5,$);
#2083=IFCOWNERHISTORY(#3,#12,.READWRITE.,.ADDED.,1788297456,#3,#12,1788297456);
#2084=IFCRELASSOCIATESMATERIAL('3RrIzwSNT6GP93_S6YQWvp',#2083,$,$,(#2073),#2082);
#2085=IFCCARTESIANPOINT((0.,0.,0.));
#2086=IFCDIRECTION((0.,0.,1.));
#2087=IFCDIRECTION((1.,0.,0.));
#2088=IFCAXIS2PLACEMENT3D(#2085,#2086,#2087);
#2089=IFCDIRECTION((0.,0.,1.));
#2090=IFCEXTRUDEDAREASOLID(#1639,#2088,#2089,5.1599999999999966);
#2091=IFCSHAPEREPRESENTATION(#20,'Body','SweptSolid',(#2090));
#2092=IFCPRODUCTDEFINITIONSHAPE($,$,(#2091));
#2093=IFCOWNERHISTORY(#3,#12,.READWRITE.,.MODIFIED.,1788297456,#3,#12,1788297456);
#2094=IFCBEAM('2ziM7BHf9AfhxOVmXaLdSm',#2093,'Reactor Pressure Vessel Support Rack - Beam 2','Conceptual visual support rack; not representative of actual nuclear equipment support design.',$,#2095,#2113,$,$);
#2095=IFCLOCALPLACEMENT($,#2099);
#2096=IFCCARTESIANPOINT((52.579999999999998,47.420000000000002,4.5));
#2097=IFCDIRECTION((0.,1.,0.));
#2098=IFCDIRECTION((-1.,0.,0.));
#2099=IFCAXIS2PLACEMENT3D(#2096,#2097,#2098);
#2103=IFCMATERIALPROFILESETUSAGE(#1642,5,$);
#2104=IFCOWNERHISTORY(#3,#12,.READWRITE.,.ADDED.,1788297456,#3,#12,1788297456);
#2105=IFCRELASSOCIATESMATERIAL('1jfG2_2brDjwgEEAg1wsNB',#2104,$,$,(#2094),#2103);
#2106=IFCCARTESIANPOINT((0.,0.,0.));
#2107=IFCDIRECTION((0.,0.,1.));
#2108=IFCDIRECTION((1.,0.,0.));
#2109=IFCAXIS2PLACEMENT3D(#2106,#2107,#2108);
#2110=IFCDIRECTION((0.,0.,1.));
#2111=IFCEXTRUDEDAREASOLID(#1639,#2109,#2110,5.1599999999999966);
#2112=IFCSHAPEREPRESENTATION(#20,'Body','SweptSolid',(#2111));
#2113=IFCPRODUCTDEFINITIONSHAPE($,$,(#2112));
#2114=IFCOWNERHISTORY(#3,#12,.READWRITE.,.MODIFIED.,1788297456,#3,#12,1788297456);
#2115=IFCBEAM('3fYMmoee57yOtYArypA_Nw',#2114,'Reactor Pressure Vessel Support Rack - Beam 3','Conceptual visual support rack; not representative of actual nuclear equipment support design.',$,#2116,#2134,$,$);
#2116=IFCLOCALPLACEMENT($,#2120);
#2117=IFCCARTESIANPOINT((52.579999999999998,52.579999999999998,4.5));
#2118=IFCDIRECTION((-1.,0.,0.));
#2119=IFCDIRECTION((0.,-1.,0.));
#2120=IFCAXIS2PLACEMENT3D(#2117,#2118,#2119);
#2124=IFCMATERIALPROFILESETUSAGE(#1642,5,$);
#2125=IFCOWNERHISTORY(#3,#12,.READWRITE.,.ADDED.,1788297456,#3,#12,1788297456);
#2126=IFCRELASSOCIATESMATERIAL('3yzXTKVyHBR9Tq4ZCD1GVL',#2125,$,$,(#2115),#2124);
#2127=IFCCARTESIANPOINT((0.,0.,0.));
#2128=IFCDIRECTION((0.,0.,1.));
#2129=IFCDIRECTION((1.,0.,0.));
#2130=IFCAXIS2PLACEMENT3D(#2127,#2128,#2129);
#2131=IFCDIRECTION((0.,0.,1.));
#2132=IFCEXTRUDEDAREASOLID(#1639,#2130,#2131,5.1599999999999966);
#2133=IFCSHAPEREPRESENTATION(#20,'Body','SweptSolid',(#2132));
#2134=IFCPRODUCTDEFINITIONSHAPE($,$,(#2133));
#2135=IFCOWNERHISTORY(#3,#12,.READWRITE.,.MODIFIED.,1788297456,#3,#12,1788297456);
#2136=IFCBEAM('2QTCVL3Yf6Sg90nb11ntn8',#2135,'Reactor Pressure Vessel Support Rack - Beam 4','Conceptual visual support rack; not representative of actual nuclear equipment support design.',$,#2137,#2155,$,$);
#2137=IFCLOCALPLACEMENT($,#2141);
#2138=IFCCARTESIANPOINT((47.420000000000002,52.579999999999998,4.5));
#2139=IFCDIRECTION((0.,-1.,0.));
#2140=IFCDIRECTION((1.,0.,-0.));
#2141=IFCAXIS2PLACEMENT3D(#2138,#2139,#2140);
#2145=IFCMATERIALPROFILESETUSAGE(#1642,5,$);
#2146=IFCOWNERHISTORY(#3,#12,.READWRITE.,.ADDED.,1788297456,#3,#12,1788297456);
#2147=IFCRELASSOCIATESMATERIAL('3fRi87yJvAdgrMlmARCH00',#2146,$,$,(#2136),#2145);
#2148=IFCCARTESIANPOINT((0.,0.,0.));
#2149=IFCDIRECTION((0.,0.,1.));
#2150=IFCDIRECTION((1.,0.,0.));
#2151=IFCAXIS2PLACEMENT3D(#2148,#2149,#2150);
#2152=IFCDIRECTION((0.,0.,1.));
#2153=IFCEXTRUDEDAREASOLID(#1639,#2151,#2152,5.1599999999999966);
#2154=IFCSHAPEREPRESENTATION(#20,'Body','SweptSolid',(#2153));
#2155=IFCPRODUCTDEFINITIONSHAPE($,$,(#2154));
ENDSEC;
END-ISO-10303-21;
